CustomerID,FirstName,LastName,Email,Phone,JoinDate
C001,Ashley,Simon,jonathanwatts@hotmail.com,001-724-690-2246,2022-09-23
C002,Allison,Jones,barbaraturner@yahoo.com,(809)166-4627,2023-10-24
C003,Sean,Chavez,cgraham@gmail.com,+1-171-333-7957x8693,2023-07-15
C004,Mark,Michael,nathaniel44@fields.biz,001-197-455-9423,2022-12-31
C005,Jeffrey,Mckenzie,patriciataylor@gmail.com,829.984.6592,2023-11-27
C006,David,Perez,heathersteele@gmail.com,001-001-629-2019,2024-06-19
C007,Lisa,Roth,aclark@yahoo.com,176.413.7982x1882,2023-06-26
C008,Whitney,Murray,andersonrobert@yahoo.com,365.347.9912x5556,2024-05-05
C009,Lindsey,Chandler,andrew64@hall.com,971-228-8795x651,2023-07-27
C010,Victoria,Bridges,ianderson@gmail.com,2451474613,2024-02-17
C011,Grant,Johnson,craighayes@henry.com,(361)578-5948x2490,2024-04-16
C012,Andrew,Griffin,williamsonjennifer@myers.com,537.012.4615,2024-01-11
C013,Patricia,Brady,michaelsexton@mora-wall.com,(734)653-0281x971,2023-12-06
C014,James,Meadows,robertsdana@khan.net,+1-276-752-1380x86163,2024-08-22
C015,Linda,Chandler,andrea45@white.com,+1-358-333-7742,2023-12-31
C016,Brenda,Martin,jim42@vincent.biz,579-703-4828x0258,2024-02-09
C017,Michael,Guzman,ojackson@gates-wilson.com,473.920.7725,2022-10-07
C018,Jeff,Bryan,qwilcox@yahoo.com,024-943-7446,2023-11-09
C019,Jose,Reyes,mary63@yahoo.com,001-586-027-5785,2022-12-10
C020,Michele,Morris,aaron08@ross.biz,154-437-7639,2023-04-27
C021,Robert,Farmer,snydershannon@bennett.com,(125)233-7214,2022-09-24
C022,Peter,Dalton,alexanderrobinson@gmail.com,001-358-945-5318x7562,2023-09-03
C023,James,Jones,dtapia@oneal.biz,208-112-0766x34798,2023-10-10
C024,Cynthia,Lowe,angela79@hotmail.com,(846)791-1817x808,2023-12-20
C025,Trevor,Jones,qpierce@gmail.com,(581)713-7241,2023-02-19
C026,Bobby,Simpson,nguyenjennifer@baird-silva.com,048-140-8508x3461,2024-08-16
C027,Nicole,Evans,thomas28@hotmail.com,(836)352-8149x780,2023-05-29
C028,Christian,Fernandez,stephanie05@hotmail.com,307.236.7374x43433,2023-04-17
C029,Jesus,Young,lisahaney@gmail.com,001-913-140-6786x7024,2024-04-22
C030,Allen,Hurst,andrew41@glass.com,680-991-2671,2024-06-03
C031,Russell,Woods,carol46@yahoo.com,269.545.8773,2023-02-18
C032,Meagan,Cohen,storres@gmail.com,(167)510-5325x02504,2023-03-12
C033,Christopher,Herrera,odomaaron@wood.com,874-212-3823,2022-10-21
C034,Patricia,Mata,nguyennancy@yahoo.com,967-632-2868,2024-02-24
C035,Jennifer,Black,jennifer34@townsend.com,001-070-855-8349,2023-01-11
C036,Sophia,Lewis,lynnrivers@jackson.com,001-717-951-6301x795,2023-12-05
C037,Thomas,Bernard,mcbridestephanie@garcia-richardson.org,001-127-183-4655x601,2023-12-25
C038,Sarah,Walker,iadams@george.com,+1-758-995-0613x380,2022-12-05
C039,Clarence,Arnold,lisa90@boyd.com,001-143-126-9542,2023-07-26
C040,Joseph,Gonzalez,jimeneztracy@king.info,376.319.8720x279,2022-11-11
C041,Brittany,Miller,xfrost@hotmail.com,480-127-7007,2023-06-25
C042,Joseph,Vang,tiffany61@young-morgan.com,(501)078-2900,2023-01-26
C043,John,Johnson,chasechristopher@hotmail.com,+1-340-417-4440,2024-01-27
C044,Christy,Little,jennifer68@hotmail.com,001-761-768-6081x679,2023-05-24
C045,Michael,Kelly,yhayes@macdonald.com,524-813-5666x3860,2023-08-30
C046,Jordan,Walker,catherine57@yahoo.com,6639908029,2023-07-03
C047,Sarah,Kline,thomasemily@kim-sweeney.net,697-507-3584x98824,2024-01-16
C048,Steven,Singleton,hopkinschristine@yahoo.com,738-149-6542x816,2023-10-29
C049,Johnny,Valdez,nmacdonald@robinson-gomez.com,345.211.5236x6379,2023-05-23
C050,Michael,White,hannahmiller@richard.com,(624)446-7024x386,2023-03-04
C051,Sarah,Cain,ericdavis@torres.com,+1-637-666-5041x37624,2023-09-20
C052,Stephen,Brown,elizabeth66@gmail.com,8940341414,2024-06-27
C053,Mary,Silva,ericjoseph@vasquez.com,204.872.7246x41376,2023-09-02
C054,Peter,Sanders,bethbryant@yahoo.com,823.286.0759x44370,2024-07-26
C055,Daniel,Jones,harringtontina@harris-rodriguez.com,(117)057-9996x48026,2024-04-06
C056,Emily,Morgan,evanscaroline@gray.com,001-197-960-5650,2023-10-07
C057,Nathan,Stafford,halllisa@gmail.com,+1-972-263-7827x7602,2023-07-21
C058,Catherine,Baker,vwilliams@mcmillan.net,(279)949-8819,2024-08-06
C059,Juan,Clark,adrienne86@hotmail.com,4275342839,2023-07-08
C060,Vicki,Rice,rtorres@yahoo.com,(325)664-3219,2024-06-07
C061,Charles,Leblanc,bishopmonica@gmail.com,(543)787-9380x265,2023-11-06
C062,Chelsea,Herrera,kinganthony@marsh.biz,(790)824-3038x376,2023-07-16
C063,Kathleen,Lewis,christopher28@chen.org,4005552526,2024-05-28
C064,Tami,Mcdonald,wilkinsonkimberly@hayes-jordan.com,001-162-454-4404x9973,2023-02-12
C065,Jennifer,Miller,meyerspeter@hotmail.com,+1-212-469-4658x74027,2023-02-26
C066,Ricky,Lucas,vlindsey@yahoo.com,164.120.2341x35140,2024-01-23
C067,Matthew,Reeves,james57@hotmail.com,055-241-1447x3717,2023-11-23
C068,Ashley,Williams,wlewis@joseph.com,919-985-9736x207,2022-10-07
C069,Kyle,Williams,tina33@gmail.com,001-724-603-9122x880,2023-04-30
C070,Angela,Waller,christopher18@yahoo.com,(827)518-9206,2024-07-31
C071,Sarah,Wallace,adamsadam@yahoo.com,(696)884-7900x944,2023-09-11
C072,Michelle,Webster,eileenprice@gray.org,+1-709-013-0550,2023-08-06
C073,Robert,Bell,elizabethrodriguez@yahoo.com,289.119.8807,2023-08-03
C074,Tiffany,Mason,julia26@gmail.com,710.438.8775,2023-12-02
C075,James,Callahan,baileydarren@yahoo.com,(677)062-1747x093,2022-11-24
C076,Jennifer,Davis,david69@hotmail.com,412-121-7676x6133,2023-09-05
C077,David,Pope,kimberlycarlson@gmail.com,397.312.6323x2975,2024-06-21
C078,Wendy,Herring,paynenicole@yahoo.com,(118)134-2565,2022-09-27
C079,David,Turner,michael67@hill.com,814-229-1519,2023-08-08
C080,Hailey,Moon,jhoward@garza.org,(319)506-8965x68252,2024-07-16
C081,Brenda,Torres,brooke27@jimenez.com,975-357-5115x1808,2023-06-02
C082,Alexa,Ford,wlewis@yahoo.com,714.957.5316,2023-04-13
C083,Heather,Andersen,djacobs@hotmail.com,292-567-1104,2023-12-01
C084,Veronica,Taylor,stricklandjustin@williamson.biz,(427)258-4688x8351,2024-01-16
C085,Jessica,Wilson,dawn37@yahoo.com,113.144.2033x851,2024-02-05
C086,Howard,Thompson,cunninghamcatherine@gmail.com,664-908-5867x453,2024-02-01
C087,Leah,Bell,hrojas@gmail.com,137-766-1628,2022-12-14
C088,Michael,Evans,iwhite@kirby.org,(567)134-0574x9569,2023-06-11
C089,Jeffrey,Martin,kingnicole@gmail.com,176-489-5269,2024-01-15
C090,Alicia,Ramirez,mark62@gmail.com,(681)757-3884x70712,2023-10-05
C091,Matthew,Abbott,andrew52@hotmail.com,(156)776-2727,2024-05-02
C092,Laura,Mcmillan,mtrujillo@yahoo.com,545-519-6865,2023-12-24
C093,Joshua,Davidson,anna10@hotmail.com,001-512-549-0878,2023-05-04
C094,Diane,Andersen,eugene08@gmail.com,001-153-771-1720x4102,2023-11-21
C095,Michael,Stout,lisa24@montoya-mills.com,456-999-4512,2024-07-28
C096,Scott,Jones,christopherhenderson@monroe.com,(679)369-2082x0549,2023-05-02
C097,Nicole,Kennedy,ojuarez@hotmail.com,053-881-1529x8245,2023-09-21
C098,Steven,Valencia,hvalencia@gmail.com,(183)268-8528,2024-04-13
C099,Eric,Wright,brianwilliams@gmail.com,001-957-859-3052x013,2023-05-11
C100,Daniel,Martin,clarkrichard@rice.com,001-776-059-1387x3562,2024-04-10
