ProductID,Name,Category,Price
PR001,Expanded leadingedge success,Mobile,355.92
PR002,Compatible bifurcated capability,Broadband,123.17
PR003,Phased global open architecture,Broadband,142.07
PR004,Down-sized 6thgeneration firmware,Mobile,318.06
PR005,Implemented non-volatile complexity,TV,369.35
PR006,Universal even-keeled middleware,Mobile,307.7
PR007,Vision-oriented asynchronous forecast,Broadband,149.61
PR008,Extended uniform solution,TV,351.73
PR009,Self-enabling radical middleware,Broadband,275.95
PR010,Balanced multimedia array,Mobile,279.73
PR011,Inverse reciprocal application,TV,32.45
PR012,Multi-layered motivating service-desk,Broadband,403.39
PR013,Re-engineered dynamic synergy,TV,353.0
PR014,Reduced value-added support,TV,437.8
PR015,Universal intermediate support,Broadband,126.35
PR016,Enterprise-wide maximized forecast,Broadband,334.48
PR017,Grass-roots static help-desk,Broadband,108.39
PR018,Mandatory holistic access,TV,260.06
PR019,Grass-roots stable attitude,Broadband,288.09
PR020,Innovative analyzing budgetary management,Mobile,140.75
PR021,Synergistic content-based throughput,Broadband,199.36
PR022,Open-architected bi-directional productivity,Mobile,302.95
PR023,Advanced logistical conglomeration,TV,340.75
PR024,Secured background projection,Mobile,21.88
PR025,Public-key executive open system,Broadband,193.73
PR026,Cross-group object-oriented data-warehouse,Broadband,472.59
PR027,Polarized dedicated knowledge user,Broadband,334.25
PR028,Horizontal clear-thinking budgetary management,TV,358.01
PR029,Polarized optimizing protocol,Broadband,334.4
PR030,Distributed responsive function,Mobile,166.54
PR031,De-engineered web-enabled artificial intelligence,Broadband,198.27
PR032,Reduced 6thgeneration hardware,Broadband,403.91
PR033,Future-proofed attitude-oriented migration,Mobile,403.87
PR034,Upgradable multimedia portal,TV,286.94
PR035,Monitored even-keeled ability,Mobile,166.38
PR036,Synchronized explicit process improvement,Broadband,132.76
PR037,Phased next generation superstructure,TV,84.03
PR038,Extended composite implementation,TV,79.36
PR039,Profit-focused local Internet solution,TV,216.33
PR040,Business-focused optimizing circuit,Mobile,137.92
PR041,Versatile well-modulated pricing structure,Mobile,140.3
PR042,Cross-group fresh-thinking Local Area Network,Broadband,92.31
PR043,User-friendly actuating methodology,TV,420.51
PR044,Intuitive eco-centric hub,Broadband,173.89
PR045,Proactive uniform core,Broadband,176.28
PR046,Reactive client-driven challenge,Mobile,185.28
PR047,Optimized systematic benchmark,Mobile,401.11
PR048,Operative high-level analyzer,Mobile,412.16
PR049,Centralized eco-centric help-desk,Mobile,402.09
PR050,Extended optimizing throughput,Broadband,197.14
PR051,Configurable grid-enabled standardization,Broadband,211.3
PR052,Seamless intangible Graphical User Interface,Broadband,312.78
PR053,Focused didactic complexity,Mobile,298.62
PR054,Grass-roots context-sensitive contingency,Broadband,25.14
PR055,Vision-oriented real-time analyzer,Mobile,80.0
PR056,Centralized optimal paradigm,Mobile,427.29
PR057,Customizable bi-directional benchmark,Mobile,262.01
PR058,Versatile grid-enabled migration,Mobile,319.34
PR059,Innovative even-keeled encoding,Broadband,490.13
PR060,Secured bandwidth-monitored instruction set,Mobile,51.4
PR061,Stand-alone 4thgeneration instruction set,TV,241.7
PR062,Extended executive implementation,Mobile,80.93
PR063,Persevering intangible encryption,Mobile,196.47
PR064,Visionary system-worthy implementation,Broadband,346.28
PR065,Customizable bi-directional protocol,TV,366.91
PR066,Ergonomic didactic task-force,Mobile,215.79
PR067,Multi-layered encompassing database,Mobile,292.61
PR068,Expanded asynchronous attitude,Broadband,264.03
PR069,Advanced fault-tolerant parallelism,Mobile,437.61
PR070,Enhanced bi-directional Graphical User Interface,Broadband,323.87
PR071,Extended high-level customer loyalty,Broadband,153.06
PR072,Public-key upward-trending migration,Broadband,136.48
PR073,Enhanced system-worthy structure,TV,476.38
PR074,Public-key composite projection,Broadband,58.79
PR075,Compatible clear-thinking parallelism,Mobile,188.04
PR076,Horizontal executive model,Mobile,355.02
PR077,Streamlined actuating open system,Mobile,10.98
PR078,Face-to-face discrete budgetary management,TV,140.72
PR079,Grass-roots multi-tasking circuit,TV,258.33
PR080,Assimilated asymmetric knowledge user,TV,29.88
PR081,Devolved clear-thinking portal,Mobile,434.31
PR082,Diverse actuating time-frame,Broadband,29.92
PR083,Open-architected radical Graphic Interface,Broadband,273.88
PR084,Robust asymmetric budgetary management,TV,393.39
PR085,Team-oriented full-range orchestration,Mobile,241.71
PR086,Intuitive explicit standardization,Mobile,244.43
PR087,Enterprise-wide bandwidth-monitored algorithm,TV,53.01
PR088,Cross-group background data-warehouse,Mobile,268.67
PR089,Secured encompassing budgetary management,Mobile,276.84
PR090,Stand-alone directional frame,Mobile,192.98
PR091,Secured eco-centric artificial intelligence,Mobile,275.98
PR092,Future-proofed incremental collaboration,Mobile,289.19
PR093,Fully-configurable secondary algorithm,Broadband,471.87
PR094,Customizable executive synergy,Mobile,242.45
PR095,Progressive client-driven matrices,Broadband,388.78
PR096,Distributed 4thgeneration middleware,Mobile,308.05
PR097,Fully-configurable neutral attitude,TV,468.65
PR098,Assimilated regional middleware,TV,228.33
PR099,Extended impactful productivity,Mobile,288.31
PR100,Open-source national encryption,Broadband,274.11
