BillingID,CustomerID,ItemDescription,Amount,BillingDate
B001,C001,Total 4thgeneration workforce,339.49,2024-05-13
B002,C002,Managed scalable implementation,145.57,2024-06-09
B003,C003,Focused grid-enabled open architecture,415.91,2024-05-23
B004,C004,User-centric incremental Local Area Network,417.74,2024-01-31
B005,C005,Optimized actuating frame,155.34,2024-08-22
B006,C006,Streamlined scalable support,499.69,2024-06-20
B007,C007,Public-key clear-thinking implementation,371.5,2024-05-29
B008,C008,Compatible systemic benchmark,454.4,2024-03-17
B009,C009,Exclusive systemic installation,221.61,2024-02-05
B010,C010,Reduced asynchronous Local Area Network,65.9,2024-06-08
B011,C011,Vision-oriented intermediate implementation,49.29,2024-08-05
B012,C012,Synchronized demand-driven customer loyalty,490.38,2024-03-28
B013,C013,Persevering national task-force,256.27,2024-05-14
B014,C014,Programmable client-driven implementation,40.88,2024-07-13
B015,C015,Integrated modular contingency,438.0,2024-04-05
B016,C016,Automated motivating projection,49.31,2024-03-02
B017,C017,Triple-buffered background definition,439.88,2024-05-24
B018,C018,Open-architected next generation array,363.24,2024-03-19
B019,C019,Function-based eco-centric emulation,308.89,2024-03-05
B020,C020,De-engineered responsive Graphical User Interface,331.76,2024-04-04
B021,C021,Centralized local capability,412.55,2024-05-16
B022,C022,Team-oriented bandwidth-monitored definition,50.51,2024-02-20
B023,C023,Realigned impactful superstructure,407.22,2024-03-20
B024,C024,Integrated 5thgeneration forecast,80.35,2024-01-13
B025,C025,Compatible dedicated customer loyalty,111.74,2024-02-14
B026,C026,Assimilated global software,106.74,2024-05-27
B027,C027,Inverse solution-oriented toolset,86.86,2024-04-07
B028,C028,Re-contextualized dedicated neural-net,40.79,2024-04-10
B029,C029,Versatile 4thgeneration function,122.34,2024-05-16
B030,C030,Distributed scalable Graphic Interface,109.42,2024-05-01
B031,C031,Implemented uniform capability,193.02,2024-03-29
B032,C032,Face-to-face analyzing complexity,160.7,2024-06-01
B033,C033,Enterprise-wide coherent concept,201.73,2024-08-17
B034,C034,Visionary transitional adapter,111.67,2024-04-24
B035,C035,Total 6thgeneration strategy,433.76,2024-07-17
B036,C036,Expanded dedicated hierarchy,19.64,2024-03-10
B037,C037,Right-sized systemic instruction set,240.49,2024-02-21
B038,C038,Face-to-face optimal matrices,353.93,2024-04-18
B039,C039,Automated heuristic matrices,295.81,2024-03-14
B040,C040,Vision-oriented transitional matrices,138.46,2024-05-03
B041,C041,Open-architected optimizing frame,101.45,2024-08-26
B042,C042,Operative empowering core,498.58,2024-06-08
B043,C043,Expanded even-keeled structure,463.61,2024-04-08
B044,C044,Diverse multi-state algorithm,34.34,2024-05-27
B045,C045,Face-to-face explicit Internet solution,340.65,2024-04-10
B046,C046,Self-enabling solution-oriented portal,200.22,2024-01-15
B047,C047,Assimilated heuristic encryption,117.75,2024-04-13
B048,C048,Centralized leadingedge emulation,467.87,2024-07-13
B049,C049,Upgradable mobile matrices,244.72,2024-02-06
B050,C050,Versatile interactive hardware,243.93,2024-06-01
B051,C051,Integrated 4thgeneration encoding,141.61,2024-04-15
B052,C052,Realigned asymmetric customer loyalty,208.94,2024-04-22
B053,C053,Extended user-facing database,401.02,2024-01-05
B054,C054,Decentralized object-oriented moderator,427.64,2024-06-03
B055,C055,Distributed mission-critical workforce,430.57,2024-02-11
B056,C056,Cross-group web-enabled success,67.23,2024-02-08
B057,C057,Polarized full-range task-force,83.86,2024-07-29
B058,C058,Team-oriented systemic model,436.48,2024-06-19
B059,C059,Digitized needs-based info-mediaries,219.39,2024-01-25
B060,C060,Re-engineered real-time database,49.52,2024-01-15
B061,C061,Total contextually-based policy,114.44,2024-03-11
B062,C062,Pre-emptive holistic task-force,194.08,2024-05-21
B063,C063,Ergonomic hybrid product,468.96,2024-03-14
B064,C064,Intuitive heuristic hierarchy,406.03,2024-06-13
B065,C065,Monitored even-keeled data-warehouse,293.11,2024-08-26
B066,C066,Mandatory scalable circuit,196.83,2024-03-28
B067,C067,Adaptive bi-directional Graphical User Interface,284.63,2024-05-06
B068,C068,Assimilated logistical pricing structure,379.64,2024-08-20
B069,C069,Synchronized zero administration product,428.48,2024-04-02
B070,C070,Multi-tiered cohesive productivity,269.8,2024-08-03
B071,C071,Upgradable directional throughput,187.95,2024-04-06
B072,C072,Cloned impactful paradigm,283.2,2024-02-26
B073,C073,User-friendly multimedia conglomeration,369.35,2024-05-16
B074,C074,Persevering optimizing model,345.74,2024-01-28
B075,C075,Pre-emptive neutral workforce,35.09,2024-01-07
B076,C076,Configurable executive firmware,231.89,2024-05-02
B077,C077,Synergistic multimedia info-mediaries,148.44,2024-04-05
B078,C078,Synergistic fault-tolerant Graphic Interface,466.56,2024-07-15
B079,C079,Visionary dedicated open architecture,24.77,2024-01-22
B080,C080,Ameliorated 24/7 architecture,143.85,2024-01-23
B081,C081,Open-source bi-directional matrix,453.29,2024-05-18
B082,C082,Customizable logistical solution,484.13,2024-02-12
B083,C083,Robust interactive paradigm,401.52,2024-02-05
B084,C084,Seamless mobile Graphic Interface,373.52,2024-03-06
B085,C085,Universal static benchmark,157.43,2024-04-25
B086,C086,Customer-focused uniform portal,98.99,2024-07-30
B087,C087,Stand-alone modular benchmark,41.89,2024-08-28
B088,C088,Decentralized actuating artificial intelligence,299.66,2024-03-11
B089,C089,Enhanced interactive emulation,100.61,2024-02-14
B090,C090,Assimilated heuristic array,166.9,2024-05-26
B091,C091,Cloned bifurcated Local Area Network,429.19,2024-03-30
B092,C092,Multi-lateral background task-force,338.37,2024-07-09
B093,C093,Balanced didactic superstructure,431.7,2024-02-13
B094,C094,Up-sized clear-thinking frame,210.65,2024-06-21
B095,C095,Customizable 3rdgeneration focus group,45.33,2024-03-14
B096,C096,Reduced fresh-thinking time-frame,432.43,2024-03-02
B097,C097,Re-contextualized discrete project,267.25,2024-02-23
B098,C098,Balanced national Internet solution,167.12,2024-05-16
B099,C099,Diverse 24hour superstructure,325.88,2024-07-04
B100,C100,Multi-layered foreground database,407.7,2024-04-28
