PaymentID,CustomerID,Amount,PaymentDate,Method
P001,C001,283.41,2024-04-23,Debit Card
P002,C002,140.95,2024-02-12,Bank Transfer
P003,C003,318.4,2024-04-04,Bank Transfer
P004,C004,215.22,2024-03-26,Credit Card
P005,C005,12.44,2024-07-03,Credit Card
P006,C006,188.91,2024-07-19,Credit Card
P007,C007,365.83,2024-06-07,Credit Card
P008,C008,399.65,2024-04-10,Debit Card
P009,C009,345.37,2024-06-11,Debit Card
P010,C010,364.4,2024-06-10,Bank Transfer
P011,C011,152.13,2024-08-07,Credit Card
P012,C012,345.27,2024-01-28,Bank Transfer
P013,C013,497.91,2024-02-07,Debit Card
P014,C014,352.87,2024-03-10,Credit Card
P015,C015,311.32,2024-06-21,Credit Card
P016,C016,112.56,2024-08-29,Debit Card
P017,C017,334.39,2024-05-26,Bank Transfer
P018,C018,312.51,2024-06-11,Debit Card
P019,C019,125.75,2024-04-02,Bank Transfer
P020,C020,454.49,2024-03-23,Credit Card
P021,C021,441.74,2024-03-08,Debit Card
P022,C022,276.99,2024-03-25,Bank Transfer
P023,C023,405.33,2024-02-05,Bank Transfer
P024,C024,366.25,2024-02-17,Credit Card
P025,C025,477.46,2024-07-15,Debit Card
P026,C026,63.52,2024-08-05,Debit Card
P027,C027,267.38,2024-05-02,Bank Transfer
P028,C028,287.88,2024-04-21,Bank Transfer
P029,C029,27.1,2024-08-12,Debit Card
P030,C030,288.46,2024-01-03,Bank Transfer
P031,C031,13.04,2024-03-11,Debit Card
P032,C032,213.65,2024-05-29,Credit Card
P033,C033,81.72,2024-05-24,Bank Transfer
P034,C034,113.54,2024-06-23,Bank Transfer
P035,C035,275.33,2024-02-22,Credit Card
P036,C036,361.43,2024-08-10,Credit Card
P037,C037,196.83,2024-04-27,Credit Card
P038,C038,154.2,2024-05-14,Bank Transfer
P039,C039,462.04,2024-01-23,Debit Card
P040,C040,320.87,2024-06-09,Credit Card
P041,C041,447.92,2024-08-05,Debit Card
P042,C042,105.87,2024-03-13,Bank Transfer
P043,C043,282.59,2024-04-03,Bank Transfer
P044,C044,180.53,2024-02-10,Credit Card
P045,C045,41.74,2024-08-09,Credit Card
P046,C046,76.2,2024-04-11,Debit Card
P047,C047,254.85,2024-05-25,Debit Card
P048,C048,288.38,2024-05-22,Debit Card
P049,C049,209.96,2024-05-02,Bank Transfer
P050,C050,213.42,2024-04-11,Bank Transfer
P051,C051,436.89,2024-07-31,Bank Transfer
P052,C052,426.52,2024-03-17,Credit Card
P053,C053,303.08,2024-01-01,Debit Card
P054,C054,131.17,2024-05-27,Debit Card
P055,C055,257.69,2024-03-02,Bank Transfer
P056,C056,94.54,2024-03-28,Bank Transfer
P057,C057,54.99,2024-03-05,Bank Transfer
P058,C058,468.09,2024-03-29,Bank Transfer
P059,C059,292.56,2024-01-20,Bank Transfer
P060,C060,213.64,2024-06-17,Debit Card
P061,C061,491.0,2024-08-12,Bank Transfer
P062,C062,344.35,2024-08-14,Credit Card
P063,C063,85.82,2024-05-27,Credit Card
P064,C064,258.04,2024-08-01,Debit Card
P065,C065,380.83,2024-05-17,Bank Transfer
P066,C066,464.13,2024-01-31,Credit Card
P067,C067,133.9,2024-04-03,Credit Card
P068,C068,29.13,2024-06-11,Bank Transfer
P069,C069,27.04,2024-07-08,Debit Card
P070,C070,152.02,2024-07-12,Bank Transfer
P071,C071,362.05,2024-07-18,Credit Card
P072,C072,223.0,2024-05-14,Credit Card
P073,C073,449.58,2024-02-07,Bank Transfer
P074,C074,487.23,2024-02-22,Debit Card
P075,C075,263.22,2024-07-10,Credit Card
P076,C076,117.41,2024-04-27,Bank Transfer
P077,C077,429.95,2024-07-28,Debit Card
P078,C078,136.55,2024-07-08,Credit Card
P079,C079,129.33,2024-03-22,Bank Transfer
P080,C080,423.34,2024-08-08,Credit Card
P081,C081,388.79,2024-08-22,Debit Card
P082,C082,118.04,2024-02-16,Credit Card
P083,C083,281.18,2024-08-13,Bank Transfer
P084,C084,133.39,2024-05-05,Debit Card
P085,C085,316.55,2024-04-01,Bank Transfer
P086,C086,185.18,2024-03-22,Bank Transfer
P087,C087,187.34,2024-05-10,Debit Card
P088,C088,170.51,2024-04-21,Credit Card
P089,C089,233.13,2024-08-29,Credit Card
P090,C090,137.29,2024-03-16,Debit Card
P091,C091,290.37,2024-07-10,Credit Card
P092,C092,44.2,2024-05-04,Debit Card
P093,C093,477.12,2024-07-01,Credit Card
P094,C094,218.64,2024-01-10,Bank Transfer
P095,C095,436.3,2024-05-20,Bank Transfer
P096,C096,267.32,2024-08-04,Bank Transfer
P097,C097,388.54,2024-04-17,Credit Card
P098,C098,311.62,2024-03-17,Debit Card
P099,C099,496.64,2024-08-08,Credit Card
P100,C100,459.4,2024-01-08,Credit Card
