InteractionID,CustomerID,IssueType,ResolutionTime,SatisfactionScore
I001,C001,Technical,11,1
I002,C002,Technical,23,3
I003,C003,Billing,20,1
I004,C004,Account,11,2
I005,C005,Account,12,1
I006,C006,Billing,10,1
I007,C007,Account,20,2
I008,C008,Technical,18,3
I009,C009,Technical,19,2
I010,C010,Billing,22,4
I011,C011,Technical,10,3
I012,C012,Technical,4,5
I013,C013,Billing,5,4
I014,C014,Billing,14,4
I015,C015,Technical,11,3
I016,C016,Account,15,2
I017,C017,Technical,1,1
I018,C018,Technical,9,1
I019,C019,Billing,8,3
I020,C020,Billing,20,4
I021,C021,Technical,6,2
I022,C022,Technical,17,1
I023,C023,Technical,6,3
I024,C024,Billing,16,2
I025,C025,Technical,11,4
I026,C026,Technical,23,5
I027,C027,Billing,6,1
I028,C028,Billing,18,3
I029,C029,Account,24,3
I030,C030,Technical,19,2
I031,C031,Technical,14,3
I032,C032,Billing,24,1
I033,C033,Billing,2,2
I034,C034,Technical,19,4
I035,C035,Account,13,3
I036,C036,Account,4,4
I037,C037,Account,1,2
I038,C038,Billing,18,5
I039,C039,Account,16,4
I040,C040,Billing,18,5
I041,C041,Account,17,5
I042,C042,Billing,8,1
I043,C043,Billing,5,3
I044,C044,Billing,3,5
I045,C045,Technical,23,4
I046,C046,Account,16,3
I047,C047,Billing,13,4
I048,C048,Technical,4,1
I049,C049,Technical,16,2
I050,C050,Billing,5,1
I051,C051,Billing,8,1
I052,C052,Billing,16,1
I053,C053,Billing,9,1
I054,C054,Account,24,3
I055,C055,Billing,8,4
I056,C056,Account,24,5
I057,C057,Account,8,4
I058,C058,Account,3,1
I059,C059,Account,5,3
I060,C060,Technical,15,4
I061,C061,Technical,16,2
I062,C062,Account,24,5
I063,C063,Technical,9,4
I064,C064,Billing,21,1
I065,C065,Account,5,5
I066,C066,Billing,3,4
I067,C067,Account,10,1
I068,C068,Account,2,3
I069,C069,Technical,23,2
I070,C070,Billing,12,2
I071,C071,Billing,9,1
I072,C072,Billing,24,2
I073,C073,Billing,5,1
I074,C074,Billing,22,1
I075,C075,Technical,10,4
I076,C076,Technical,2,3
I077,C077,Account,7,4
I078,C078,Account,13,5
I079,C079,Technical,1,4
I080,C080,Billing,20,3
I081,C081,Account,6,2
I082,C082,Technical,13,5
I083,C083,Technical,18,2
I084,C084,Billing,11,3
I085,C085,Billing,6,3
I086,C086,Account,15,2
I087,C087,Technical,8,2
I088,C088,Billing,6,2
I089,C089,Billing,18,2
I090,C090,Billing,13,2
I091,C091,Billing,20,1
I092,C092,Technical,22,3
I093,C093,Billing,4,2
I094,C094,Technical,22,4
I095,C095,Technical,6,5
I096,C096,Account,15,5
I097,C097,Billing,17,5
I098,C098,Technical,5,5
I099,C099,Account,19,4
I100,C100,Billing,23,2
