IssueID,Description,Category
IS001,Serious ago under when follow magazine mission have.,Billing
IS002,Across others beat plan common.,Technical
IS003,Perhaps really professional who onto yes.,Billing
IS004,Behind assume produce factor.,Billing
IS005,Stage skin theory sing.,Account
IS006,Fire two until must office after.,Account
IS007,Experience challenge others goal person.,Technical
IS008,Thank end either action three.,Billing
IS009,Those control include from word far.,Account
IS010,Performance surface everyone job.,Technical
