CustomerID,ComplaintType,ResolutionTime,SatisfactionRating
d3a9a5c5-d3ac-4997-9474-08f53889ac6d,Service Quality,5,3
29765175-8ab4-436a-800a-e043d2649c8d,Service Quality,6,2
d5c089ac-29ee-45f0-b952-7969373b9539,Network Issue,4,1
836e4640-ad56-4c5a-9ea8-5666e76388a3,Billing Dispute,2,2
c8ef4562-723b-410a-bb98-f70b130b5851,Billing Dispute,3,2
d81525e5-b933-4ee2-ae4c-a5623f99cc7d,Network Issue,2,2
7c00442e-d4ba-4d23-afd7-13d103064a7b,Network Issue,2,3
9830676c-1ee7-445d-b97e-0a084aae68bc,Billing Dispute,2,2
a60e1057-3f95-45e9-9f32-51e01b0812b4,Service Quality,7,3
22457334-16b0-4add-9dd4-842761d36633,Service Quality,6,2
f0088b75-317c-4b4e-a380-36307cac346d,Network Issue,6,4
07f2c0b9-527d-4bf5-ae6b-f9e6a9d8f12c,Service Quality,5,3
caa70afd-44c1-4775-98de-4508f13cf38c,Network Issue,7,1
8e3605a7-ab64-44d5-8cb7-9aaf1b29eb39,Service Quality,3,5
35d95f77-85b5-4893-a89b-6c5df414adf3,Billing Dispute,1,5
ffd60f1c-f508-4d39-87dd-ed02da2379cb,Network Issue,2,2
8f078f1c-51c4-4a70-a72b-ed54176a8f38,Billing Dispute,3,3
9d8c70a3-018c-4beb-9918-460d8236e499,Billing Dispute,4,2
574099eb-a0d6-499b-9d0d-f6e953a5f650,Network Issue,5,4
81838737-86c7-42a2-a961-304cba390d19,Network Issue,7,5
f2fa4cff-2ac8-4556-ac40-c1ede80fd151,Billing Dispute,2,4
ed0f6734-e61a-427f-9ca3-ab2ebc233bdc,Billing Dispute,7,3
2fceff01-a5e4-4163-824a-f0119f738d78,Billing Dispute,7,2
a6c38068-4742-4019-a1dc-93157e0dd38c,Service Quality,7,1
f083454e-fc3c-49a8-a7b6-f89126448f3c,Billing Dispute,4,2
9ff24d24-d1f1-4e1b-8fbe-2338fa218769,Network Issue,3,4
9f7612dc-d413-44d3-9970-0045d8da214b,Billing Dispute,5,3
159dd20c-14b1-475c-9809-6f186b9fbdcf,Billing Dispute,2,2
93ec5545-d39b-4214-bf81-5de0c681049b,Network Issue,1,1
c714748a-423c-4042-86a4-c245ca84d036,Billing Dispute,3,4
a97202b2-da2a-4fdc-9aa8-51a5f651d7fb,Billing Dispute,1,1
ea07a7a8-0796-4872-9c23-accb4ee618f3,Billing Dispute,6,3
be7454f9-7630-40c7-8991-b754f3b16bd4,Service Quality,3,4
b163be09-b0e7-40da-aa56-e9146cb28c07,Service Quality,1,5
38699b01-2882-4ef3-a4f5-2b140e226273,Service Quality,7,4
4ac948bc-79b0-4fc3-8fe5-31895f2cec9e,Service Quality,1,2
b8672d37-b58c-4331-a9e7-4fa06f30e9eb,Network Issue,7,5
886eb52b-17c7-414d-8238-e613b58f599e,Billing Dispute,2,4
e02e6861-01a9-4e48-bebf-69b2be6c439a,Billing Dispute,6,1
0b48f223-ba4a-4e19-b753-616b56c5e6c7,Billing Dispute,3,4
0e586a0a-29c7-4f27-8870-f2da23e34300,Billing Dispute,4,4
e0aa4199-18cb-49c0-8606-6a5744f6746d,Network Issue,4,5
754f95aa-de57-441e-984a-1b39bf042e2c,Service Quality,2,2
d629851b-7b7a-476b-9dc4-1427158ad8e6,Service Quality,6,4
995303c7-e620-4744-9750-f2e0eacaa0f0,Service Quality,5,5
c24e59c1-2504-483f-8d61-2eeb3b93f77d,Billing Dispute,7,3
2fcd0c82-7395-4ef5-a022-c17c27885c2c,Billing Dispute,5,5
85fff740-5300-451b-b4a3-2def7830f2a0,Service Quality,7,5
64cbfe59-392e-4ab4-8441-ed992822e5b8,Service Quality,4,1
5e115a02-f545-4197-83ef-fdc9999713ea,Network Issue,2,1
bca6b33c-b202-42ac-880c-9df53cfb3dad,Service Quality,7,2
3c095552-9891-4c87-8af3-7f7df93912df,Network Issue,5,4
64662976-b628-44d8-99c7-480ca0a242d7,Network Issue,2,1
e8749917-85c2-43c4-95ab-b54fe4e5ee2f,Network Issue,1,4
14aeed61-5ad3-4025-9eb0-974dd5cfe447,Network Issue,1,4
8392cd7c-4a88-4c46-9083-05b6672c495a,Service Quality,6,5
a769d98b-02a6-445e-b31a-28b7f166f35a,Service Quality,2,4
d46ce70c-c8e5-4bb9-8f72-ed0805da414f,Billing Dispute,7,5
37890cb0-0893-40d5-bd96-81d22639ecc0,Billing Dispute,2,3
5df91217-a0b1-4e0e-b505-4b9e02fb4a27,Service Quality,1,5
ffb813e7-1a75-4efd-abab-7bf79cd0eac1,Billing Dispute,5,2
de230f20-6704-4b96-a283-fd6bcfa28629,Service Quality,5,3
1c37f849-3ce7-4aaa-8e3f-93e300c320c9,Billing Dispute,6,2
62726974-8c0a-4bc8-91e3-3d6e4e3d0caf,Service Quality,3,3
bb802fec-f290-47e9-8a2b-c866d87d4139,Service Quality,4,2
d1a80360-7c8c-4f0b-87ff-e081ed93acd8,Network Issue,7,3
31178f53-7eb2-46cd-9cd2-c86b467dd35d,Service Quality,4,4
81467de3-937f-4b7a-ac09-5659d14442be,Billing Dispute,4,2
fc4f412d-992f-4a74-8d16-7496c32f1790,Service Quality,1,5
d8d87402-c000-40e5-9032-87bb1352ae81,Service Quality,3,1
3baf5329-b5e6-44d5-9e39-9335dfe01969,Network Issue,2,5
efa099d4-4d6d-48b5-909c-47ba190561e9,Billing Dispute,7,1
8d86df87-0476-4b91-a9bf-72f841c932c9,Billing Dispute,2,5
21e86aab-62a6-4134-bc1e-55a9fdaea2ba,Billing Dispute,5,1
4e74640a-f512-451d-ad5c-6f406aa6407f,Network Issue,1,3
2b9dbc70-fde6-48bf-9f82-7b6c1101d615,Service Quality,2,1
f04e2a45-926f-4490-b863-fd3444f3c358,Billing Dispute,2,4
c5e0d384-3343-46e7-b668-af1f3c716d7d,Billing Dispute,2,1
0b951109-f962-406f-8be4-073f7d4b6077,Service Quality,2,4
71445691-8eaa-499c-8932-be1782c70399,Billing Dispute,1,3
efced3ec-2485-41b4-bdb9-74e7498988fd,Network Issue,6,3
c16eadd8-ea07-49ec-8f86-3cac753e8456,Network Issue,1,3
d9f535d7-03c0-4c03-aee7-ada6ce5ed146,Service Quality,3,1
080ae3de-e1b5-48aa-b99c-bbb35b0a56a6,Network Issue,6,4
a992e677-9158-45be-8c4f-a1bf54e9a14f,Service Quality,6,2
d4b39ef6-1dd0-46d0-94cd-7a32ac9a8227,Billing Dispute,4,1
8f299cce-9df0-4ecd-ae95-0e77dc81334c,Service Quality,4,3
28c993a0-bc82-45ac-b2a5-df9a505676d2,Billing Dispute,3,3
efd38b88-7df9-4625-afa6-8093add52a94,Billing Dispute,2,4
e1ec76d9-95f2-41f5-bd01-9a254eb22f70,Network Issue,6,1
4c701831-e0e1-4dd6-a5bd-6ead2349e55e,Service Quality,7,5
a83a9251-d9d0-43e8-b551-287cb6ba4bea,Network Issue,2,5
f0ed42df-9d3f-4818-a489-79238506b6d1,Network Issue,4,5
78bddcd5-d731-4b62-8f4e-f578ece07364,Billing Dispute,3,4
8bd26eca-ea11-4f5f-93ba-bec3fd0b5c62,Network Issue,6,1
a80f9f64-b09d-4dd0-9273-fd20a87a509f,Network Issue,1,2
f41ae1a7-6b3b-4a51-a14e-5d4179b24e97,Service Quality,7,2
55e64bcf-3947-4598-83f7-b47c144705f2,Network Issue,2,5
607690d8-c640-4c5f-b69c-ee5aa44c7f7e,Billing Dispute,3,5
918e9a58-0141-4dd8-b3ee-1e16eae27c9e,Network Issue,4,5
d5d2e470-dc20-4d82-849d-355951378bed,Network Issue,2,4
00b44918-6923-4884-ac12-59a6a9bde51c,Billing Dispute,1,5
e40a114b-83ec-4c93-a837-3273c6449500,Billing Dispute,3,2
5601cb1e-4220-4648-9c6f-23ebf64caad4,Network Issue,1,2
f51357ee-4263-466b-a15f-bf8125634a80,Billing Dispute,1,2
6aa8af43-ae99-4533-86bb-e3d74e4546c9,Network Issue,4,2
97c9148c-37e5-45d9-bd0c-1741233427d2,Service Quality,5,1
b621d8f4-b21c-4d68-8ad8-b235f163122d,Network Issue,4,5
1a60b5d7-046e-44ee-8331-987aed3c535a,Service Quality,4,2
0a6e2263-68d0-49fd-ad75-d63ca7d8113a,Billing Dispute,4,2
9e539835-4c43-449f-8ddc-070d57eec669,Network Issue,5,5
947025c8-47b9-44d4-bcb0-6bc72195295a,Network Issue,6,2
9f9af2c0-0e60-4586-b1fe-18482651ecc2,Service Quality,6,1
2bd2c492-8d61-40d2-ab3d-ff35d6e5a71c,Service Quality,6,1
094ed28c-7e0c-4e19-b703-1370bf6aea24,Billing Dispute,1,4
06e26ff4-4087-4cf1-9d3d-ceb573d07e72,Billing Dispute,4,3
b816a93e-2aea-4149-9d05-71030049e38f,Billing Dispute,3,5
86c34396-2616-4f8a-b0a0-924658fcd032,Service Quality,4,2
41153a2c-98d9-4bda-b0d2-7a3085c4efee,Network Issue,5,3
5b07cb72-6ff2-4432-ab50-417a766cdd27,Billing Dispute,3,1
8920963c-28c9-448c-a943-0d23913c3366,Network Issue,4,1
18eca156-666d-45b2-b787-148cd542a324,Network Issue,1,2
645faa12-db2b-4668-b8dd-65e322ff2536,Service Quality,5,1
1a40232a-8cf8-4c69-9548-c42cd8d9c4df,Network Issue,1,3
ecf15eee-e33e-4b51-b97e-be050ae9c4dc,Service Quality,5,4
dfb38397-bf5e-4b0b-a54f-0351df6951de,Billing Dispute,2,5
ce037df9-d899-4d9c-b9f1-bac299e17650,Network Issue,3,4
e0c811e7-e700-4f42-989f-e3adc325c608,Service Quality,1,1
1fcd1d85-c0dd-4f9d-8289-dce5d2074b2f,Network Issue,6,4
37fea50a-73e4-4892-b3c6-25680bdd6d40,Billing Dispute,4,2
13815e96-e080-4628-8d0e-f2cdf418dae3,Billing Dispute,7,3
ca7bdcc1-f6a7-4124-883f-1336f14b4575,Billing Dispute,6,4
e5186425-40b7-4d9d-83d1-bcad4750fe4c,Network Issue,1,2
78133b88-6cd0-4da1-9bcd-f86024b8e70b,Network Issue,4,5
913d2aef-5a60-4736-9492-7a7c6e3f1b89,Network Issue,3,2
327c0382-b548-466d-be72-56a1fdc787de,Billing Dispute,5,4
3c7b5fdc-0de7-4b4a-a8a3-d14f34912011,Service Quality,5,3
8211d0fe-bf6f-40da-9195-39a33f472d44,Service Quality,3,4
980bada2-cd0a-43aa-8872-792147998420,Service Quality,4,3
14047cbb-6f0d-4e31-8faf-1fe3f0315312,Billing Dispute,3,3
0dbeeb3a-6073-4015-a29a-e5c459c6c5ab,Service Quality,2,5
89aacfbe-0b8f-4c11-965e-25c7bb59715b,Network Issue,6,4
a5732d11-db4c-4e10-9628-4ce9632544ad,Service Quality,7,1
4f3d0824-9079-4df4-95a9-5e6cd5d589fb,Network Issue,7,4
1528fc8e-05d3-4851-a588-6816345a0c9a,Billing Dispute,5,1
6bc0a7f6-e4fa-44e6-a97d-c045452ebf33,Billing Dispute,1,4
6887af15-dc2c-4235-a3b6-fd935e587ad7,Service Quality,1,2
88148e49-6a3a-405f-9993-3baaa016583b,Network Issue,7,4
781c5d68-665f-427b-b923-a206ac4b3a1b,Billing Dispute,7,1
13266daa-eee8-4d34-8e4d-d566c886f885,Service Quality,3,4
06cd74e3-5e7b-4e36-a30d-58070aacb112,Service Quality,6,3
d6813416-0cf4-49c5-8eb8-9ed10b0104f5,Service Quality,3,4
7b0a96ff-a4b5-47b2-96ea-28db6b587a91,Service Quality,3,2
dc2d97a8-6be7-4a1d-bb6e-47fe3949f45d,Billing Dispute,6,2
c47a6952-850b-4414-a797-fbfca38f04bb,Billing Dispute,4,4
cf404058-307d-4c8c-a5fd-d15a093534d4,Billing Dispute,2,2
622ad620-65b4-4348-bd2f-1c34ac79b24e,Billing Dispute,4,4
d578fedf-60f3-4cac-a23b-3b2720afa97c,Network Issue,6,3
c601316c-94dc-4225-8e06-a648133630b1,Service Quality,4,5
c6a0d92f-c7de-4b7a-b1ae-b24438dd9ae6,Billing Dispute,1,1
dff3d129-54f2-444e-8aae-4ba91127e046,Service Quality,3,4
0a205e0d-1abe-48bc-b99c-9c0ade77f373,Service Quality,2,5
98a411fd-5a64-422e-805f-d3c4a3db479d,Service Quality,2,4
34aa34e4-a1c9-41bc-8937-ba9f786611f0,Service Quality,7,5
a0891b9d-1391-4872-8c52-6bb4fed08521,Network Issue,2,1
815a89f0-3779-4a03-ac00-3d0dee207b5e,Network Issue,6,1
2974e0e2-ec88-48e8-8f5a-cfd7438beeeb,Network Issue,7,3
0dcec024-3103-4203-9217-343fe5cb2c7f,Service Quality,3,4
b20cb6a5-cb33-4e7b-a1d8-ef2e1a1a2e32,Billing Dispute,6,4
c925005e-1241-4a23-88d1-fa2c4577892b,Network Issue,3,1
2fb11973-7536-4a6b-a8f4-a8c8fc239846,Network Issue,5,2
cb20f8f6-c892-4786-ad73-9372c8fadfb4,Service Quality,3,3
52e7902e-a871-4237-82e8-0e6331fae702,Billing Dispute,3,5
fd32045d-e56f-40c9-9b1e-60f0da5e8d79,Service Quality,5,3
a4bd33bb-0782-4c52-8494-6e7dc8f1e14e,Service Quality,4,5
4c02a7dc-5dbe-4e24-b87e-a6ba7d6dd155,Network Issue,5,2
a90f5749-62f2-4d6f-bb22-82bd43671b49,Network Issue,1,5
afff9490-2360-4f57-8ded-f930ba661320,Service Quality,1,2
ce9ad9e8-9ac7-4725-adf1-9fd818e5929c,Service Quality,3,5
f765506f-ef3f-4d6f-ab95-9faa9a516871,Billing Dispute,7,4
3c649886-ec45-4ed5-a3af-ad2f5a26da49,Service Quality,4,5
4e91035e-4b39-4339-ae0a-01a6c5448ca0,Billing Dispute,1,2
048eca9f-6f98-455d-b5aa-d49d3ae303f6,Billing Dispute,4,3
35a6d8bc-c032-4849-80d5-deb79534bcb7,Service Quality,3,2
bc182423-9553-49de-ac8e-8f117347785b,Billing Dispute,1,3
cc014509-3a91-42fc-b5e2-2bf477453429,Billing Dispute,3,1
eaa9886a-9f23-4783-8581-e1693144aac6,Service Quality,5,2
fb8fa058-8330-4c6e-b32b-e680264ab074,Billing Dispute,2,3
ee66221d-f552-47b9-bbdd-dc1f0cdbac97,Service Quality,6,1
4655938d-651d-494c-9826-ed0833f56c6d,Service Quality,7,3
3386040d-d753-4e15-b46d-052753a7432e,Service Quality,4,5
68a1271d-f002-4e27-97f1-e545bafb3197,Service Quality,6,3
aaeba0b1-e619-4bc5-995f-cb882ea24170,Network Issue,2,4
94ecc4a7-f777-4fce-98a9-194724aa9443,Network Issue,6,2
f119d8f2-68de-4af8-9076-51c4ced84577,Service Quality,2,5
27f96a55-f32c-461a-af78-16fa0b2cc269,Billing Dispute,7,1
e6b65996-d198-495b-ba94-09357fd6721e,Service Quality,7,2
9ef22187-2a8a-47a7-a54f-df6a43769dd4,Service Quality,1,5
886371be-7883-4bc8-a8c3-788efc3ea443,Network Issue,1,1
fd5ade79-1063-4c5d-8b7e-cb86fd18c747,Service Quality,7,4
