DeviceID,Region,DeviceType
D001,East,Switch
D002,South,Switch
D003,South,Router
D004,East,Gateway
D005,East,Gateway
D006,North,Switch
D007,East,Gateway
D008,North,Gateway
D009,North,Switch
D010,West,Switch
D011,North,Router
D012,East,Gateway
D013,East,Switch
D014,East,Gateway
D015,East,Switch
D016,West,Gateway
D017,South,Switch
D018,East,Gateway
D019,West,Switch
D020,East,Gateway
D021,East,Switch
D022,North,Switch
D023,North,Switch
D024,East,Gateway
D025,East,Router
D026,West,Gateway
D027,East,Gateway
D028,North,Router
D029,West,Gateway
D030,West,Gateway
D031,West,Gateway
D032,East,Router
D033,North,Router
D034,West,Gateway
D035,West,Gateway
D036,East,Router
D037,East,Switch
D038,West,Switch
D039,East,Switch
D040,South,Gateway
D041,South,Gateway
D042,North,Switch
D043,East,Router
D044,West,Switch
D045,East,Gateway
D046,East,Switch
D047,West,Switch
D048,South,Router
D049,South,Router
D050,West,Router
D051,North,Gateway
D052,North,Gateway
D053,South,Router
D054,East,Switch
D055,North,Router
D056,West,Router
D057,South,Switch
D058,East,Gateway
D059,South,Switch
D060,West,Router
D061,North,Gateway
D062,East,Gateway
D063,West,Router
D064,East,Router
D065,East,Gateway
D066,North,Switch
D067,South,Switch
D068,East,Router
D069,South,Gateway
D070,West,Switch
D071,West,Gateway
D072,South,Gateway
D073,North,Router
D074,West,Switch
D075,West,Gateway
D076,South,Router
D077,East,Gateway
D078,East,Switch
D079,East,Router
D080,South,Router
D081,South,Gateway
D082,East,Switch
D083,South,Router
D084,West,Switch
D085,West,Switch
D086,East,Switch
D087,South,Gateway
D088,West,Gateway
D089,West,Switch
D090,North,Gateway
D091,East,Gateway
D092,South,Switch
D093,West,Gateway
D094,North,Switch
D095,South,Gateway
D096,South,Router
D097,East,Router
D098,South,Router
D099,West,Switch
D100,South,Router
