customer_id,billing_amount,usage_amount,discrepancy_flag,discrepancy_amount,resolution_time,timestamp
CUST7277,287.2993082063157,334.2479890027454,1,93.41092837023061,4.751014495811466,2023-03-26
CUST8701,419.8036873619819,343.5305616288143,1,41.791610734587145,13.280063782375656,2023-03-08
CUST2438,443.068956264389,230.22922712036234,1,76.4156290814607,6.9596688218615,2023-05-31
CUST7895,466.226467411392,492.1939016994697,1,10.90382354952642,20.681852070957007,2023-06-27
CUST2077,99.29323870171933,219.19137770477104,1,27.314542478649823,21.78401928263637,2023-11-25
CUST7304,475.60369689111303,437.76433159309295,0,63.11332149097326,13.961631744711966,2023-07-25
CUST6632,475.27021364790363,416.28755147712315,0,62.60393411660517,2.2155406334009204,2023-12-27
CUST3555,455.60050561504113,337.3824729206676,1,93.26686882138718,22.903266169889893,2023-12-21
CUST5944,277.8187000299219,118.40210083765051,0,81.93410362602766,14.75375603297809,2023-07-02
CUST5193,223.01276270956396,86.99801097813167,1,80.18369581647481,9.528619158335541,2023-08-28
CUST9106,51.02222353599896,96.0740017694157,0,17.68596506527665,11.64132882348364,2023-05-14
CUST1736,101.64589060067206,399.0118178992777,1,5.714789232676294,4.209227458238635,2023-05-29
CUST1400,159.78251876734015,240.1473939563157,1,28.343212445326273,9.52881311648337,2023-11-15
CUST7074,209.470987556733,204.39869907116662,0,22.345460278740813,14.771317015968178,2023-09-27
CUST7994,126.70584224496208,361.2604121118019,0,32.84854560012017,5.935355800699219,2023-11-07
CUST2289,332.94587879371494,199.09031774102613,0,22.164299369957938,8.896367506262623,2023-11-17
CUST4057,291.52272640449894,116.703315591586,0,3.80631194909866,11.712316720708516,2023-06-18
CUST1796,264.7385346875311,424.1387407344879,1,82.43658205481562,8.794594635754999,2023-12-17
CUST6083,131.9190107632544,370.118732570877,0,24.69466129250281,8.321725040265296,2023-08-19
CUST2944,68.91887846514591,424.7562348013734,1,93.86979909233766,3.9679514787696926,2023-06-27
CUST1972,167.67014582132765,441.2989501364592,1,7.682278843847684,15.47536801392806,2023-06-10
CUST9314,176.79241250273557,206.6313075163257,0,61.999935443420924,8.306119634416369,2023-04-05
CUST8698,369.90154786922403,107.29215796367212,1,78.16100964379416,20.899251962796097,2023-11-10
CUST9115,83.30395034821622,174.76630204969862,0,33.315614776525656,1.1833137043657114,2023-06-12
CUST9739,469.7312936892067,246.95857814170884,0,53.04518925707241,1.0616562092536577,2023-06-17
CUST3382,319.94931375157205,249.20256938881914,1,35.98930061138543,10.3193496984643,2023-01-05
CUST4504,125.35331242436888,101.09336632160984,1,67.00653534580437,11.751703197561534,2023-01-31
CUST4052,389.87016131544834,490.7702600584495,0,76.11778505049813,8.451485927511012,2023-04-11
CUST9931,368.78215450139976,144.96862376214838,0,59.15669995260509,20.77698142899553,2023-05-14
CUST9299,290.78607249424374,253.01296605967138,0,87.04752016075612,10.574880987488058,2023-03-14
CUST2858,272.25221099117823,209.54194236190185,1,58.43820259171863,14.015019832353989,2023-11-01
CUST5731,155.7602909295042,94.05874839370523,1,17.991585394044794,3.220446773338304,2023-12-01
CUST5446,129.0910466226349,389.0801111295851,1,66.80336623685366,14.961764563636388,2023-12-16
CUST9923,301.97361606663003,194.90587814639156,0,89.35793810830992,11.497301584060466,2023-03-10
CUST4765,331.24733420921444,232.61169931537924,1,2.496037740390458,19.43208615936038,2023-09-21
CUST3430,409.8583971568384,305.57409983201194,0,57.16446225167076,1.6827543676784271,2023-02-21
CUST8332,149.74478383511104,69.52212321525634,1,49.13927592117814,21.113648780421645,2023-06-26
CUST9237,60.43452354956781,102.89438184496684,0,36.09657690678915,1.130033254715725,2023-10-31
CUST8459,497.4774574434676,139.67515498927327,0,79.22114417413994,6.30341985536279,2023-11-03
CUST7864,67.68843030435342,82.73720687937177,1,70.61413669877092,12.13773199810502,2023-12-31
CUST9651,118.2727063557668,434.3938009230304,0,95.00291280405274,1.3886243266272698,2023-06-02
CUST6814,197.19396825408808,72.96712565977391,1,23.455594897722104,7.344095910982048,2023-05-23
CUST3936,259.71413022646243,284.5962722767417,1,89.91522359053262,23.049438506642726,2023-04-22
CUST2791,365.2376210512976,417.1089761359154,0,92.08007356127582,11.916602680829055,2023-11-23
CUST8868,376.7338014774899,345.8673283329179,1,4.053939254262355,7.177417824519742,2023-03-04
CUST4691,119.13263363876293,139.89212120881058,0,24.89559320669746,18.688186812538707,2023-09-02
CUST4279,485.7519387926831,480.4695273108698,1,95.57250267940708,12.46229385245622,2023-05-23
CUST7968,398.36755629512464,444.7701760151035,1,13.627170221953646,1.164472108673615,2023-06-04
CUST3083,86.23496675216663,203.034035772457,0,54.84300398763436,20.987169195982176,2023-04-21
CUST1154,248.29077857110227,117.88147543088107,0,60.466147735526,10.462654099720393,2023-10-31
CUST8835,75.12126730903327,402.16616276660267,0,74.628536380228,2.1153410302917477,2023-08-15
CUST7680,379.96609117932655,498.38938861523036,1,72.14326196940279,23.065611196472418,2023-06-15
CUST2017,472.33773465338146,258.5881082522787,0,19.689221566903488,3.1483910889824704,2023-12-30
CUST2479,197.03173526739877,93.83859970468633,0,49.1189946535709,18.388858150799237,2023-04-11
CUST2863,164.6242009249576,482.70713741442705,0,85.02765412767549,3.365991613382918,2023-11-12
CUST6993,231.07540622995913,263.026783865495,1,69.2207539359517,19.739651944104267,2023-12-09
CUST5421,202.78840382164861,165.3931929728905,1,61.37142186969765,22.770829924880363,2023-04-26
CUST3884,122.15877182152519,407.39254131199897,1,36.15652103030389,5.059692097293003,2023-06-02
CUST8014,248.24797825260922,385.34264261759324,1,97.9997845436258,23.110872687284214,2023-12-20
CUST1485,281.996747990828,425.8572133939403,1,20.072936383076918,18.68703548299983,2023-12-02
CUST6783,437.20773476323546,111.6753682061921,0,73.0748508909762,8.249638863440591,2023-05-15
CUST6458,457.8605860563791,465.4076485414434,0,43.170598754928655,23.13373326341515,2023-05-16
CUST4289,275.8298563220052,402.8236526243705,0,15.514164854222425,14.309473081639814,2023-04-14
CUST9288,101.27070404222387,311.2627586147983,1,9.749381235274516,22.342719766566564,2023-02-26
CUST2578,155.96194743498808,123.71421021544585,0,23.492680978475306,18.516665689783693,2023-10-09
CUST8937,267.5779162409309,98.42930461244168,1,15.162738023854633,15.161917071808535,2023-02-11
CUST7618,385.7224711281451,396.24722871787895,1,15.08017864721587,18.599965667217354,2023-11-23
CUST9784,363.8336221673192,491.2412670180482,0,50.31030354307653,4.05299403289965,2023-01-12
CUST7069,378.1978639413969,489.56688141623476,1,80.21355652559706,21.00755247412716,2023-06-28
CUST8307,477.8929178188011,62.05850350107649,1,37.33399146972179,4.565351325907544,2023-10-12
CUST5903,483.25811958527555,193.56351407781463,0,16.890296983194965,15.115645210843635,2023-07-30
CUST6371,318.0276189790331,163.451184908568,0,23.737086858336248,11.545970518960674,2023-12-19
CUST7732,414.506855608092,107.58905015202751,0,3.247080774326427,14.617550710447187,2023-02-24
CUST7334,113.58750815314556,399.22106568963017,0,24.42593246710301,1.6549914834908042,2023-09-02
CUST6428,312.7374080692006,125.98496530386548,0,7.573471106142034,23.17279093505411,2023-03-21
CUST4693,288.4113128975629,115.74117144428945,1,59.17233885210214,6.422166252012827,2023-09-11
CUST5712,95.63232984411545,465.7265193984372,1,28.250003868512803,21.93701644042486,2023-08-23
CUST2688,237.76762305936379,386.53900789402655,1,89.54943211966442,14.865113120091502,2023-11-20
CUST8562,264.02550528885604,498.50117982155894,0,30.878989427483464,20.077487849574883,2023-03-17
CUST7457,418.5486749905082,245.8257128895629,1,91.86068182477892,15.232324570642431,2023-04-26
CUST4506,352.6295230929172,184.58164847386354,0,49.54485705347902,3.106812814754377,2023-12-27
CUST5723,94.26641380973885,408.95887937482536,0,97.8376932059632,16.043293532280714,2023-01-09
CUST4495,380.1008281686998,418.0163103299759,1,38.72605994232744,21.359597812333934,2023-05-13
CUST3544,179.12971322182014,260.9836803754388,1,72.87159625418332,11.571287149217126,2023-03-25
CUST2924,286.1965611671553,483.51664535430433,1,18.649413974318218,19.49827718853274,2023-04-09
CUST8229,423.19529933775596,69.53529491074171,0,83.80112876865677,7.619611563621581,2023-06-07
CUST1706,174.49319759077832,441.9791492677497,0,45.62576284526937,8.729446329892784,2023-10-28
CUST7697,363.51754262400294,290.8319048160614,0,64.05241946871129,22.468448299553675,2023-11-04
CUST8724,313.59934687156465,312.9650375174902,0,29.416622934800486,14.332571035543062,2023-10-07
CUST6961,65.83150942957667,456.6810880859712,1,95.07727615339664,19.272252984209796,2023-10-21
CUST5164,62.02622618012223,68.11960189891336,1,58.95478570188263,15.051239241716695,2023-05-11
CUST5645,481.50502771841997,171.0021562631043,0,61.550555582927956,3.1680138513417004,2023-10-30
CUST4315,79.67132325460906,72.93133510495963,0,40.88768325430419,23.945745414224394,2023-06-13
CUST8456,290.9860234659649,177.9678765342966,0,94.20432828520744,23.716930904109063,2023-10-13
CUST6439,117.84894433765521,286.89952217244354,1,93.16443580749292,23.992822288734207,2023-12-25
CUST2389,154.3534348873738,455.1370020766136,0,53.90337463487164,12.641493634047043,2023-05-05
CUST5689,306.26716384392375,105.20651981585033,1,59.440464203438395,20.694855851987693,2023-03-21
CUST1177,81.04428762597698,495.13419151886006,1,59.45302868104336,1.3479325377666498,2023-12-26
CUST7277,379.1004834111455,474.8795319589043,0,26.377823903210267,5.60014508473214,2023-03-06
CUST3831,80.63993873828194,186.5470587654356,0,57.22934174595068,2.590952157238121,2023-02-27
CUST7122,299.93530486589697,163.35011875854173,1,61.48676855824794,5.217533521079702,2023-07-27
CUST8603,91.80379999527375,282.25883333547813,1,55.09219453349434,22.457382547727743,2023-02-16
CUST8783,357.8218314007234,318.793107558766,0,70.42266044443102,18.698299442936896,2023-02-28
CUST5150,469.2369107840077,486.5310751289545,0,81.69181291832163,2.2597144077384996,2023-06-19
CUST7340,116.81204539078543,469.1396634649213,0,6.360110881905478,20.859447378234602,2023-11-19
CUST2229,178.40857828567434,277.3228980450557,1,21.460369331406085,20.10065440678477,2023-09-17
CUST6267,239.08096793383336,359.96185828309456,0,80.08396772882845,19.987818542748393,2023-01-17
CUST3554,453.55896816248094,440.22546514452756,1,4.30736747986226,7.4366223810363,2023-09-11
CUST2826,225.08264309297195,261.2041358771146,0,13.89691329682983,15.54792629222306,2023-06-08
CUST9225,449.8305246665474,365.10143458844317,0,76.38530276193308,16.499140618598478,2023-02-01
CUST1931,230.87424216917364,490.3620690061245,0,91.75514468420783,21.564323060477367,2023-02-27
CUST7293,226.3088708849599,473.96002394375137,1,20.638978521751486,6.506051916041508,2023-10-06
CUST9022,375.5881882348715,193.54326887431276,0,80.21627227367034,12.887181024625264,2023-04-23
CUST9905,219.09322763434878,133.04350128348653,1,30.848491609321307,20.742999752495916,2023-08-28
CUST5804,197.75631282811256,283.6095467598659,0,9.618946081087662,15.589541094386943,2023-07-06
CUST3775,373.84447451762867,84.34036796261758,1,28.920601017164543,22.944162807262856,2023-12-27
CUST6504,130.49644162970657,400.63013148927354,1,20.04817684628125,17.734031028159123,2023-05-15
CUST7192,88.46295756788406,353.89999218673154,0,72.07153397527351,7.958000874162728,2023-11-29
CUST1401,453.3645332495001,373.8867376309414,1,32.62644377254843,20.422031359580885,2023-06-01
CUST6288,222.24059738066023,176.20948776855184,1,19.15418263526995,15.374245555140435,2023-09-25
CUST6870,433.0742472011854,447.91653933816457,0,80.16255391857415,21.34676663995311,2023-05-25
CUST1741,444.286532109891,56.61899836114549,1,20.768223349195054,1.0757173503481283,2023-01-07
CUST7684,226.69390478591703,376.23350269061945,0,3.922583105350361,22.380201918061033,2023-05-02
CUST7014,280.56095852135957,54.717332422497904,1,95.27984490313865,5.917550442336119,2023-01-25
CUST5090,449.7654480026383,224.72790303049942,0,71.50867528124009,7.423126568338175,2023-05-24
CUST7351,266.5706480533205,242.63503955249604,1,52.50047184445895,1.79456073357848,2023-05-15
CUST9464,166.81248818331898,290.07185163831457,0,41.43094764787838,5.723349737517824,2023-10-13
CUST4470,455.85702525747996,368.98438056186774,0,41.74174430423408,20.391814231859275,2023-07-28
CUST1523,261.27652419384776,363.4032269666985,1,47.55014611693763,5.782238943587834,2023-06-14
CUST4902,98.36672288072535,158.25298593434596,1,12.150935499500255,13.389876316212073,2023-01-17
CUST7521,137.4003074795561,135.07472995914208,0,38.703449181171244,4.411906763055046,2023-06-17
CUST4075,458.29525907890417,128.77781381851383,0,53.375448181150865,6.21542079191885,2023-02-28
CUST2245,173.19857720991635,301.6174329208507,0,31.918548505500564,7.248568634909764,2023-04-30
CUST8067,375.28135723487765,81.48719275771029,1,78.39170000794698,19.35796225680526,2023-02-17
CUST6622,72.61913555956812,205.6758161244988,0,59.585824337363924,16.26976549761426,2023-05-07
CUST7445,283.4078291546499,371.9818820156802,1,32.715937039503004,10.53419403454813,2023-10-21
CUST1279,322.2416797702984,493.8356623231086,1,6.353741717221285,6.144577957346037,2023-05-26
CUST8027,283.16545738304285,192.33529702503714,0,50.832016810859244,9.28674469945342,2023-09-30
CUST8433,490.1083784653775,477.3117328244555,1,4.1250836204246255,6.293133367596965,2023-01-30
CUST7372,127.16092675991806,125.32465279399396,0,14.909796195586667,2.2680419141535406,2023-05-15
CUST3395,144.8621858676232,240.32131000216597,1,91.13410315062394,8.685906059381423,2023-11-06
CUST2150,305.10630740420606,436.63516341597307,0,33.33105213121113,11.172694910558242,2023-12-29
CUST4388,242.6303483541346,105.65557784756186,0,14.25646840660029,10.237174828350902,2023-10-09
CUST5824,463.01233758390333,139.87765980237043,0,91.87584928840258,2.969849668733035,2023-01-27
CUST9078,469.0123282233452,291.2806434504954,1,41.41815404838225,5.094420889794083,2023-01-23
CUST3054,288.664312200959,217.49270923519032,0,87.48197834860797,22.41103621536624,2023-11-08
CUST4082,382.4251187501195,325.3626546381247,0,23.496110167751354,6.054720398349998,2023-12-07
CUST6618,273.8618678660175,282.03191335853285,0,93.52757529285313,5.0912369811317895,2023-05-11
CUST6569,234.05595209070276,68.72717176653333,0,38.454638362809106,21.241757830814663,2023-12-24
CUST9656,356.0576016063869,354.62431920801816,0,41.574089941840974,5.332434404424802,2023-11-26
CUST6789,408.0459348223337,55.43931463300331,1,49.241608712907585,5.666982408294114,2023-08-01
CUST1451,261.50364571016354,441.52622720654466,1,70.54310996919975,2.740724109422951,2023-01-16
CUST7562,139.24256005560355,393.2607648450739,1,77.07529036960793,18.631553918808308,2023-12-21
CUST7013,127.33965982198602,484.76528617923566,1,97.86905024059054,4.12699150725645,2023-08-18
CUST1313,404.2578099946869,218.91983305907877,1,55.730466475847685,15.397227041320717,2023-07-25
CUST1420,56.33650542288374,272.695785658246,0,89.16252727259625,17.094870988836362,2023-09-10
CUST9700,308.8428147948774,130.2653894275798,0,6.232208254798619,23.526820271042077,2023-10-21
CUST9271,422.3569575903014,285.88957660451507,1,87.68224129472536,23.66103443424303,2023-02-26
CUST1869,371.3663171970156,358.1735833741565,0,82.35262764361026,7.530358305387096,2023-06-10
CUST1370,209.6600139103597,352.2718489476343,0,84.51999600426619,19.771589959922157,2023-01-17
CUST7588,454.10622343694484,328.6145375054106,1,22.49630965951906,13.656170667661693,2023-10-12
CUST1597,477.1577402440253,201.10247567806923,0,39.880761922542064,18.997987098948837,2023-06-17
CUST8446,253.05551965513254,95.77816065124799,1,78.78648165558465,11.251775064366813,2023-07-29
CUST7745,201.9573644510724,52.886965649946475,1,72.03039211740305,5.332222380825726,2023-04-24
CUST1091,277.3256980018666,401.14168524115706,1,35.23404709795822,3.318915996182699,2023-01-21
CUST1145,162.6887267637577,387.0894435739994,0,1.8601653046924809,13.286235466620102,2023-03-14
CUST2399,112.72865360580235,101.69471827784044,1,1.072471108770979,22.164859948144667,2023-10-10
CUST5122,323.5310272374471,464.92261209086416,0,72.22315847565837,16.83560880177932,2023-11-07
CUST8161,430.43191500850617,73.3899260754725,0,69.16711024635134,21.630124260908048,2023-09-20
CUST2453,55.55332849324466,62.17737440715217,1,8.232752645962009,6.035650635567118,2023-02-27
CUST5546,402.11526343967324,450.37509687284415,1,16.400057894148468,4.970421917482784,2023-03-30
CUST1526,268.9630984074071,294.96364521046416,1,27.46903339571388,23.647503967998055,2023-11-04
CUST6840,308.21682363400623,360.8263463324089,0,79.70949059600396,7.200465249665101,2023-04-30
CUST8494,120.02397512175469,212.17115054038368,1,88.56411687018962,4.218801254655855,2023-05-26
CUST5938,146.20664187231074,341.7206618921574,0,37.02178582226951,5.684440579249356,2023-01-12
CUST7150,376.11435131324754,275.0224250438074,0,33.02115846314496,17.10021365440596,2023-04-29
CUST2804,128.89003740444383,164.2934875449657,0,57.98410239527271,19.231316221684715,2023-01-07
CUST5772,445.2393963804737,491.7990732628209,1,62.56033205121938,2.25311346085476,2023-01-31
CUST4566,267.91245558828933,205.82751279581657,0,76.04276371395953,13.469310493273932,2023-10-28
CUST4417,140.40336783002982,356.0203539267375,1,95.18911183613754,2.3770422751442895,2023-04-05
CUST7264,427.48200180622956,384.52116450227254,1,35.29920353504202,4.012069885896699,2023-04-27
CUST2039,164.02546690345775,131.37006486662037,0,89.83230193602445,3.6489345709417913,2023-08-29
CUST4497,117.9619765397351,474.8395602984218,0,4.330491823041285,7.980606252110692,2023-12-13
CUST2403,147.01596298837387,479.32705190965305,0,61.247919010715094,10.319639866930613,2023-03-31
CUST3200,109.09890572636698,386.12559007139527,0,99.9882738039663,7.427340640609314,2023-05-18
CUST9838,156.81328635121605,275.9670962980706,0,71.20790891076076,8.535006014362722,2023-08-19
CUST2609,450.0237813215559,60.469749548626105,0,44.50747743951666,7.038228782561345,2023-05-30
CUST3770,410.2669145883522,195.38738621463713,0,42.88016706452483,22.88360621681192,2023-02-24
CUST4780,375.0377798298788,262.7052107989265,1,55.36322042087246,12.92557594798204,2023-09-12
CUST3583,141.42425054372688,271.20680622726803,1,98.10879863321935,3.8939549194324163,2023-03-15
CUST8494,332.2230034171677,199.44393674492878,0,57.8568050593984,8.842598484045196,2023-03-27
CUST5694,282.69377541766227,272.20240606849916,0,92.80422102389333,15.38480059279112,2023-08-21
CUST5551,255.76037489342477,257.9073294751922,1,30.57330991469727,19.964798172696614,2023-09-05
CUST4763,76.63423372535934,258.02071119092034,1,22.05372516489266,6.654092134702175,2023-05-20
CUST7929,320.76329915496814,288.9182251393005,0,74.20723042450923,5.388434091553968,2023-10-18
CUST3589,117.50176481998237,461.35948755061503,0,46.79659478784296,23.256175559962553,2023-01-14
CUST5568,142.13599565172092,484.0549164668997,1,61.013900165495336,23.462728402856293,2023-07-14
CUST9082,206.76225443800547,130.58061774591394,1,93.32836642205089,21.045798480504953,2023-09-01
CUST8631,140.30202038363996,415.7928275677328,1,44.00471712304566,4.5569197232291625,2023-01-03
CUST5061,414.191880376824,452.19644049993826,1,31.714243892121264,9.635629724170093,2023-01-01
CUST2960,455.4685153688174,373.6551734722459,1,22.71299311240751,15.850577887443011,2023-01-19
CUST7648,302.77121205712575,179.49081410437296,0,14.628787030983004,18.566642671468358,2023-01-21
CUST5545,308.3139738895001,380.04904277303683,0,89.00846894246283,16.896780246202702,2023-05-01
CUST3442,385.2262200791494,483.6405136815844,1,90.39756072774277,20.956333322497546,2023-05-05
CUST7487,450.9446233450004,258.92914429571357,0,93.62603153056473,22.45848365057709,2023-08-23
CUST3699,398.0591892565543,156.19211508414202,1,92.12822265410634,14.801296724893751,2023-01-19
CUST6473,462.5178732255742,489.27952417794216,0,67.91806944692547,20.057320883637626,2023-08-08
CUST9754,93.22757020794103,59.78991219130362,0,10.51123477834857,22.357547967904395,2023-09-05
CUST6864,408.1517499648253,275.39627011104585,1,25.142574607524256,18.070427658523343,2023-06-02
CUST6556,251.60870465686588,133.6928965701593,0,90.1519945327474,13.314780277334322,2023-11-22
CUST4466,103.75555470604263,389.1078084878171,1,87.37870911398699,20.74337930150859,2023-04-09
CUST2546,294.93648960504015,374.95206801934705,1,74.73005236880113,9.736932461210577,2023-05-22
CUST9256,245.34073937534254,458.5875586822675,1,99.00264458062742,4.505525244791477,2023-10-14
CUST7983,471.4510588939771,449.2888799674594,1,4.575919021946429,3.568537298717782,2023-10-25
CUST9811,496.13724646035024,58.52888649773608,1,4.856714740500399,15.146754894128433,2023-02-26
CUST7190,446.6316027019271,199.6932424120376,1,2.024153493659001,19.2556372401704,2023-02-17
CUST1682,484.2921815087502,496.2370595318114,0,2.831285366217753,2.3545762093375933,2023-02-11
CUST3821,455.8059560516379,298.6656355210436,1,20.57014268817039,2.6872160364004896,2023-01-23
CUST5455,344.9779124547439,460.5314293720057,1,33.08058934745403,5.455974808496103,2023-02-05
CUST4898,470.7824356919159,170.88809652469405,0,39.567223329633606,13.718254343875284,2023-03-30
CUST6415,383.18052623630274,341.1498422143499,1,45.835200383126256,11.341118467124378,2023-01-09
CUST6333,104.75822219990265,129.5618021663513,1,69.15930510966888,9.138045239387937,2023-02-27
CUST3742,95.72666043147017,478.1953888536833,1,56.16447389345044,12.243888953609677,2023-09-04
CUST4613,223.4132513391732,142.05732501655092,1,52.40622970984389,11.891681881221826,2023-01-28
CUST5381,214.16561398651848,246.97321103037368,0,22.497082662829904,6.18724126563216,2023-09-06
CUST6830,99.49253402339599,211.08790189716507,0,33.34106335738914,6.18067350872117,2023-04-19
CUST6639,452.7975125825905,224.17866576530182,1,29.444118434279737,21.45807133443181,2023-01-13
CUST3586,432.38536818070656,291.98951676479066,1,78.2954673345078,1.8168797585319019,2023-08-12
CUST8891,238.70950874136054,369.8776835902542,1,75.01317095583654,14.532488546445208,2023-04-29
CUST1856,461.92755458718506,228.32475028565702,0,41.165763657594276,1.827706179632258,2023-01-27
CUST9493,352.8088777689988,169.49640429101925,1,85.41213222146857,10.709519890154438,2023-04-16
CUST5520,453.90254826743944,52.61108722485411,0,50.8184095294422,11.381894638101604,2023-03-28
CUST8527,322.9584029038531,411.1834538140881,0,77.20470195020775,21.73521441259315,2023-12-28
CUST4900,242.0057271476659,476.0459553099285,1,61.953066629748875,5.319378215302005,2023-09-12
CUST8734,280.60947402076135,99.99787667066502,0,88.71106753811458,19.448090818049675,2023-11-10
CUST3815,125.8550564429381,151.2963951670634,0,94.35078867217447,19.378853239310946,2023-08-03
CUST7283,471.8744693787248,111.71786958145803,1,95.55560677154777,3.9723260821731325,2023-08-05
CUST5475,270.54146013903505,201.72984162113744,0,35.72655295098544,4.029429773816016,2023-06-24
CUST9064,164.75588524396568,241.71762960660737,0,31.065351006978332,20.980179702135583,2023-10-12
CUST2798,359.94182186357943,372.9514329221801,1,81.04141354645242,17.94330114132252,2023-07-08
CUST9785,414.3615135580815,94.75175119491688,1,21.831286161291004,4.245321976266984,2023-09-10
CUST9591,138.86431721298652,419.3879069868752,1,84.62166995973944,20.344632278106427,2023-08-25
CUST3924,159.88386902785058,190.02968204771204,1,58.61569039939089,7.043877570180251,2023-10-23
CUST7452,163.21289020805546,133.34566161490318,0,49.661882512539556,9.723943971323669,2023-07-07
CUST7331,439.5305596573967,317.3970856825515,0,69.49007857170817,19.48693935293289,2023-10-20
CUST6924,279.7032526205812,85.43693682962865,0,31.35682232419592,12.393731966137988,2023-02-10
CUST8213,133.47731766809684,83.10732771712435,1,85.22488102787418,20.020285075119734,2023-01-21
CUST4156,252.4868271937584,414.92914308118776,0,75.3453969453622,18.38367287002521,2023-12-12
CUST1144,462.5099938284296,287.74107862673634,0,90.15583646611212,1.1897577955250793,2023-04-25
CUST1649,411.12294576991223,107.27409976751301,0,44.83201138187371,10.391384555493408,2023-01-03
CUST8571,64.66270241089423,147.16172330047198,1,65.38050177425848,11.250594292032563,2023-05-15
CUST2898,408.9917251370258,291.6436016375437,1,50.68930897625842,2.908810381386863,2023-03-04
CUST2346,128.78888968099835,435.3724048539026,0,90.20844734210011,19.590086348843606,2023-07-30
CUST6156,116.98770213358647,349.90386916729227,0,70.91683090024904,18.853543691539386,2023-10-21
CUST5739,447.05556271683054,479.3103465258451,0,86.73568041770476,11.257630537448646,2023-05-05
CUST7166,445.166649969214,87.82054438421652,0,25.251035822813705,10.846287142128592,2023-11-01
CUST5290,110.715862706078,397.3457001242189,0,32.07690642350792,18.88822828433843,2023-11-11
CUST1153,228.47458545710964,187.04434868578812,0,72.0019734739918,22.014792336444938,2023-04-23
CUST2556,176.57986397401038,202.86812180871124,1,71.02210047827488,18.29496212528729,2023-05-17
CUST9879,326.2460522158368,119.90002425171303,0,12.797699019079513,11.288074798955844,2023-10-10
CUST9989,74.39786623983157,230.5811673898489,0,27.290353779524274,21.95860759318996,2023-12-01
CUST2193,72.24210613445001,387.19993200671007,0,51.98080474468839,13.302161362784723,2023-07-19
CUST1788,462.61690608717447,321.8664891185025,0,83.77945556739029,10.511118737236787,2023-02-16
CUST1166,452.6438102945989,393.9962865962992,0,79.760109271813,14.034954032397904,2023-07-26
CUST4371,246.43903819672457,455.8037384165288,0,24.258242846958943,20.197649273615077,2023-05-22
CUST7722,367.93588133315905,213.9594079215679,1,34.6344321979087,16.336046419556766,2023-09-22
CUST7488,438.37985018350156,196.24529496798573,1,8.486957273374816,2.8209299275140243,2023-12-05
CUST8427,66.23501334360041,218.9017581344107,0,1.0718353942664285,1.1702082284622104,2023-10-07
CUST6438,269.2771928775321,401.20300987862873,1,88.70677594278243,14.31789633908328,2023-01-28
CUST9822,204.05002317319634,302.4479327704844,0,68.10266986361015,1.5045455454479235,2023-01-10
CUST6583,133.26629189010336,195.3028726182455,1,48.88851395514327,12.362314061255397,2023-10-19
CUST7837,171.39717061425733,340.0248636903078,1,97.8724633040727,21.214722488032702,2023-12-23
CUST7229,490.32177172534875,443.51784898795563,1,19.1022866053752,11.808173813682743,2023-05-12
CUST9550,383.45729195659857,62.545419450070625,0,13.65577476739662,16.401594489009838,2023-07-17
CUST1321,249.65166119122682,179.47124855847593,1,20.244933488148366,20.463490616274758,2023-01-27
CUST5593,262.15536308832804,103.5924712517529,1,37.00613728696326,13.037812502014871,2023-05-09
CUST8055,228.24163165752915,78.01852244654462,1,71.48127081892508,4.002181718217474,2023-06-14
CUST6282,214.32451909003544,330.20593949409874,1,74.30801277316928,6.6591126486868095,2023-12-14
CUST1959,400.9519679707137,291.11551427131684,0,11.30250145978028,15.72492594958421,2023-12-08
CUST3625,168.96260750222416,279.6839987644687,0,78.38010713349817,4.573277854643809,2023-12-19
CUST6464,50.64984380676911,112.2931584445559,0,65.0777617380297,4.382443170926284,2023-03-14
CUST9069,333.86571260912933,185.62394545272141,1,56.91252236665477,18.665307583761802,2023-06-22
CUST9353,261.9327145176421,485.3104069675805,1,91.95087262460645,2.819529476683239,2023-11-05
CUST2679,415.9112368382224,354.4272062941464,1,11.159505694256481,20.14906138256406,2023-06-22
CUST1136,142.77735859956846,98.4901845710023,1,83.31806077755,1.956200072367619,2023-08-20
CUST8272,122.7029926722817,244.1366407730647,0,38.4031495528345,8.151655067959773,2023-07-04
CUST2770,300.5023136419001,404.29721809874746,0,43.00362909105186,7.488478152661015,2023-02-20
CUST8693,285.2350613304697,395.4082290908233,1,61.212501152489956,3.924528741315817,2023-07-19
CUST2061,229.49074543964167,58.36452450683285,0,3.0257601280127133,12.36788441029828,2023-10-21
CUST2989,497.3923493221818,457.10101573240007,1,8.618787629262853,18.740941927935197,2023-07-11
CUST6865,336.8236333849577,78.43333531477217,1,42.58719695181566,3.702682361686187,2023-03-08
CUST1176,141.10180782990182,319.7653533919103,0,94.132829078544,18.099765495795502,2023-07-17
CUST6398,434.39877916362025,363.2348315850494,1,41.41361916101069,16.513013188891833,2023-06-05
CUST3918,69.0640549347342,270.1565933292171,1,58.64207073954509,23.715559529095145,2023-07-31
CUST8210,108.73289419783585,307.90181861435656,0,20.551789756594637,2.5277580402234032,2023-09-21
CUST9845,416.9089861617771,424.2920159613532,0,18.230970783083475,5.438266431235502,2023-12-09
CUST4318,54.6210772035526,153.7147880419608,1,69.7309048941634,15.21483492339014,2023-12-31
CUST3447,90.52193264247737,343.72371682677635,1,3.831088707998337,23.33410133642481,2023-07-25
CUST9840,59.6642302937278,287.04571193224,1,61.682903598099955,23.551892036924276,2023-01-02
CUST7052,155.10480774896467,206.90456834704025,1,27.62116371739512,17.438053321853022,2023-10-04
CUST3264,228.13408617281232,104.81198398897837,0,77.54886969541575,7.630139214148823,2023-02-25
CUST6869,101.37247829924513,107.05369913816158,1,61.52474202571898,15.356164126479213,2023-04-16
CUST5601,131.38120652203224,366.3392928415263,0,49.631749090206036,23.188953250734734,2023-11-16
CUST5427,256.2265359564751,377.8399691878997,0,9.10323310272278,2.7791079771032927,2023-05-08
CUST8723,347.8117451215071,157.5948383534507,0,3.5395669136625187,9.850690777778784,2023-12-11
CUST6423,442.68867852506884,127.9332691691986,1,90.92525485641396,22.16543721841672,2023-07-12
CUST5388,167.20262396520903,240.6295685579756,1,98.03788791417563,16.121690858296326,2023-10-03
CUST9083,205.52940611340279,297.2384568143837,1,86.59859427762461,22.928821824721094,2023-01-09
CUST6164,334.3452430621983,477.63981624330415,1,81.14958420841013,2.452547945237591,2023-05-09
CUST4872,298.1158305923979,256.45025226577263,0,30.412471006512586,3.552352144896895,2023-04-16
CUST4679,258.2766646942998,281.8425875406404,1,20.537101125682476,7.6664707297766865,2023-03-21
CUST5456,184.51280817685804,254.3929566265387,0,8.308726176050826,7.667940251519494,2023-06-09
CUST2747,369.5866065429583,131.14270152118425,0,94.86238500992965,21.99097237145723,2023-04-25
CUST8773,338.42306491363547,177.13883803986712,0,47.83620426416516,6.1327884987853105,2023-10-01
CUST4319,359.0807508160873,343.1115576557056,1,34.40116882525141,1.9269339642050962,2023-11-10
CUST7430,498.57677950466865,315.16235437790766,1,53.66930843048794,4.9126442273557895,2023-04-28
CUST1945,415.8860540096175,271.9337779665584,0,5.031189290360536,16.00982697750624,2023-11-11
CUST6103,150.43512299751822,278.85029398366385,0,68.52378075712951,15.652412615400475,2023-09-09
CUST7474,135.60744815029776,436.45201785439104,1,74.77650559267259,18.96784986784531,2023-04-05
CUST2334,135.30611278882608,217.9147936080589,0,36.17746610872242,21.027131079176776,2023-08-19
CUST2583,265.9975876036924,111.65422427254842,0,41.379971799861124,7.1357192497252875,2023-02-23
CUST8201,140.3384861925653,151.5837302122651,1,74.06719594328979,20.775679083984507,2023-12-28
CUST5023,394.1414280238559,293.30503135564834,0,23.814800704777706,11.799488092443303,2023-10-15
CUST1226,475.15879233298244,391.5984616829541,1,65.18035744792991,19.998647710769294,2023-05-27
CUST9783,133.68088846324912,416.75046062684254,1,82.09144536028518,17.07897296439931,2023-03-24
CUST1411,263.8374171603964,151.66957894147694,1,57.57063313340472,9.249799704071608,2023-01-18
CUST6202,425.3245688619844,405.9880372796248,1,56.79379079478291,14.61258214573296,2023-11-29
CUST5385,128.9085516141152,102.60459801643333,1,28.61841917421656,5.5928539572950005,2023-06-14
CUST3396,60.66161342903127,149.35178054215123,0,51.32655515089273,9.624630781209236,2023-03-10
CUST8051,55.73295359703776,262.44498105320037,0,64.55553509745195,11.371785760811623,2023-07-10
CUST9135,114.30000547870972,147.40976787116995,1,23.024851944015115,17.867389154454884,2023-08-31
CUST2536,499.70253202878956,70.92903560920291,0,28.229797016233114,8.468359764054437,2023-11-06
CUST9922,424.0808698698806,82.37349563708838,0,48.5389410270022,4.104922252698476,2023-12-15
CUST9633,342.8958839325435,238.2237370694311,1,62.60945591137077,17.973444422892864,2023-11-15
CUST2310,129.48149142165138,50.21521987733115,1,60.86640114977483,9.590449718898594,2023-12-22
CUST9621,55.941388692575174,226.9495397554757,1,97.38390267094714,2.760658155063353,2023-03-16
CUST7941,215.71507840814357,259.0810700979806,0,77.67724171827595,18.989591339819384,2023-04-06
CUST5370,249.1108690132912,379.0835107633012,0,36.37279895662548,2.5432145676373272,2023-05-31
CUST2947,464.71432131060715,424.22938949473877,0,44.08694798466194,18.8486655492943,2023-07-12
CUST6775,141.88409793251486,287.00282071107165,1,18.95138779865853,3.51313623848373,2023-05-27
CUST8945,441.9460800307234,76.01798444689818,1,57.5855864626553,15.352940216262649,2023-09-30
CUST6196,152.0031582196744,441.90985265291613,0,30.310502582092617,11.520962117476742,2023-03-20
CUST5284,315.51804330906884,250.90257330515254,1,71.64407415618172,23.73640814269152,2023-05-01
CUST4714,383.5139882459952,221.4743586712596,1,76.80706691589776,14.451135417221634,2023-09-26
CUST7502,84.33365413525632,52.70431088614146,1,9.308951827624739,19.59904818602994,2023-05-23
CUST7371,367.0380724304731,326.658849601394,0,26.359463679285778,14.468045324396781,2023-08-18
CUST9213,224.77451220178847,82.07269040105565,0,8.925137119301509,9.406758349134835,2023-04-17
CUST7175,295.73011154849445,295.3929497684588,0,78.76337225108367,5.303625381959767,2023-01-06
CUST1973,153.4753248167986,262.6303654123969,1,15.434606325856242,20.14522118716933,2023-02-23
CUST9676,286.1797623304523,453.0389809767917,1,9.07893794368512,17.345388398451103,2023-10-02
CUST2881,475.8633329997736,69.08344843478876,0,26.936047373825758,5.870212452031329,2023-03-13
CUST3105,388.93130403091436,409.36709612441865,1,10.158917659162993,7.58217468067137,2023-05-02
CUST2760,459.70672101260527,96.24423842300763,1,93.76487395874128,2.1655316663708515,2023-07-13
CUST7725,224.79290334820504,57.83948906353102,0,76.84059674322584,8.457201410577833,2023-04-19
CUST1526,454.64900980121325,225.5740142793937,0,67.97104254801427,16.877565198084987,2023-06-04
CUST1062,201.55085410710888,191.2865744777957,1,6.73129558806594,11.338148856667583,2023-12-10
CUST8665,291.3403815713093,495.48035235714997,0,89.35590053921518,19.107455374249955,2023-03-27
CUST9024,274.5078912981168,421.4245518399276,1,84.35520640578619,12.980428837675813,2023-06-06
CUST9978,190.93922024387274,157.64572990927877,1,30.288173506234216,17.528901004034264,2023-11-01
CUST2888,59.998080542486534,169.29883732522933,1,1.1528091951258446,10.398195522188146,2023-09-02
CUST2646,371.10535086489904,251.84743220781775,1,11.027509380282115,8.682652055737165,2023-06-01
CUST9616,304.89559524520666,108.67583472773288,0,94.58206525306359,12.832019737975099,2023-01-16
CUST6208,108.98820300365529,439.2719952222903,1,94.86464474262692,2.4353110445300614,2023-10-12
CUST5860,121.97332615340567,468.3846041064469,0,19.886799582624192,3.533913579823256,2023-10-28
CUST6280,174.43228360992094,228.3366085436669,0,11.802116259149422,11.159855746953061,2023-04-26
CUST6810,250.9702057004947,360.18179689303906,0,34.88342338861255,16.788378792894065,2023-01-06
CUST4226,393.48263582039823,311.8671105658241,0,19.711850762763678,11.547590002488342,2023-09-05
CUST1837,437.0476000432482,241.94282815650584,0,17.43532492577406,19.676336643004095,2023-03-26
CUST1130,195.59776303369918,109.53259973836654,1,22.4908205401998,5.435526384201075,2023-11-06
CUST8468,201.7373722618939,197.12292592534885,1,76.22309624685687,6.447047269650715,2023-09-13
CUST5293,132.437071101169,208.98564292198694,0,43.91834677966857,11.168790643554471,2023-03-02
CUST4038,360.9270225781051,233.19989525962097,0,11.351992793774748,11.8071963301466,2023-10-06
CUST1300,212.53613218521213,426.30456606185146,0,87.77107380272759,2.1148573670234105,2023-12-05
CUST4276,205.26958157233355,269.84326422707034,1,52.865916621364704,14.273623457425117,2023-08-31
CUST6095,190.51166168650968,419.8474101864785,1,21.567368861497613,6.095525329640326,2023-11-21
CUST6158,331.76189833700636,481.41477905593166,0,15.434503514536136,22.135429086600695,2023-05-29
CUST9545,280.2824271228686,65.45381136866497,0,87.54865700752332,4.981858236281462,2023-12-13
CUST5234,496.10730356011294,208.23962873273746,1,89.53493641126542,6.940180328779956,2023-12-29
CUST7760,233.5153777242181,63.338571067976204,1,4.795235645639484,15.7028448291938,2023-08-12
CUST7362,93.96094835504766,430.6615255494336,1,9.546707543164196,22.927625571489635,2023-04-08
CUST8117,127.43518545319864,76.94923685113035,0,65.93658160678804,7.094315578373712,2023-10-26
CUST7293,390.40878998352184,54.068895804907875,1,97.95768033470502,17.607524774484915,2023-08-12
CUST5683,168.70730868420526,410.55801048561193,1,29.835795597980667,8.790713934813994,2023-11-05
CUST1048,174.9262358315836,61.72409243123623,1,77.47791798746091,3.401463960517742,2023-11-11
CUST8520,171.04002630800397,361.2969589932844,1,77.61602227433727,22.749835692057555,2023-06-21
CUST7462,357.90012434972857,233.298231135148,1,4.169759235552457,20.522572930699663,2023-08-08
CUST4824,427.289137492616,347.30045305237724,1,15.961795260723695,3.7469849508400053,2023-10-02
CUST5009,81.88926825744274,165.8713249814613,1,61.70668146721904,6.438311964390454,2023-08-01
CUST6681,86.15593764593854,218.81725329504766,1,12.037746480568899,12.238798904571128,2023-11-12
CUST4056,439.1798840984477,200.1959123829517,0,87.72652523873742,17.982927091888897,2023-12-12
CUST6590,460.1724615731105,210.19897092546805,0,5.860574871079119,16.8988160185839,2023-12-22
CUST5544,266.1360165769079,223.40414754373754,1,65.99844119759818,4.284679009797747,2023-05-08
CUST8338,463.51456074944593,341.53919975296054,0,93.834976792512,16.485835346978668,2023-06-15
CUST9727,410.00715126708815,220.86082262535132,1,79.14425396456238,4.936174067084028,2023-07-23
CUST8591,161.9684613622527,493.91585408458286,0,50.506433998813804,5.568333850844439,2023-06-22
CUST4368,263.93972818827336,346.3364905037656,1,83.83359988012748,15.997217728102214,2023-01-17
CUST2162,215.39500374580928,342.89952824085384,1,2.442370892641028,20.311675416099952,2023-06-16
CUST9789,183.2287789261208,434.0235788615908,1,77.59199390224762,17.510570571602237,2023-07-16
CUST9638,321.73116388618934,423.7313652499296,0,53.918088409291066,10.42445259140377,2023-06-11
CUST4437,77.81661825733829,343.0164402494513,1,25.491004452151753,10.157992170558277,2023-04-13
CUST5325,305.1318872386493,198.71309858981488,1,8.97985648421109,11.177071250754562,2023-02-04
CUST9722,62.60054571465163,363.8835901726428,1,53.900803514224506,6.5385551445787655,2023-11-22
CUST1714,493.9895401267136,101.91648033365644,0,78.17919045140275,14.626154209440708,2023-05-01
CUST8840,357.76924390677607,108.31082173905685,1,35.20079467479022,1.5935441479530956,2023-04-21
CUST1694,164.68745131476385,145.05454594063843,0,38.11127835280545,13.149615806077886,2023-11-26
CUST4362,185.30559793688008,486.15254375052046,0,19.37910476276567,18.527396228002694,2023-09-01
CUST4335,310.4351372852423,427.01826634705424,1,94.57996070910941,13.678512141188875,2023-11-10
CUST8558,350.1892913951327,310.3231992661621,0,98.25640699826518,14.766503166166418,2023-01-16
CUST7025,402.40065346662385,233.26923882977275,1,16.361867880885512,19.103367059270205,2023-04-10
CUST7040,305.1495293893381,238.89329700854302,0,34.485525735198145,18.096019784626023,2023-03-30
CUST5019,417.535977168928,353.53341285264105,1,72.92965276868485,11.765822613279758,2023-03-31
CUST9099,113.81455418420663,260.0770874435244,1,23.893049790223998,23.294836547365897,2023-05-10
CUST5614,363.70661314736816,288.7675262404066,0,7.580059902720089,1.5958703261989418,2023-08-10
CUST6513,448.8841658456965,374.74134507783845,1,55.46381957363113,12.104301133310795,2023-04-18
CUST2245,204.7902929419955,203.33350950500662,0,58.32114354861954,15.795408088443567,2023-07-08
CUST7403,378.48296302122833,456.3241977056873,1,24.445535673852397,1.2080277728545992,2023-08-03
CUST9993,117.28024483319179,479.82026980504304,1,64.80526818085974,21.394281098066514,2023-09-03
CUST2596,325.0846339778341,382.38710253118927,1,95.20837911681201,16.773328616137196,2023-06-08
CUST3606,128.6693281044377,106.21235427957109,0,8.349075343520969,15.218981158469326,2023-10-18
CUST2415,453.50158153204234,463.52740432377925,1,38.16178851424516,10.494655337072041,2023-02-11
CUST9876,358.1159010778028,151.07938145446013,1,72.31157155132655,1.9324895328958132,2023-04-11
CUST1261,406.6008282269926,291.5740174971513,1,51.91998644056383,8.668812573741135,2023-01-20
CUST9711,279.12302460640245,228.23286419325837,1,91.84601302967825,15.324000070630433,2023-06-12
CUST1581,477.95165108778633,431.7315645597183,0,24.625438955502467,4.870141163989236,2023-09-12
CUST9137,220.68843139325838,54.610550027421986,1,95.3066764640349,7.7686321932402,2023-08-21
CUST3144,124.0767634941855,324.569387237087,1,51.990523976973144,10.728894647816444,2023-06-09
CUST7106,232.4068083198921,220.4798157095119,0,21.467194124784594,14.561217346498994,2023-04-12
CUST2874,277.1571945072866,165.40646837101568,0,19.44229277789151,9.00331000605007,2023-07-15
CUST6587,236.47065481212266,308.055304434382,0,1.5423640553604545,18.141512571696445,2023-09-04
CUST6364,177.11492145929753,262.1329086884746,0,89.12238330535622,3.0165709018920612,2023-09-22
CUST1334,271.77490976808144,165.68141482082564,0,19.6323533357489,10.501380878842184,2023-12-08
CUST6590,53.72926998815698,262.33418897865545,0,23.650315722869202,5.629403122155312,2023-03-06
CUST3548,300.10778476740234,435.92482631953885,0,78.52594943390727,22.253880033536397,2023-05-10
CUST8419,308.3601027035057,386.05890734604037,0,12.271424900276422,7.797730202380083,2023-05-12
CUST3337,83.10784369904658,194.4636223469871,0,70.91443385691662,4.108996592314795,2023-06-17
CUST2843,167.36604586646695,327.4727456894462,0,62.40369827695643,9.88064631569231,2023-02-11
CUST9873,473.65915542395476,72.69556109846998,1,61.67627930467318,1.3515511004674197,2023-12-12
CUST7008,362.6745467888894,123.3065951823388,0,32.551854218462125,18.300514277030324,2023-07-06
CUST3431,321.29765330507536,368.55550655375436,1,89.87266742857328,6.015989622293151,2023-07-08
CUST5819,373.5340593302626,279.7274192207865,0,36.40406614205778,16.610154543522093,2023-07-24
CUST9617,203.6394850903133,477.5031192073842,1,89.72465945009638,11.941777364942318,2023-03-27
CUST1748,372.69312124742055,247.9495404382706,0,73.75940790989824,5.319610992134425,2023-11-17
CUST8341,461.2034397839908,364.3047859753033,1,27.28329731055288,3.66808399819648,2023-05-11
CUST2582,436.0798434331094,409.921479172245,0,22.516065189532796,13.28555643816831,2023-10-11
CUST2890,113.77220535636118,348.506365855128,1,23.34667799337129,15.24571245123693,2023-11-24
CUST6852,84.28590955669605,424.8042425324085,0,94.1508502545804,23.090786605037927,2023-07-31
CUST5088,114.45341365324029,361.2544165828003,1,11.630804563303418,8.909045391465924,2023-05-12
CUST7805,389.8415635222063,155.37565908866821,0,61.69744611021095,20.51682793418126,2023-06-11
CUST8484,300.7723227760731,76.54838946730801,1,22.27868123980921,13.878362783407416,2023-05-24
CUST1813,273.87464900890916,145.20613113896246,0,60.507116639325034,18.447193901351497,2023-10-02
CUST1835,128.8630714494151,90.6945610352162,1,65.50461851072023,20.444979989971507,2023-07-15
CUST1839,341.61593087456873,312.8453422969859,0,11.894096679672144,4.514650151870094,2023-03-18
CUST3392,107.16192269941226,404.3514678298092,0,1.9869453761972162,23.146288261098178,2023-11-27
CUST1737,186.09804584742358,90.36114227004916,0,87.99726511993214,17.895223115297185,2023-04-15
CUST8245,94.40390760837388,475.09611342115517,1,5.856889614463571,8.239348380311922,2023-01-15
CUST6961,265.4427262147237,367.0583162629463,1,88.37420454713467,11.604940040205115,2023-02-16
CUST2566,308.4267144290062,270.7952027714603,1,80.6825899833386,8.98012656076193,2023-06-26
CUST4368,475.77957499215296,483.6375641099775,1,72.49543995161186,13.970688594616286,2023-10-26
CUST6554,223.82191479804965,217.93480842133164,1,89.92942657320758,21.292845212804195,2023-04-18
CUST6270,403.670034050116,247.73010699110839,0,25.42034320853253,19.435730646182876,2023-10-07
CUST6757,159.6169689647735,113.62272157589942,1,18.544736163171244,17.380501098119232,2023-05-11
CUST8360,100.5515848338846,52.509059487392015,0,65.28971422142669,14.526097244417416,2023-08-18
CUST9964,283.5952809580976,190.48931057038678,1,28.58440225788177,19.659255064616556,2023-12-05
CUST5182,50.4802773430842,311.4335215903897,0,34.73248423068085,11.019938266206875,2023-09-12
CUST2103,275.9593631821577,384.73157112854074,0,10.906047890844553,7.499674090868539,2023-01-03
CUST7282,169.68403115180874,207.03098336510885,1,10.035039036753352,8.891336003435272,2023-05-02
CUST2766,146.02126576817307,434.6113585255299,1,33.921137565031465,4.475641555285992,2023-09-20
CUST2047,262.71314473913867,140.05043882835596,0,11.728637198289647,4.501660850244081,2023-05-04
CUST3935,291.677671637862,452.8219606686579,0,65.9969343356315,17.0733932346401,2023-05-12
CUST9433,125.44785493293136,460.06370586024246,1,34.45811693677315,10.767251534621414,2023-05-29
CUST7434,197.7770222673774,88.9263975695392,0,97.65344841933513,19.94590697025138,2023-01-28
CUST4372,458.6126017558497,395.54129912607635,0,5.966283870531291,2.6710716197955433,2023-07-05
CUST7491,377.4378918811656,162.7867319078083,0,91.99644265302022,20.064119447427526,2023-06-20
CUST9478,408.6960171593687,378.0775397374257,0,27.322423181047782,14.124552420190156,2023-08-06
CUST6943,342.83209989791675,297.9517649247956,1,27.902404802371727,1.3092072837179125,2023-09-01
CUST8665,329.7606605739754,297.55522881881086,1,50.13333680784448,17.88659543084085,2023-10-08
CUST5967,486.5587920899191,497.59612785510745,1,26.69824672808296,16.155755634384786,2023-05-25
CUST8657,247.91899956641922,452.93534779065266,1,80.7251232580052,8.253587573124939,2023-11-28
CUST5386,208.99590806118624,130.60769228660035,1,42.181526871682365,10.668435647094688,2023-07-30
CUST6342,98.15485576142385,93.67535244482373,1,58.59381686250798,13.781150866141612,2023-10-25
CUST5580,144.2622085089234,482.8657420833482,0,31.029255220790002,7.466670108257555,2023-03-31
CUST9808,179.58432531922892,287.2602292421416,1,15.868722477163178,4.332599453438437,2023-04-09
CUST9671,423.2299255008663,218.3215511522985,1,72.73925832936123,1.4845116896532353,2023-08-28
CUST2273,230.46413317087053,330.8637763289917,1,81.8495291434074,5.119147073711253,2023-04-27
CUST4120,414.00732022052665,310.32958864627227,1,44.5808268204462,3.5521278117487616,2023-05-04
CUST1701,465.76769550493475,196.23228620787162,1,55.10691942244178,13.040165068992769,2023-12-09
CUST4759,338.0695720805205,244.95867605913097,0,84.69208477926931,15.420958180649679,2023-06-20
CUST8779,490.58035888285355,481.0925664547632,1,36.5812539543752,2.0332669220153368,2023-08-15
CUST6905,473.9678103036866,481.20843246385476,0,38.48020306152989,11.116762915457079,2023-05-24
CUST3426,396.98083432393855,486.57625057636284,1,27.397420365937855,16.838619973391936,2023-10-14
CUST4200,385.9110402749634,345.8610599398043,0,21.903673615627113,16.57122164801637,2023-10-11
CUST8317,328.0473478614072,277.1731403321355,1,75.30350761421231,2.421050938434298,2023-08-25
CUST7982,219.84192247749004,351.0967566685866,0,17.944856009875625,2.8208648566968026,2023-11-03
CUST2943,347.414243709228,144.85683942049724,1,47.221053860752825,4.86923119927487,2023-03-04
CUST6669,387.7070281907862,276.404309714977,1,59.623959173310666,9.769617902958199,2023-12-04
CUST3076,83.70414015741974,206.20530175496447,1,8.010156550863389,21.571821768680174,2023-12-27
CUST1829,122.05750918165357,365.8069669960504,0,53.926091772683,14.064068406078558,2023-06-26
CUST2726,392.43314178130794,244.85027986153392,1,85.85809170159136,11.048066497693048,2023-01-10
CUST4845,445.3231524734106,479.2179252052392,0,10.203907426227639,23.591544744890527,2023-05-27
CUST8271,461.5364455981566,242.49474357486775,0,73.0795193426727,5.566149246375728,2023-07-15
CUST5386,479.0458155838692,75.76105415201937,0,4.085553920409297,22.48522120964295,2023-05-11
CUST8876,402.3157875921901,353.2982695154576,1,93.6704412567299,11.070172785984356,2023-01-21
CUST9442,451.2857657516507,104.12890837816617,1,49.041530122624316,7.595226592044007,2023-02-16
CUST8607,323.10329345581425,174.18409955534247,0,46.100677113868144,21.59940362782711,2023-07-21
CUST9783,470.4417117463937,124.16434173232254,0,16.58623142222829,16.44582295448011,2023-12-05
CUST3728,430.5408431269434,185.09032966320555,1,82.19565000157066,15.27234568667541,2023-12-30
CUST2247,413.17577539873037,188.5331765805305,1,54.133353957063335,7.150262239785905,2023-08-06
CUST6297,163.01154870577966,142.79742128985256,1,61.90107403237367,13.596754704375458,2023-12-13
CUST1227,143.61401010481,471.15666428677673,1,99.34862292222816,6.188146207903659,2023-06-18
CUST3179,232.79843740999183,135.36978444012493,1,93.97194198912113,14.388306554515093,2023-03-10
CUST3608,168.46282430210996,92.44693724725096,0,86.02100787228925,16.189383163327697,2023-08-19
CUST8997,75.49058670816237,377.0979411695984,1,48.3272959009097,7.025611779034032,2023-12-17
CUST8266,266.24781549271154,247.62456184732082,1,70.99429659119059,21.39734808086784,2023-01-23
CUST8252,392.01256530078786,107.74205980918069,0,47.43644422483349,19.0036096854974,2023-11-06
CUST8423,240.77857825093577,104.13792247598674,0,5.846190268231878,2.633556801522504,2023-01-16
CUST2409,390.5336851178203,457.93291986438754,1,22.138382248706673,1.5111311650977175,2023-07-27
CUST1100,234.06179844030805,462.5155708553063,1,51.81700342072007,1.5168365093980616,2023-06-07
CUST7993,327.29684011982334,414.70952398359253,1,11.974085222908275,20.20073609609866,2023-03-02
CUST5867,202.37476547749108,176.1050652945627,1,64.89505789869625,22.949227686310014,2023-10-12
CUST5965,273.3761695499518,445.2399702219511,1,51.08277287157357,12.127232183439434,2023-01-10
CUST3961,158.99231502876177,256.6199007465234,0,30.69643932362393,8.4614848597156,2023-11-20
CUST7045,126.49110858278063,62.322176451318946,0,17.77881682386904,19.209042672369915,2023-12-24
CUST4181,299.11549159559354,144.85211258308618,1,94.1706570211756,20.263719890732247,2023-08-21
CUST9681,267.17913461822315,54.91311907449138,1,75.19050325015729,4.2257225623471975,2023-08-20
CUST6716,386.127360517945,130.0502282896506,0,85.83736803331531,13.690168544448369,2023-09-05
CUST5343,75.21469966637011,55.89416165220831,0,63.0462845684998,3.028996481415239,2023-06-06
CUST5853,205.09315511003433,330.35668566036435,1,99.86159091216643,12.491946918722137,2023-08-04
CUST4019,325.7032025244628,117.01992110668778,0,86.3647036791857,16.11324590333589,2023-04-09
CUST6148,237.73894974269282,290.9200896908844,1,17.65083417370451,4.294008966854582,2023-09-30
CUST4524,375.9738537167988,53.60918293808629,0,87.35896050437314,9.440676223441166,2023-07-11
CUST5240,127.13868807619971,145.46665616452418,1,38.24741447830627,18.142723748689825,2023-04-29
CUST7809,199.21884388507522,80.59147175264177,0,45.13398369152392,22.440324407919665,2023-01-31
CUST7652,330.74695314392744,330.7444399966688,1,58.1337170675654,3.1488453476026983,2023-10-11
CUST8582,91.71680828341397,79.41977079332145,0,44.46023606727746,10.6658710307554,2023-12-25
CUST9038,183.41695786818855,317.19107807849923,0,83.60935760041342,21.828729413160165,2023-01-12
CUST4325,171.58999023740446,144.3277841442411,1,99.74167200258498,18.33934042336871,2023-03-27
CUST5065,464.81707169224114,379.66873728174266,0,44.18767972603603,4.869970103652851,2023-10-12
CUST3342,142.91652746594696,362.6675179909682,1,61.009061959009074,9.14743559888865,2023-07-25
CUST7233,388.15459015303486,447.66241030518773,1,57.03868521094436,20.993011426236777,2023-07-22
CUST1853,390.1601680277762,149.15030199476033,0,73.93398550952797,17.15956077348086,2023-05-12
CUST8154,81.34027754328268,156.4287127109015,0,33.85357429507003,7.713650062647369,2023-09-20
CUST5035,307.49763743733786,379.69823516314085,1,41.764947869289294,5.258260420649506,2023-11-28
CUST3886,437.5067049762329,293.92643788013356,0,4.620005782280737,11.966953231216213,2023-05-04
CUST7410,51.73746308622601,98.39154834720766,1,30.46000081276502,19.83661629339724,2023-08-15
CUST9179,417.6135964655797,406.24827101671946,0,9.580390514763463,19.28685753515775,2023-04-10
CUST5371,71.17601853423024,219.0048248793411,1,68.54478724646017,7.594178354876126,2023-08-17
CUST8946,285.195436093063,386.18903703421586,1,37.35708157175824,11.113162447493442,2023-07-04
CUST4126,444.60934239881453,112.71314692157702,0,36.94482904271307,21.98688480853695,2023-03-16
CUST9030,399.96855537882084,319.88329334598416,1,81.72326731037288,11.421221248765928,2023-08-29
CUST9616,483.0786076011463,274.5617476226405,0,25.12018162492558,8.133024465759423,2023-09-22
CUST8184,108.03024953954994,467.0171731780419,1,50.887981354613565,9.483015007613481,2023-10-07
CUST9632,86.50232586008488,306.986602287013,1,51.31697782466054,10.084888147360669,2023-08-29
CUST8011,227.58243431736557,217.0697264071784,1,9.447016333699468,13.591249189710076,2023-05-26
CUST8163,101.47802637327098,352.55723249859574,0,22.96537169275419,18.519323670806482,2023-03-29
CUST3115,219.89223162263346,402.9467969721827,0,59.689693795866525,3.7336684728983625,2023-09-19
CUST7891,454.5217270411269,311.36555924722126,0,83.3367591683082,13.728020114688949,2023-07-25
CUST9937,109.75564922893889,116.31877911830199,1,7.352000316902677,6.856549971521169,2023-04-17
CUST8454,495.64099809749416,322.79630317683217,0,52.69809068405354,14.472457262722022,2023-05-24
CUST3542,323.5411800815806,85.85749226195705,1,41.4902105802926,10.130308286803013,2023-02-08
CUST2505,344.04832504335985,168.50655656093562,1,93.0290364872265,11.92138796230939,2023-04-23
CUST6806,243.79280427566405,203.9359752962346,0,23.647057566030046,1.859047068348218,2023-12-02
CUST3767,314.6039715053917,335.9341402006354,0,69.62233901049242,14.604318812466833,2023-03-27
CUST3508,102.72249410874969,439.53142231941905,1,59.286893402855064,20.869676930089998,2023-07-05
CUST2847,318.2738389902357,241.1167100095411,1,83.20714799313178,8.066796055651782,2023-02-26
CUST4154,346.1771276726186,209.1984794185224,0,71.87993483131322,8.518870654873929,2023-01-17
CUST8686,116.91235806834179,240.6801870139638,0,39.10172885977197,7.502606341942034,2023-11-24
CUST4161,396.3219233544185,378.55118279917804,1,26.105247991321637,12.064394931543575,2023-09-17
CUST2131,97.9028518586999,373.9120770891819,0,75.73119096943553,2.4139259746338277,2023-12-10
CUST1107,97.94275508770714,495.5088309164423,1,19.703411421929538,17.011550397819278,2023-06-28
CUST4680,404.9763640713851,219.22554266861465,1,74.33751034391672,1.5216665745907727,2023-02-06
CUST3712,66.53950755327544,449.7051555944068,1,89.3746633765717,16.461107890957273,2023-11-01
CUST7837,350.673895843298,112.78669473246515,1,33.820014884250185,12.787350910060457,2023-04-03
CUST2429,432.6706331014882,440.3408102776135,0,76.4201720207338,8.660434941328393,2023-10-13
CUST1964,109.8836916511269,353.32836885262265,0,32.17005090522538,12.722134973364469,2023-11-23
CUST6576,215.0453925417621,297.3994144239901,1,75.7482381133415,12.218861838438368,2023-04-27
CUST2942,418.3033914151859,461.7777404959082,0,86.63735763092575,15.903069853968551,2023-12-10
CUST7466,376.1958211121125,100.05022194632971,0,13.326218419532648,1.4098755178550655,2023-07-03
CUST2685,332.3718934915448,192.34898669594185,1,46.352577491163665,23.705179692624075,2023-12-05
CUST8413,148.73425637152928,467.7807887679323,0,31.570248080199683,11.475648952163588,2023-04-20
CUST2031,177.28006751226454,333.3252696593489,0,17.566549988273252,11.966044190616204,2023-03-14
CUST6402,301.1038289232909,274.7726349404379,0,99.73124313172026,23.078152420529925,2023-03-07
CUST6772,277.9003698153647,98.42095368685884,1,36.466403843948825,16.700717610374298,2023-10-15
CUST7609,443.45978166112843,58.29465609184838,1,1.8612791758023608,21.316801693450294,2023-07-09
CUST9424,236.75970014290982,53.3193595824804,1,93.6505669670007,22.255812051868503,2023-11-05
CUST3511,107.44869260029552,114.32585431848945,0,79.35807224377533,2.6406185042534025,2023-08-24
CUST5115,173.1694285256312,199.76946167740707,0,49.23661704330514,20.313255055877555,2023-03-15
CUST1139,238.43085109686288,118.06466395339262,0,25.341039856717593,23.91630390941223,2023-07-14
CUST3018,306.6058667972636,396.4580744137433,1,82.4170730895265,8.048124600688727,2023-03-31
CUST1305,145.07932878311587,87.12151853984875,0,72.75337141617344,8.746506306671847,2023-06-29
CUST2655,115.05199869766517,137.48486832715707,0,30.745750074900513,20.648627773337235,2023-01-14
CUST2463,478.75942451581165,207.65811206033644,1,60.477917091388115,14.20845661817306,2023-05-11
CUST2152,299.040653742196,290.8717485446889,1,37.10141026259411,23.50310288545081,2023-04-21
CUST6196,219.20238504676848,263.9220391376003,0,16.39869053170858,21.80278822243182,2023-06-26
CUST4781,479.3823416512537,331.05065826675764,1,5.012210630741202,11.992374256979234,2023-10-31
CUST2176,260.3468854032161,198.37008457958416,1,16.764882499743546,20.294493880615754,2023-11-28
CUST6640,319.60029921472574,301.18445461887956,1,43.847531526505975,5.081855033350758,2023-01-12
CUST2082,71.12253387852098,96.86427064183391,0,62.11564770568616,6.924913918993355,2023-08-31
CUST1509,214.82570750750514,491.6387635523674,0,45.53695727550327,4.7863449469816155,2023-07-17
CUST3056,206.40558464278539,343.4057377923421,0,77.6742620465479,1.2095492481169061,2023-09-15
CUST5743,175.91406195784964,433.1754012660953,1,25.30300827126951,3.915924962033278,2023-07-28
CUST8745,275.56057912277754,420.5053327271827,1,15.082393627459533,4.676689291196883,2023-05-30
CUST7978,313.7625855686673,292.59305086848906,1,15.267901122041003,13.039730205729146,2023-01-25
CUST1833,467.15017009472854,167.92178774309835,1,37.76567063546694,14.253509330951575,2023-02-11
CUST8153,362.96214893392124,497.62680317517356,0,67.206618278629,21.413157418496265,2023-02-02
CUST7904,419.79481891405766,270.51648834476646,0,74.85043255767896,7.285751910917655,2023-10-15
CUST3945,77.08578246957481,251.59073040138338,1,85.39326345140357,4.0418758367334995,2023-01-04
CUST1389,266.62087917176916,228.1898407817431,0,74.4408779672427,6.715307523713292,2023-04-16
CUST2417,321.93713580413515,331.80092300941897,1,8.864329376964301,2.525585810261533,2023-05-19
CUST4452,225.82563509157617,239.51974080117148,0,48.86830250773553,4.606365566833674,2023-11-06
CUST4319,322.0415183500648,270.4574423343521,1,84.45102666333719,20.08701704150321,2023-10-24
CUST7498,125.00302195880103,353.5018248673854,0,56.142634704764454,8.77912439248457,2023-12-03
CUST3428,261.1716697665999,415.0113871843974,0,11.877242598270605,20.375254545891867,2023-06-06
CUST7135,115.91943600020568,493.4883209331366,1,9.213405193339025,9.068098698923341,2023-02-18
CUST6167,262.3351579374958,214.87210801236162,0,33.421292043243206,6.019942488100305,2023-05-16
CUST6327,448.99774105109276,248.00961169424264,1,9.92692052823675,19.829551545083596,2023-01-02
CUST8969,303.5507339139363,336.63820059478337,0,5.745877554505281,13.17679216375567,2023-03-10
CUST7925,82.43398752827514,187.07160887174453,0,99.39275785830294,1.895887629970121,2023-06-07
CUST2483,156.5223682706458,341.3422526451059,1,53.021456016792534,17.01183165989473,2023-05-06
CUST2797,239.06983643837853,403.66471788871274,1,22.81947716932726,11.898711902730824,2023-03-07
CUST7105,424.8761743553596,417.11755895722126,1,11.202756806972527,4.060655867531565,2023-03-24
CUST4003,310.58201319445277,495.25573301459184,1,84.63951821594567,2.8592684459554643,2023-08-06
CUST4060,475.6080780825838,358.40664771406864,1,71.00666132220766,23.936503523489854,2023-10-21
CUST1427,453.86803950016525,471.1971347504575,0,96.87807254823124,3.6952600459936082,2023-01-29
CUST8684,296.9284361132179,222.5994216138054,1,22.233808429535117,12.202628215750003,2023-06-28
CUST4798,437.8421275295885,399.9909945210906,1,12.956781589827974,12.683007763807229,2023-06-17
CUST9351,377.54910913095364,100.74352416481345,0,33.582802894547285,20.4089849159439,2023-11-06
CUST4035,296.3750515100287,158.49103253410306,1,21.079722731829232,20.43547748131972,2023-12-01
CUST6645,493.5809187190886,288.64210741400325,1,25.736349148980306,22.9218459138123,2023-01-09
CUST6188,197.21405993781207,55.43601318626557,1,74.61882624013221,11.634430116967584,2023-04-25
CUST2622,125.8303933468742,63.079819896652374,0,81.67465705011699,19.28236559451537,2023-09-23
CUST6163,436.30202710847,170.8436761218749,1,98.11836898673114,18.445794006844025,2023-01-12
CUST7277,130.91526638113334,340.0635333368896,0,19.26120244805219,6.970417003759401,2023-05-15
CUST8351,407.0579659446724,367.1003682832688,1,67.87584273305569,11.609199914206222,2023-08-07
CUST1235,166.01922212666284,312.48926319104635,1,49.912139903829754,7.918540374203467,2023-06-11
CUST9449,473.41094402211047,276.28560877848554,1,7.636041322705117,10.953721837715422,2023-05-26
CUST7592,229.42305965142927,189.74452398013122,1,86.09991336468849,20.706296812658753,2023-05-06
CUST8515,278.5238164925631,340.1205324069608,0,44.01630946787586,21.991995739868717,2023-08-28
CUST3625,129.74510842269632,270.72943269290596,0,81.33097952015027,12.162546035729171,2023-03-30
CUST2445,304.1549172510197,497.9533067919084,0,83.70499999223107,11.641289677643924,2023-02-26
CUST4211,107.68792844595654,431.816410923185,1,98.87503437651309,18.77495560562808,2023-09-17
CUST2032,372.73428277464205,150.85434746628425,0,96.13800122712765,11.9469365326791,2023-09-08
CUST3891,343.65265671629453,162.0288556921925,0,68.0351926824375,10.209073195107877,2023-05-23
CUST8024,385.92617231330985,50.46010168838228,0,69.51600279263002,17.479312714762163,2023-01-13
CUST3325,215.89075063599725,177.1849530916129,1,5.113851747325043,16.392489343567654,2023-11-23
CUST1708,403.7272304700226,465.7052488535801,1,97.75172461921954,6.647505420520264,2023-03-13
CUST2774,74.81082712470644,180.59601027178866,1,84.20206583098961,1.8473369775357877,2023-09-15
CUST8345,119.90444351198217,257.41782852307995,1,23.15601451525101,13.46741032226078,2023-10-23
CUST7500,240.3979086690848,108.25893483569652,1,47.23723191754862,4.591782493310662,2023-08-16
CUST7279,454.5909994227105,310.68983114448855,0,18.97747001879146,17.50073911120809,2023-12-03
CUST9572,76.5101023287305,95.61106334039307,0,67.89331485484956,8.225397992404421,2023-12-13
CUST6386,409.13758533361147,296.5236856899082,1,93.87517289687233,18.11345811981993,2023-05-25
CUST9231,402.1504518288887,310.1901311129528,1,37.16280020091626,2.4522173116846244,2023-09-12
CUST6769,287.47004077058193,192.991022042554,1,67.63309695308033,14.490332464849113,2023-03-03
CUST1612,347.1282976922261,445.40641693613804,1,36.27280360709215,1.3130228028168343,2023-01-25
CUST8950,144.70254697892727,210.08613873990362,0,45.2181091712261,20.68209890812165,2023-06-26
CUST3500,478.80651426900585,252.66637823458183,1,23.788134219422695,14.438955936992844,2023-04-12
CUST8567,411.3407096244546,105.41613300382478,0,26.882235772282208,15.858863450251494,2023-10-04
CUST7363,494.34783050617733,357.66229020464317,0,33.79050384718368,19.061263181140177,2023-08-29
CUST6341,230.5689071986962,423.91541426919804,1,48.15759626128411,19.04626564630805,2023-02-18
CUST5130,279.67837638717765,407.33814500651306,0,41.37396432700556,10.933542983577432,2023-10-06
CUST5470,453.15927036300593,123.17475823620114,1,47.46049465085618,13.872475433166102,2023-02-03
CUST8052,163.82549033805944,212.65365824558296,0,61.80334250168129,17.979760390521403,2023-03-04
CUST5028,143.60449194423444,416.35491332090385,1,45.97219323955633,21.377554908740965,2023-05-10
CUST8180,279.7973698461203,264.4998526207436,1,98.30383741966745,21.129947151984688,2023-05-09
CUST3356,175.02962571904237,323.0893724084471,1,93.16837946056027,23.270134954468666,2023-10-31
CUST6482,178.57453254941575,308.30319643584306,0,10.62758804639552,2.6206503803449293,2023-04-03
CUST2987,380.664304403743,275.37358029089444,0,95.31177751098787,19.339470503631222,2023-02-24
CUST1261,416.22874617744446,297.82795826870483,0,25.39537967445598,4.301611733520776,2023-02-14
CUST7471,494.68249770496186,285.1855239733642,1,49.99533457428211,16.987915513816702,2023-07-24
CUST7582,399.2373751371837,279.5685550210413,0,75.40808171523821,10.865376364173972,2023-05-14
CUST7813,226.4383148954761,226.6829144388747,0,27.776655933318917,5.551011018745236,2023-12-25
CUST2128,292.3324666490924,107.35594627657665,1,68.62937890753071,1.0298185074466062,2023-04-24
CUST3792,194.73797950456188,312.0199256846996,0,3.2999266086990064,10.70395181631814,2023-05-03
CUST5798,405.2270158101045,345.2203205129607,1,3.352600856844297,5.53647916382678,2023-11-19
CUST6294,157.57753692646224,446.5505138911257,0,13.287057305900895,19.26614856685041,2023-06-21
CUST5954,269.9031709998184,249.25948285214434,1,44.39897916840117,22.630697943308675,2023-11-03
CUST2037,235.61776888666012,97.23205870045392,1,11.331225048641244,12.244035004653067,2023-09-21
CUST3647,337.02271649921573,234.86684805021872,1,66.09324142914488,9.596699066371306,2023-10-08
CUST1814,454.21065638946084,316.4777427736902,0,64.81861352589233,4.752189624976817,2023-02-11
CUST4646,456.9914728878372,485.3503358277192,1,18.242082003497387,1.7602144666194344,2023-01-01
CUST6251,184.24442983634307,59.58110579602581,0,96.35764466529335,3.7496590574951845,2023-07-20
CUST5673,203.63300835567358,121.62466685159595,1,82.9473641424253,5.901233549587675,2023-07-28
CUST9227,152.30473324116218,337.585712373961,0,45.173093043632775,23.52418235960756,2023-01-15
CUST1072,471.6421354208258,226.2044505112134,0,2.694374067901431,13.583967917738137,2023-03-30
CUST5751,216.23059624822696,248.72144285756826,1,30.321796146271826,6.1761204478394305,2023-03-02
CUST8934,421.1918342525247,165.9431719207259,1,48.123192016788664,6.538206775126069,2023-11-01
CUST3371,181.32189066438718,365.43239739223804,1,51.596142871299584,4.865422120934136,2023-01-26
CUST1428,492.35902949763187,108.4913766290918,1,57.104572317848,23.385346578200416,2023-10-07
CUST2569,108.99317933889162,306.5187844844237,1,18.14669239028632,10.269416570266038,2023-02-05
CUST2435,154.200149186489,229.00344086655687,1,55.5515446629199,11.46477399963486,2023-07-23
CUST6073,218.33941049345782,417.39181824413066,0,67.94389490472672,10.65512819928295,2023-03-27
CUST1983,285.30285684106445,144.75085431500216,0,7.337267049138118,6.185618096677277,2023-06-11
CUST3924,206.17974731516838,205.91204589424754,1,95.83015860677517,6.831627765780838,2023-10-01
CUST1353,288.55271042582535,459.67281181046377,1,3.4086516157191165,1.8488202467138266,2023-04-07
CUST4845,89.937331643129,182.5649059384563,1,27.037771635988967,15.372572428901323,2023-08-20
CUST6306,387.47772449788863,390.0328962897039,0,58.20724894266075,13.188431889456638,2023-01-24
CUST8325,212.49519725976012,444.7736768341247,0,36.545315575627356,15.457687776321425,2023-05-28
CUST6091,89.4679196622659,435.4174837807845,1,76.45594449711602,2.0705163626519267,2023-08-18
CUST5081,335.23672210979873,279.91522916978715,0,19.025809190230913,11.535112129700156,2023-04-11
CUST3851,169.7054616147751,142.19341324286614,0,25.189318180407145,7.511114993489365,2023-01-15
CUST2144,183.08147961117652,275.7008324234346,0,22.244383321593414,20.09105198838747,2023-10-13
CUST7622,285.1123850581507,317.81567831761964,1,82.68287103423219,3.099313779091475,2023-06-03
CUST2205,117.63486655798606,340.8889200798914,0,63.319980653851104,8.528412095946612,2023-07-27
CUST2083,196.95581360643217,330.91740195103785,0,25.05361984669815,7.226706370684207,2023-05-20
CUST7752,97.12601028833791,136.53020622095903,1,46.65037925305197,23.37098309905012,2023-02-12
CUST3501,139.76455413777194,227.98544540126096,1,33.70597999094469,13.335917031296427,2023-05-04
CUST9689,379.3736122037287,136.0321930102382,1,1.3733405795821731,15.261981710295055,2023-07-31
CUST3719,64.07110944492473,101.47641552175804,1,71.97516120240573,12.9244271319124,2023-04-10
CUST5227,446.6978800629205,223.30065801045396,0,91.75287499895262,4.106729242042846,2023-07-02
CUST7224,274.2260818361724,354.3743757649654,1,24.0971272085516,13.94149910889088,2023-03-31
CUST9374,337.8143574837573,466.19909960769445,1,4.707287373728359,15.155630946630597,2023-08-23
CUST4989,381.04828906357915,63.808918240255714,0,12.798921144145092,2.060115883214608,2023-09-18
CUST7163,359.5648348436973,339.8809934756625,0,19.759347424177104,18.226873093285846,2023-11-01
CUST2270,332.4578769930598,283.1257933582871,0,63.49512863186156,10.777705034307369,2023-01-29
CUST6690,146.0230345470332,390.47268723867643,1,31.889193045582314,5.6599702007059465,2023-04-28
CUST5716,56.75609726430011,372.41385407618486,0,50.455071342665605,6.796527865239165,2023-06-29
CUST5293,160.4799612489723,344.72705995379727,1,3.0209497709423574,2.2066922979454535,2023-11-13
CUST8749,107.30569222877398,450.0504752296308,0,72.89877598799767,13.193794915754266,2023-12-07
CUST5303,437.3656631138101,71.05848164868915,0,64.43213149669745,4.381919046457658,2023-05-06
CUST2604,291.7718418540903,431.5303182531829,1,95.50970270364004,16.685767250555706,2023-07-09
CUST5019,464.31577981578835,159.98712703954317,1,56.045853246781085,19.146274202258553,2023-04-01
CUST4274,334.6289843413486,302.74367287404255,0,68.44972951272962,6.105640773140581,2023-05-06
CUST5131,212.7663191101077,435.29331816384115,0,21.79287588095858,17.725046315455987,2023-02-09
CUST6370,136.88630591544717,250.0009011994457,1,26.20539837743333,23.246036425996415,2023-08-27
CUST3653,136.44543727993658,121.76578655991543,0,58.03941123733294,17.883825630752156,2023-09-03
CUST7560,430.4477206834693,407.4647862750696,1,51.94374189883271,5.222155521371471,2023-02-03
CUST7594,277.13368123343014,430.6790714867429,0,10.573654491782733,12.831953830459119,2023-12-29
CUST7510,439.9860616053968,92.82469473005146,0,37.11250771718649,7.483924474436953,2023-07-07
CUST6220,174.49048796070525,329.76572281392214,0,80.46564514630778,5.6359230659766,2023-05-15
CUST1814,379.1917488348379,434.4493258746636,1,31.209646288357888,1.7222102413532385,2023-12-12
CUST4277,335.41607646263094,476.1564497659648,0,91.30948826764624,8.191700365370284,2023-10-02
CUST4568,251.3546292705092,82.49807264901158,0,53.270390742047766,4.870724654589877,2023-09-09
CUST2582,74.4518928747511,383.3440506428307,0,37.450332106058546,7.8958648953100194,2023-07-19
CUST5066,362.8849574055363,470.9060928491512,0,28.335939235452454,3.2665950615464694,2023-05-05
CUST4454,321.6313170765137,241.69707846786045,0,62.69589156945057,11.988324825931532,2023-10-02
CUST3784,74.21836274636658,205.50130868080046,0,30.663850374808355,16.249375083182464,2023-10-14
CUST3322,404.8009228788647,229.10256039418553,1,11.046711790888791,1.7813362975039038,2023-01-14
CUST2489,497.3028101587783,469.0451043632839,0,54.54280765206632,1.222244207377274,2023-03-04
CUST7729,127.70453749194746,109.6466933661734,1,24.56166695269808,18.25527164905469,2023-09-19
CUST5467,305.611882251407,160.0382135878479,1,51.1491559700124,14.586651499929141,2023-04-18
CUST6713,240.301669569047,339.3799189545041,0,95.92731384767525,20.08743408965008,2023-07-17
CUST7320,289.8508756480637,247.8430348094649,0,91.93537994102822,4.71705612198616,2023-12-28
CUST1469,302.86785188841657,219.43365913166227,1,67.61859335512688,10.718759196445516,2023-10-05
CUST6269,233.21758751111696,392.626380129407,1,37.38851803675807,23.019677211166933,2023-12-06
CUST4076,494.8759537880115,463.4831516993805,0,48.46906181347058,6.10220243430886,2023-07-26
CUST2664,220.88920686195559,291.8303420280016,1,58.501169847987306,17.40359568399598,2023-02-16
CUST3259,209.69120626022152,405.5819621648208,0,57.60182468628089,5.148184019861819,2023-10-28
CUST7786,99.42645403835184,440.02255635879965,0,32.38991462997372,5.3087241045924065,2023-07-22
CUST5274,147.57259595938612,343.27839367987474,0,40.780189174010154,16.944361872462743,2023-11-09
CUST9984,300.61933834827033,277.1512460957141,0,75.11824110959239,19.75148687433488,2023-04-27
CUST8131,360.9776005882225,83.34185837025876,0,59.0011166521829,1.5746490354185494,2023-11-19
CUST4072,50.21222428929113,434.8656806288413,1,47.12335494795452,10.378022746992755,2023-02-11
CUST1443,384.11425506362224,485.30827060776494,1,75.52430449484525,4.6317506506151185,2023-01-10
CUST3579,68.30858667213556,402.8827746924299,0,65.15162235451065,16.676363731769108,2023-09-23
CUST7991,62.44568204269147,199.1738585325474,1,52.88373303763753,15.331450654413242,2023-07-17
CUST1114,455.59536707239255,349.27344476381046,0,86.85982617445487,10.166452589450117,2023-12-01
CUST9915,492.7541763255001,313.776270944029,0,3.8024779716533357,3.5594371726411573,2023-07-09
CUST2202,109.96436282963234,362.03113023140156,1,23.821692346635977,5.300486131245909,2023-02-16
CUST1468,75.65732501833321,177.98839310276622,1,97.97045165705666,13.90133283640567,2023-04-12
CUST4158,214.32801197395713,354.9983393984395,0,88.87371374550013,12.435349721742494,2023-04-04
CUST8446,370.94736396167895,215.91420880982804,0,1.9316003813985398,11.725111368887923,2023-01-14
CUST2414,190.31122299771982,284.7224862963765,0,99.91771979423717,16.60884879659657,2023-03-02
CUST6581,150.67114513625347,192.1186478434775,1,5.323855999374676,15.343680367932965,2023-08-25
CUST8371,387.1244628657684,443.0536970846317,1,32.58172888038406,20.116342691771738,2023-08-14
CUST2339,152.6369307711827,158.83574273868982,1,18.708255223247974,15.433167170081973,2023-04-30
CUST5714,257.21983493964564,353.1117746272381,1,56.36428240219433,10.597083556614997,2023-03-13
CUST3016,413.92027222919387,399.88182785808806,0,51.40279545613005,12.539841638921047,2023-03-11
CUST4283,152.94917479129208,122.54624104835068,1,50.7941984404873,15.143390094232958,2023-03-07
CUST6059,308.11939810501957,330.6640908754881,1,89.29421886933369,21.488620895280278,2023-12-09
CUST5549,391.4239724047868,380.0546565156546,1,25.435696322347518,17.158268216365357,2023-09-09
CUST3605,205.54981035177434,288.51781934808537,0,67.44402719489375,3.6332387348240576,2023-04-02
CUST6303,314.078741925695,411.95070823717873,1,99.1274290817149,22.7220316995143,2023-09-23
CUST8188,252.86117993096963,192.3451941262514,1,41.73677383350883,3.667254288379003,2023-05-05
CUST7628,181.07517534129232,248.3369139023637,1,83.78008568420657,18.125643794361405,2023-12-13
CUST2016,105.3354096020866,112.0625798484553,0,3.7471999497614545,20.413726976628073,2023-08-24
CUST7618,461.0241041166448,86.37381160358223,1,89.98027258582198,8.56816672961325,2023-08-24
CUST5888,428.6743963950186,281.377223640288,1,81.80101894050571,16.937941654690135,2023-04-25
CUST2405,91.10366492157598,208.48191012708986,0,43.87249869470895,15.270698755006382,2023-05-02
CUST1773,321.3522107959692,180.9281475948486,1,39.87476516574841,4.759402432280286,2023-03-22
CUST5698,259.231131993109,158.0714869328135,1,13.499995456108866,21.012560560441067,2023-02-11
CUST9717,174.91474480034734,368.25821607073937,1,53.267351664288135,7.904811655038451,2023-11-08
CUST4881,224.16324041857393,236.02175776219698,1,72.07245111064442,13.920171466551814,2023-02-09
CUST3330,244.59904866744137,128.57809717984986,1,2.908340631307651,23.809668118932915,2023-11-14
CUST2841,253.57533120746282,174.96342757934298,0,51.58920094877579,14.387680981730234,2023-05-27
CUST9407,440.8777380625624,400.3087938221599,1,57.59547949898876,14.874847991306588,2023-03-09
CUST2470,397.5186145558599,422.3209000012139,0,60.92157550174799,19.258180299575884,2023-08-27
CUST1982,422.9462517841114,85.88311337967016,1,70.36199622905862,1.8419452133170302,2023-02-19
CUST7465,299.96187204900446,445.635465072071,1,78.69880619837764,20.09047612161985,2023-10-13
CUST3604,96.1241878771525,158.6499881650757,1,94.53362025754164,6.385967546585688,2023-11-11
CUST8141,497.866515665755,442.1989864904728,0,96.79839892475613,2.40011025129054,2023-03-30
CUST2775,348.7939729109504,287.2757771358166,1,16.56515849797166,23.15148826265741,2023-09-05
CUST1668,417.20554047880375,112.8926159493837,1,94.0316811177906,8.717935982877266,2023-10-01
CUST5483,469.3346972504106,494.9270045435122,1,7.35549440780865,10.44170746498775,2023-03-28
CUST1030,96.54678161575765,219.68538201813655,1,34.97018817212998,8.471961984261773,2023-03-25
CUST2147,180.94661207302056,462.7174731650854,1,58.803753579174874,19.83221881396913,2023-02-23
CUST6925,355.25602008350717,423.49003439813185,1,53.06108624923615,13.34598161103782,2023-12-25
CUST3525,335.1778338253554,123.37757071633048,1,86.97959506933796,19.030494751620992,2023-10-13
CUST6484,315.90705024256107,101.02719908588364,1,33.96883879908513,3.3056287635848047,2023-05-29
CUST4758,108.54211843794603,269.58732818531115,1,30.156417670782663,9.579152723357739,2023-08-28
CUST4557,448.08064632874914,481.73385773370427,0,58.97557613274369,4.089017464512548,2023-10-19
CUST3639,109.84481560036721,181.10937632979397,1,99.3307791366314,12.553469391590383,2023-08-29
CUST3315,244.23349821318163,344.2753041222813,1,12.309034358114523,6.486970206534235,2023-04-02
CUST6847,362.2020457193048,150.3760936322828,1,62.013799218843324,7.7697553842541565,2023-03-11
CUST7226,270.1603530533958,301.6258453533872,1,80.89220974185396,9.655448667755856,2023-06-17
CUST5069,412.08964485072886,179.113977368077,1,33.95399685819257,19.056773645747963,2023-09-29
CUST5610,128.60204853955332,102.72665512862949,0,91.15897618436422,10.514397640009882,2023-01-17
CUST2724,389.5688096701981,455.3693238539147,1,32.19967833737303,21.677378849650243,2023-10-15
CUST8688,235.314572547417,496.7085241192521,0,70.6664481229464,7.4805509210057055,2023-02-04
CUST4490,193.6099762325391,392.00800203473386,1,9.018478074454784,16.599978891799235,2023-09-01
CUST5253,418.24362756553364,409.47747813015815,0,6.887102872604826,17.330339237905893,2023-06-30
CUST9045,431.837473892192,242.8187891791805,0,6.178429415495274,23.06234796228751,2023-11-08
CUST7455,386.46484769168325,348.9438085524792,1,63.65624700690728,17.89881179218529,2023-03-18
CUST1719,446.44167763162386,57.80000827416015,1,28.851994511052236,5.481390320243128,2023-09-03
CUST5062,262.14298556905965,332.0552873902863,1,84.10029482879862,13.598734015672768,2023-08-31
CUST8808,387.62494342894,172.86512994387826,0,73.66625243344446,6.481942108969863,2023-02-21
CUST1223,476.5243039841754,431.59071550755004,0,56.324465211686146,11.140980427619914,2023-07-20
CUST5267,482.0536674795995,97.26826194442062,0,5.874777976851294,14.20300863842824,2023-10-27
CUST9467,223.63440031619461,173.33261325265698,1,93.2306726714105,4.129485510776963,2023-04-24
CUST4399,97.86559616354546,228.9218480737277,1,17.022374949292537,21.278835614992786,2023-11-14
CUST6440,439.2241403992681,305.5292742307473,1,82.38255322818213,5.245289933895795,2023-03-10
CUST5616,449.50144912183504,78.18884691316481,0,76.7988791328442,12.535758464222395,2023-03-25
CUST2894,410.2252167816847,195.71126184269224,0,24.964121192109896,16.969651369987663,2023-05-16
CUST7269,429.815435104629,209.19718113316853,0,23.190955379041675,11.558256141118024,2023-02-12
CUST5650,352.3122791580126,128.3719428903009,1,85.87788713071149,1.828731931610144,2023-03-27
CUST8249,206.23399003112178,420.0560933831151,0,44.08967402693285,11.248168620721614,2023-02-22
CUST8650,475.6702669437002,363.2611422748543,0,9.023810250934906,23.23676418343737,2023-11-18
CUST4901,231.48723588464523,464.27002450091794,1,5.60552590000022,13.173188242459194,2023-08-29
CUST1266,234.47020065372956,314.06687861996176,0,99.66465142116573,14.808156659551491,2023-01-21
CUST7450,390.823658981376,353.42464641976284,0,19.525502665423666,15.649157925913721,2023-07-11
CUST4515,387.2371185440212,401.6936167148849,1,79.9907765246557,9.082299344348367,2023-04-11
CUST6539,310.665466530222,184.91550349070545,1,34.65699773314334,17.503100604521837,2023-07-29
CUST8385,50.627282455927606,131.25505500320804,0,45.65994325527781,2.9896393307747267,2023-08-12
CUST5587,100.70189520830151,353.2677026944651,0,90.18638418489383,3.640761656777767,2023-07-25
CUST8009,486.0778344925196,224.38433488973033,1,81.26001422477414,14.67344277200784,2023-08-07
CUST3560,395.8865336992672,306.2225188795171,1,88.7413543391458,20.641712610026477,2023-02-18
CUST9794,60.04132479197325,358.960210737627,1,63.94581838636178,1.1707445611852465,2023-02-04
CUST1040,108.74262006558482,175.11236172540885,0,7.5478885258203166,17.147435910060288,2023-10-03
CUST9158,393.49438716881053,109.73645421948322,0,53.56549561280077,1.2012544544846078,2023-06-13
CUST3972,54.63775506114571,296.34656901799406,0,83.25147058559217,2.35793418069601,2023-03-13
CUST4626,213.94307742026737,365.33348405606785,0,92.62119526350794,5.0362496993046655,2023-11-12
CUST6665,443.4857136743863,398.62528159468104,0,11.179644911087273,2.0721293724043477,2023-05-15
CUST7347,422.46119231986563,114.76131952865808,1,40.61645997621143,11.29176851841973,2023-03-30
CUST1744,75.0388382738333,62.06537547109397,1,9.473902988609066,17.060502722548105,2023-04-30
CUST7013,428.6566708036071,61.78014872085047,0,84.39707503925491,18.062816035600072,2023-05-10
CUST2076,235.14385327275124,276.18672141407467,1,57.654186372720034,15.038400901021328,2023-03-28
CUST8107,423.47090934352207,274.78082861798976,0,88.97300579681202,23.334699306274764,2023-06-04
CUST1905,212.6380527290551,198.31902410389733,1,7.557177781829592,16.22565433165104,2023-07-27
CUST2204,456.02243889752344,439.5053600221115,0,44.71205393454792,7.113938375579407,2023-08-27
CUST8382,496.80903745504503,59.74774044331576,0,83.76067944970289,16.63944011684768,2023-10-15
CUST5009,331.0415831010336,496.1083241835811,1,65.40621008926288,14.270803300799724,2023-01-12
CUST5270,281.24080703702367,386.66047893725533,0,75.9395786855302,7.858221106433749,2023-09-02
CUST8246,463.46154590552464,181.9604390596304,0,79.49802835200114,1.1038979863577922,2023-09-09
CUST1435,263.38501050244884,296.7898822212802,0,71.66750730153997,14.538968727233623,2023-02-07
CUST5435,102.94521266646866,317.81682393556076,1,48.372331121739585,6.98027828175254,2023-12-29
CUST2126,493.6525592650503,369.9359471464836,0,4.2260735963262555,6.703326126809812,2023-03-02
CUST7145,325.18106830033963,285.08592556848885,0,74.51284700037267,14.111281023009749,2023-04-14
CUST6391,201.84432167346162,488.9335924406515,0,53.9375045998615,21.115316205536214,2023-04-19
CUST3431,441.6380678408124,329.34820593490895,1,26.53436403894524,15.205953345990224,2023-01-24
CUST6280,92.99238873943831,303.7249041427457,0,98.23089631623499,8.845588108300104,2023-07-28
CUST5977,150.33296248261667,218.86483136265142,1,6.299182336630627,20.683382122222646,2023-01-23
CUST5762,301.831368553801,499.85970757579935,1,24.619866196894833,4.859640452495031,2023-11-14
CUST4835,243.1839353019232,346.54024824738747,1,28.9790903175971,13.467531735438607,2023-11-27
CUST2131,286.27807660935287,235.68659111751387,0,10.622087248582378,7.873329451229939,2023-10-20
CUST5887,120.87690844398503,483.59957611210916,0,60.71669567511,1.6179455273624277,2023-12-26
CUST7871,412.627769056374,255.72659995054707,1,60.84217963306642,14.029482289550252,2023-08-09
CUST8898,105.10480921314857,466.13458479527856,1,35.95029362354192,8.40962130529255,2023-12-11
CUST2557,485.0310170167637,259.55487611898616,1,52.27272121831837,4.814159848732913,2023-03-13
CUST9230,97.32850606717932,135.9805470903084,0,63.77230699967192,20.28666922093162,2023-10-08
CUST9865,195.32914904623595,146.0548570582164,1,53.55649209087246,22.602291829949124,2023-04-21
CUST4311,441.1276780669348,463.7047663111109,0,56.057943942499946,3.682999200997321,2023-01-07
CUST8268,292.40789880685963,363.55624988480935,0,32.465987492622425,5.0387438873778,2023-10-27
CUST2404,228.80735123919627,441.0912444418917,1,40.70784345756997,9.293918855397816,2023-12-17
CUST9964,202.8061842479671,114.48282430158906,1,9.930912692158827,6.352318314272429,2023-08-31
CUST5220,53.352877062159926,68.66962263248602,0,39.59926297995261,3.066698363591841,2023-01-24
CUST3883,436.0450965955239,166.06833587612175,1,13.00422595133264,22.326991170862797,2023-05-09
CUST3413,126.98758322652614,369.55324061303753,1,68.21102826038879,15.870227783148142,2023-07-10
CUST9018,386.03749951999106,243.83648935809543,0,11.270785720846087,8.594539321691096,2023-07-21
CUST4716,364.92287760400336,247.87293223989022,0,60.05917124798903,11.91971306776943,2023-03-15
CUST3467,50.86368437123709,68.45207966336268,1,55.9088901627113,17.260272870942316,2023-06-13
CUST9154,344.25932780176106,410.1976373623607,0,3.026787979980209,22.167417169040288,2023-09-30
CUST3985,166.52949675594644,295.0022220008706,1,3.498734739986497,15.71315367468898,2023-02-13
CUST4820,456.0657958847142,395.68555192570585,0,15.804281128553994,2.388947654390372,2023-04-16
CUST8312,248.5763443898794,178.20413144307977,0,10.066331592791634,3.4345564660162387,2023-01-07
CUST8078,376.4469703134538,135.7157287452954,0,49.61463001499697,3.00754302064977,2023-04-29
CUST2860,489.11187797118197,85.65199938388199,0,55.81175688630834,21.517273593182285,2023-10-17
CUST2001,373.7986351043924,218.34880071551746,1,94.74993119199496,6.077758716371115,2023-11-04
CUST3094,497.69148664862195,472.5129275155353,0,58.56028046500505,10.713453885716378,2023-12-11
CUST8219,69.46161991970841,462.79846193635575,1,8.804057727002277,15.254819034841367,2023-12-07
CUST2437,104.37717091374448,144.70194287714696,0,10.900908204095883,13.785331486646161,2023-10-14
CUST1332,287.58905198655987,449.76498713208065,1,61.023754382025174,8.96157225491103,2023-08-02
CUST4430,184.75796874005505,148.993875014014,1,95.02754150875536,7.371715644434764,2023-10-05
CUST8729,81.35902379050782,143.01146122126625,1,29.39241706415608,10.430821960136193,2023-02-28
CUST5756,60.219051578556375,76.20809817060177,0,54.69436827242509,6.039141474628215,2023-10-22
CUST1072,188.2590980969993,143.33796409370984,1,18.645307167698803,17.386108402399095,2023-03-10
CUST4453,196.69440691491332,184.57974007685647,0,14.85928045580126,14.061234395309153,2023-02-09
CUST8101,228.99903316078903,158.6664574218554,0,26.08409551067669,15.112805682973567,2023-10-09
CUST4985,166.8146594993937,310.5272626130952,1,44.89018263569287,2.710209783010188,2023-05-07
CUST2467,277.9395332186998,241.32446520074097,1,10.56092744220037,5.5837870141273696,2023-02-21
CUST5428,471.0956029400479,107.21421234565938,1,95.14273918639755,16.323551205921742,2023-03-03
CUST3461,473.89399658055254,360.94154774776035,1,55.42082139459673,8.226563774872215,2023-08-13
CUST2645,456.2892153195666,315.3936161412652,1,54.54161554570234,17.387027679043918,2023-01-14
CUST7234,167.14257905507196,416.402368306399,0,26.037577554935673,7.378931796809513,2023-03-26
CUST9816,50.0425399027893,485.1851380624169,0,54.82003640052998,12.458177939466944,2023-08-21
CUST1158,125.70214650317672,162.0736747911056,0,51.01989842004053,1.9948813421037677,2023-03-07
CUST6532,493.95463865448363,425.94511879567307,0,68.23852358035256,5.7681343394517715,2023-10-01
CUST1402,174.42672908250776,67.55192246222963,0,15.098869261406909,13.946528435049762,2023-01-01
CUST5869,219.70949633995411,170.3415120163977,0,74.705540124355,1.2165988208166403,2023-06-04
CUST3535,247.2142173565322,486.2603513116262,1,93.727833975956,9.430032124469209,2023-01-01
CUST2068,292.43405719515704,130.02882897128896,0,20.71755550039252,8.684347432001163,2023-12-19
CUST7191,210.30367254164344,156.85267300172637,0,51.77827947269634,13.154779634963477,2023-11-03
CUST3571,149.2723903991233,171.69665834694712,1,25.308769738559953,13.493276351472526,2023-11-23
CUST6270,168.8280643383253,343.1187646156782,0,82.65599330693009,16.432871094631945,2023-10-23
CUST1415,205.38791916760985,245.10323779497594,1,99.99720652458409,22.939705892444533,2023-04-08
CUST9681,164.81963565153058,227.29675959077846,1,21.50335211534123,20.611155006457683,2023-01-16
CUST6991,461.220161551303,150.12415147433708,0,47.790604936099385,13.949420038115301,2023-03-18
CUST8413,219.89739952241433,50.365221613537614,0,95.87314432443547,14.225852207030915,2023-03-08
CUST7769,329.0736882404313,418.9587463802447,1,62.56909711154087,20.56053885563577,2023-12-14
CUST5344,333.1158147804731,202.1558709035779,1,68.7304848402988,16.92834366383255,2023-01-27
CUST2721,185.156751464258,248.05507770798278,0,18.600419160995447,1.0625936104148406,2023-10-07
CUST5201,405.4359386470365,427.650432768324,1,67.2248152421969,17.87457637716219,2023-01-14
CUST8537,80.87785393043056,484.9323488349077,0,71.50498149949499,7.653243741428161,2023-01-10
CUST5798,433.48086097608245,377.49394901130364,1,29.53616802338975,13.748880185924424,2023-01-15
CUST4569,173.02805723004934,70.03928044305351,1,27.261411472468623,5.880311267626114,2023-08-14
CUST9943,86.39148260680372,281.972292461618,0,56.457906684172826,23.928399510688756,2023-06-28
CUST3489,273.95713319081585,337.40531763066036,0,52.57200360057068,13.35885566910883,2023-05-05
CUST1220,288.15255992619944,163.55658701505914,1,97.0535763838692,15.981208292348906,2023-03-06
CUST6325,164.5680432393628,277.2666778681942,1,73.42470468669748,12.004411977724747,2023-01-24
CUST5492,137.43632214203697,74.41437597375744,1,3.7297567385996846,8.959015401507823,2023-12-19
CUST8476,145.40494543139283,247.27780224445894,0,4.998910446798474,2.879254204879879,2023-03-11
CUST7517,233.51218685136615,417.64377728154074,0,15.254106275223736,13.894040793774181,2023-11-25
CUST6197,478.89548197032275,418.87203176448793,0,89.99440841262249,16.99000127462579,2023-07-12
CUST4457,418.32282881632193,444.9466255017269,1,34.604002537051805,15.360698776538667,2023-01-02
CUST9725,309.8633639722235,308.55737136541075,1,96.26627545046433,13.184504560243468,2023-03-21
CUST8704,111.09364163030769,247.89896116654427,0,72.86223925450795,12.783470361404838,2023-07-10
CUST4665,168.33630191329814,464.5784834945315,0,91.91873735466558,4.665193334202895,2023-12-03
CUST6125,113.70678729386394,105.56671137175861,0,89.2897309170816,12.57104604027036,2023-01-14
CUST1864,57.777539731960566,305.2298749360666,1,39.75337972487796,11.331696304251249,2023-06-01
CUST5463,140.3910158095465,449.25665823155214,1,11.668404184172125,19.777150422239714,2023-09-08
CUST5902,371.44651495396,304.11870838724826,0,6.144791832633208,11.121372532052966,2023-06-19
CUST9318,408.87310937801425,344.40359293368925,1,58.35082742168446,8.179720709434974,2023-07-16
CUST3214,466.1710935348563,480.6317066872388,1,96.5396173670261,6.789583540376755,2023-08-22
CUST9009,96.2045259453694,54.080795866817695,0,20.06276041020469,5.71490461617858,2023-04-08
CUST7677,424.49412363331066,150.59014103290775,0,22.20343267161795,13.742954316269477,2023-05-27
CUST9477,398.22266512307084,498.49558925327693,0,88.31813547625696,14.228931578258004,2023-08-21
CUST5397,99.17336555135348,201.21242364509928,1,38.32769165550315,16.75644782524497,2023-11-22
CUST6371,398.28028682176057,422.43656603010254,0,6.423583803926824,8.578052037239877,2023-04-02
CUST2769,431.1794652044721,324.49735831581944,1,7.054055443297665,4.306199808424022,2023-09-02
CUST3464,317.68134583766454,79.9163631692647,1,73.8298278980268,3.1593848938794715,2023-12-21
CUST2169,156.65417316208982,344.7516909878865,1,62.06525164466737,4.98623046791127,2023-04-27
CUST3518,400.51412174913816,320.2316170108911,1,31.45180001251621,22.082684964132312,2023-02-19
CUST5176,288.9917135139491,111.78757814445206,0,92.94228196287852,19.378775557109304,2023-03-04
CUST6794,55.077061026894725,389.6738943775942,0,98.55645633899971,10.716188248631568,2023-07-25
CUST9405,355.7294329192894,202.6590097687001,0,40.50929756380434,18.050796205555734,2023-08-22
CUST4945,73.41196159951086,198.50101449296736,1,81.58663833055718,20.072931463556284,2023-05-19
CUST5062,259.1628707446948,442.21188651271046,1,49.65090575664215,19.93141592379155,2023-01-14
CUST6284,343.5430220346432,442.4945377872819,1,58.405156756267175,10.353352633405633,2023-02-24
CUST5633,161.58826142242762,203.14850871730354,0,69.45980694644639,12.613630634457321,2023-09-06
CUST8108,467.61210811200357,178.08459246825623,0,68.36060136395992,2.2223747593486323,2023-07-05
CUST2417,344.9503767990258,151.42138220508525,1,62.55958964496642,15.135359147005802,2023-12-14
CUST4037,348.4277919457296,93.0229612672164,0,65.38584808881606,4.856215128024858,2023-10-18
CUST9150,341.2203417211434,286.15968440785423,1,96.19547051382168,5.335725891155546,2023-03-11
CUST2377,119.51820452051926,288.79188927242444,0,25.442563103480225,3.5210624975699507,2023-03-18
CUST9847,151.87865562762855,231.72658041864827,1,52.48079195335536,1.4092048220310458,2023-12-25
CUST5236,423.5566538966268,425.5665548060887,0,82.41846112042995,3.1633672356735216,2023-03-01
CUST5796,72.50839604018967,330.469505178831,0,36.02335872697047,1.0353735917043743,2023-06-22
CUST7676,341.62216839126046,341.76708336517197,0,28.613735583244,17.610012304188462,2023-12-25
CUST5998,418.6561930723295,129.57440141480907,1,60.96870350885491,3.811633813607464,2023-11-25
CUST7669,450.9176871850548,60.363978845439895,1,59.232714440012046,9.259695484171306,2023-10-22
CUST3320,388.80136018373184,91.82970392629291,0,17.97714015513258,23.95271666339985,2023-10-19
CUST4121,129.57511869411582,315.8866689163077,0,5.4159735295519145,2.5675714087297146,2023-08-21
CUST7011,195.0428052871283,134.86125683166597,0,60.7901665791328,13.40865461481286,2023-06-24
CUST3427,81.771855206894,82.04471552144653,0,40.05228114925697,1.0875413089647288,2023-01-11
CUST5339,310.51421688933743,118.29212727060701,1,60.941494646729566,10.45268945935455,2023-09-25
CUST5839,189.76891743521233,259.16661332889123,1,34.014211260027864,9.442277490629866,2023-05-27
CUST2836,169.99958840444714,153.351726624682,1,69.7608265654469,6.955824115596979,2023-07-08
CUST1006,101.24580017394214,189.54709858335562,0,79.28879770656323,3.6168010119702108,2023-05-26
CUST8546,145.52570560248165,444.7794405705732,0,28.62753239234831,14.608366033791311,2023-02-01
CUST2240,442.04699001005827,420.75488618209823,1,32.57216257107084,22.23763801513115,2023-10-22
CUST4430,228.56531958944777,476.32429803296884,1,55.42278733133167,15.746322505634545,2023-05-08
CUST9108,232.0343570269998,187.82006176974062,0,83.78188935146392,20.033879308360017,2023-04-24
CUST2228,90.69204027082003,334.70847800345183,0,74.23414954718518,10.156607272578611,2023-09-23
CUST4283,238.63010330380266,415.64727240483097,0,55.40896470114362,14.720190472921967,2023-02-22
CUST1265,238.1162434349651,222.6255201545331,1,68.16364463407794,15.97957214753435,2023-01-10
CUST3780,183.36508031294468,113.45346996558393,0,14.282417622783475,12.49578856745186,2023-08-26
CUST9681,453.3864492402193,147.7420056483256,1,1.0583941811089508,16.587263480334066,2023-12-30
CUST5814,499.40975487780594,314.03198701665843,1,97.91118673753475,1.9084002725151468,2023-12-01
CUST2259,334.9804852395248,197.1042203950285,1,77.3363992939239,10.985742660599415,2023-05-04
CUST9979,249.84691650557195,136.9005633264891,0,15.125109077201719,22.9743187776623,2023-05-18
CUST3361,406.17846016963006,452.0477792380844,1,48.68566919346405,15.207482536579931,2023-03-01
CUST9352,53.430558196435015,262.939147655904,1,11.386859892359803,15.283249812680673,2023-10-14
CUST9712,186.94708514720168,123.0286055272345,1,43.263447840595646,20.104517112251955,2023-07-10
CUST2401,176.23354431227608,136.66182430888398,1,52.2993540505495,12.89143253871979,2023-08-30
CUST4945,456.1181889819138,279.5559365691445,1,38.09287346482505,14.815086813119644,2023-08-08
CUST6275,449.5507978324497,112.68722132920382,1,89.28888433776403,21.789923060331194,2023-02-10
CUST4521,177.03661462608318,498.3600894756864,0,83.95592918039434,9.99630790310377,2023-03-07
CUST8628,397.50452457705313,332.9487296021014,0,16.595150383756497,14.342018785872183,2023-11-24
CUST2458,67.01295213000098,199.44313917308796,0,13.941807000632245,22.760385396613543,2023-01-30
CUST6120,199.68876815695512,244.27934003221077,1,52.618782995566214,2.821863702140288,2023-11-08
CUST6110,349.044390353017,331.20013739417,0,28.866858681203244,21.681285641689534,2023-03-17
CUST8780,192.84681115512868,399.04504340006207,0,27.696045538647567,11.76807407127922,2023-05-06
