customer_id,region,complaints,network_issues,call_quality,satisfaction_score,timestamp
CUST5269,South,1,3,4.6618991207674085,2.63816280338035,2023-08-05
CUST7021,North,1,4,4.506809652289913,6.653252574208535,2023-12-05
CUST5292,South,6,3,1.3845540092966546,5.062102165338857,2023-01-09
CUST1240,South,5,0,3.6183282895001234,9.46846623447042,2023-08-06
CUST5573,West,9,3,4.499249046921428,3.2910244611323045,2023-08-17
CUST4994,South,7,3,3.088927805475095,9.381467664466074,2023-07-19
CUST2494,South,7,0,4.382556767372693,4.2864727991413885,2023-03-29
CUST2054,North,0,3,2.4940340373402963,3.5141057434374843,2023-09-09
CUST1662,South,0,3,3.597236898886099,3.005135991943283,2023-07-30
CUST4261,South,5,0,2.5281128276454865,5.062359656415153,2023-06-07
CUST2921,West,2,2,4.382200592883596,3.815482890106002,2023-03-08
CUST2486,North,4,0,2.9730919534604854,7.14740942176346,2023-04-05
CUST5832,South,7,2,2.8294979041167116,2.4956791113258703,2023-05-19
CUST8704,East,5,1,3.516410265422592,9.358870746616079,2023-02-24
CUST5952,North,6,1,3.464148990944225,2.0134865164734457,2023-08-29
CUST1063,North,4,2,4.13556199867857,8.160881799187344,2023-12-07
CUST8352,North,0,4,1.5450267161494322,2.2002540255529954,2023-08-05
CUST5301,West,7,1,1.3599271848004117,5.357501450065831,2023-11-16
CUST7146,West,0,4,4.8175827385929235,6.037542746195323,2023-09-05
CUST6430,West,0,3,1.882581086895537,4.731654250061727,2023-02-22
CUST6994,South,1,0,1.4764797120287745,5.3446298267204675,2023-01-14
CUST2157,South,3,0,1.7503533611985942,6.839361991281655,2023-07-21
CUST8933,East,4,2,1.450734511683455,4.40533543469766,2023-02-17
CUST3180,East,1,3,3.5406309062221837,9.64393217529304,2023-04-20
CUST4448,North,7,2,1.3672863169563292,3.3070846992032568,2023-02-07
CUST2559,North,0,0,4.017572884847634,1.6339021347643934,2023-03-23
CUST6219,East,5,0,4.641687594737585,3.3709588388229546,2023-12-19
CUST3180,South,2,1,2.1239804446805186,1.601431658730826,2023-11-03
CUST3478,West,3,3,4.99219102805713,3.0312584247036556,2023-03-18
CUST8142,North,1,3,3.1622317303084473,4.949569598375618,2023-06-20
CUST4211,South,4,2,2.3913855872488075,6.0895840136003425,2023-07-13
CUST8337,South,3,2,2.587774120621089,5.735181435776986,2023-06-01
CUST6514,West,4,4,1.297341254808396,7.617982174900539,2023-10-05
CUST3696,South,1,0,4.231185063862318,8.533367643210191,2023-05-24
CUST2575,South,5,0,2.3026217136235703,6.742273888332123,2023-04-07
CUST1614,East,6,1,1.5986828909321096,1.4274462538970738,2023-06-22
CUST9385,East,0,2,2.8284400585574723,7.229520995625412,2023-08-31
CUST3862,South,4,2,2.3736501912416705,6.429524171374693,2023-02-18
CUST4994,East,6,3,3.561913863535787,8.14885046520552,2023-07-22
CUST8884,East,8,1,4.08925875363707,5.854500002211008,2023-01-23
CUST3346,West,9,4,4.061242141097129,3.700678322952464,2023-06-16
CUST2604,West,5,1,1.4257224346226027,7.247837176284483,2023-10-27
CUST1342,East,4,1,1.168682267940643,6.228327441052919,2023-08-04
CUST9070,North,0,3,3.493410444433138,8.722900021324143,2023-06-06
CUST5594,North,9,2,3.546954496407804,6.788789710244532,2023-02-02
CUST4566,West,1,3,2.8943389061737452,1.1885439871612484,2023-06-23
CUST8013,South,3,3,2.189543679449406,9.097710104258292,2023-12-06
CUST2845,West,7,2,4.222303676239653,2.242719342218277,2023-10-25
CUST1924,North,0,4,1.006585209223886,1.3685425801678028,2023-11-06
CUST7851,North,5,0,1.593818651204768,7.675359006185815,2023-05-21
CUST2509,North,2,1,4.598088936941403,9.703637137029443,2023-09-24
CUST5955,West,9,3,3.9366156196903423,3.7911458925167523,2023-08-02
CUST4919,South,2,1,3.6454890968497726,5.093870472748554,2023-12-15
CUST9566,West,4,3,3.591540564507832,5.29646474384438,2023-05-30
CUST5098,North,5,3,1.2031104474670031,1.3776528327685018,2023-04-13
CUST3182,North,5,4,1.4237404680775243,5.708866510546023,2023-02-03
CUST8065,East,2,3,3.0606289940618794,5.620246421932646,2023-03-07
CUST7120,West,6,0,1.31956068919437,3.8835620239194037,2023-03-13
CUST9734,South,2,1,4.0118246537129085,6.756725656901208,2023-03-15
CUST9031,North,3,1,1.240011342237171,5.001230677869175,2023-07-16
CUST9128,North,1,1,1.9424135055643394,8.27966466165107,2023-11-11
CUST6555,West,1,3,3.667385646240513,1.3832876576263589,2023-09-13
CUST3300,West,6,4,1.1002299135905562,6.64683109686627,2023-09-16
CUST6802,East,6,4,2.9721057169597676,9.558291135031476,2023-09-12
CUST4899,West,0,4,4.693576395589319,5.374930604946503,2023-03-06
CUST1201,West,1,0,1.3297405274654377,2.6130419397498654,2023-01-13
CUST1119,North,5,4,4.064980320357002,9.64906811868379,2023-02-10
CUST2689,South,3,2,1.194204000018054,1.9960144389151777,2023-06-15
CUST3034,East,4,1,1.887739276555234,1.5774467771499612,2023-12-19
CUST3619,South,6,2,1.140393220097983,2.722672980491693,2023-04-06
CUST9040,North,4,0,2.6838232199204723,2.7734689430317845,2023-03-16
CUST4638,South,3,2,2.286115404898441,1.985340732271307,2023-09-12
CUST7252,East,5,4,4.159330288546941,6.495681971287804,2023-04-05
CUST7118,East,4,2,1.679832912031629,6.986293124069476,2023-11-22
CUST5145,North,6,2,2.011334557988597,4.981361413470228,2023-01-18
CUST1415,West,3,4,4.834141084245694,9.393013721312478,2023-08-11
CUST6068,North,3,3,1.7748007257759983,8.472658179175436,2023-08-06
CUST6757,West,0,4,3.2049568637460633,2.249317624800651,2023-01-25
CUST3724,East,3,0,1.424681657776432,2.1001649223788186,2023-03-04
CUST4620,North,0,3,3.6686116242351443,4.99249600986612,2023-01-23
CUST7347,East,8,0,4.520518903257077,5.989096474969216,2023-05-23
CUST2563,West,1,1,4.09208888996209,8.003258635834138,2023-04-23
CUST2136,North,9,2,4.811298041423335,7.5857928110221495,2023-07-25
CUST3793,East,6,1,4.749993113414711,2.5862784144940996,2023-09-29
CUST4955,East,4,3,2.0349117642832977,9.436562490372,2023-04-22
CUST6072,West,0,2,2.952619014141356,1.3087589005734657,2023-12-15
CUST8218,North,8,3,3.3192184323073635,2.587404329432884,2023-09-11
CUST2472,South,5,3,2.4837803725941643,1.5459072659406372,2023-08-18
CUST5708,West,6,1,2.098128725788704,5.157968169225083,2023-02-11
CUST3844,West,6,4,1.5677785172782226,8.678882473782142,2023-12-09
CUST5648,East,8,1,3.9347435644245747,3.075329543242191,2023-08-30
CUST4618,East,5,3,2.023043591054882,6.7836373299335575,2023-11-14
CUST6558,East,5,1,1.655132504790855,2.547035433382384,2023-05-21
CUST3490,North,6,0,1.0520292127795976,4.167294255605299,2023-06-07
CUST5545,East,4,1,4.81285899634535,4.188838677534198,2023-01-31
CUST1162,East,6,1,2.0114335687632665,4.562362557106761,2023-09-03
CUST3442,East,3,3,2.0604641114748072,2.4590129399315472,2023-06-14
CUST8835,North,4,2,2.263475193619713,1.1756774280378006,2023-12-11
CUST1397,West,1,0,2.311537396090915,4.31826959140884,2023-04-25
CUST3522,East,2,3,3.4809849943025437,7.623471284745648,2023-08-03
CUST6703,South,0,2,4.979604633463439,4.912998498805511,2023-05-06
CUST2040,West,8,0,3.4637279683795748,1.4005592859237912,2023-02-12
CUST6555,South,7,3,3.8344979715869774,1.2108326087113843,2023-08-04
CUST3182,East,8,3,1.3656167187966215,5.707886830837178,2023-06-05
CUST1383,North,7,0,4.822673530729215,9.884567263429048,2023-10-19
CUST6294,West,0,1,4.893801658133681,3.529969192333079,2023-11-19
CUST6066,West,6,2,4.197611845550528,4.4954116615376645,2023-12-28
CUST8246,East,2,3,2.5564713147075078,4.676800432826283,2023-06-22
CUST8900,West,1,1,3.206206387065758,3.113877187268276,2023-11-03
CUST8071,South,5,4,4.420463270195378,4.629905712818797,2023-08-06
CUST7674,South,5,4,2.942660602122736,8.295795767123238,2023-12-31
CUST6659,North,2,2,3.0098604927853625,8.587654659030136,2023-12-25
CUST3155,South,8,1,3.284845993530096,5.904273234733566,2023-01-15
CUST6409,South,8,2,3.9246365548800437,5.323586001233787,2023-07-14
CUST5774,West,1,0,1.524181188013554,2.3679728650597816,2023-06-23
CUST6291,North,9,4,3.454785808137992,6.890075159104956,2023-09-25
CUST6478,North,7,1,3.0892185071098863,4.15611105860123,2023-08-16
CUST2839,North,2,3,2.096236909428589,1.0878409335211252,2023-03-12
CUST7373,East,5,1,1.423738918357377,5.203588192259746,2023-09-11
CUST6519,East,2,0,4.4834935029567635,5.288875312613058,2023-05-23
CUST6762,South,5,2,4.243605615775106,3.00376496616735,2023-03-20
CUST9408,South,6,2,1.7621916649773888,5.834442511120799,2023-09-22
CUST7103,West,8,0,3.54279927540832,6.6715786982638114,2023-12-05
CUST4756,North,0,3,1.8210138490858894,7.198245451851982,2023-07-03
CUST9059,East,3,0,3.7633327182544924,9.68089593886845,2023-02-11
CUST1098,North,4,3,4.151682081975624,1.8264800590137027,2023-10-11
CUST6861,South,8,1,1.4826455899410336,1.8463726552329787,2023-05-29
CUST1363,North,1,3,1.597590550828739,2.304345492016763,2023-03-29
CUST6512,North,2,0,3.5810070500075017,8.922954015629518,2023-10-31
CUST9622,North,5,1,2.3765972145975827,8.183225816908507,2023-02-09
CUST1417,North,7,2,1.8572099470936108,4.511956462147332,2023-10-27
CUST1725,North,7,4,1.323937771525618,7.169456692972607,2023-01-25
CUST1950,West,2,2,1.8515880732066288,7.5281831565010275,2023-10-16
CUST7632,North,0,1,2.0639137828983247,9.38418429321463,2023-02-17
CUST8821,South,1,2,1.7719844486535665,9.431533883893223,2023-08-03
CUST4190,East,7,0,1.7010507743542735,5.804507785912914,2023-08-06
CUST8917,East,1,2,2.940505132758761,4.792472814093163,2023-09-28
CUST8282,South,5,3,4.43845546560126,9.160140494386642,2023-12-30
CUST6387,East,2,1,2.209539352768779,9.69024867768366,2023-02-07
CUST3406,South,2,0,3.180806117894166,1.7575536348810141,2023-08-25
CUST1415,East,0,1,3.4094880139938404,2.343956439036037,2023-01-11
CUST4437,West,8,2,2.077635536540707,1.1221696263621204,2023-07-29
CUST7286,North,8,1,3.391624738627288,9.932673355198174,2023-06-02
CUST5330,South,5,2,4.463941091880569,7.279496904619753,2023-01-12
CUST2643,South,7,1,2.9053771378218602,9.61806588098395,2023-02-22
CUST3244,East,4,4,2.695535749875539,2.5933217059002693,2023-06-30
CUST3483,East,3,0,1.0053658479700043,8.593749614373142,2023-10-14
CUST6466,South,8,2,4.086621933216447,2.009003992192485,2023-05-25
CUST9312,West,0,3,1.5875329671156053,6.909573028103056,2023-09-19
CUST8039,South,9,0,2.9428673837559405,7.634753469840789,2023-05-01
CUST8177,South,3,3,2.0742021674949775,9.97664260524584,2023-08-22
CUST7438,West,5,2,1.2185015068277103,2.152152239042887,2023-01-14
CUST6600,South,4,2,1.936299117593756,2.3078346195492467,2023-01-11
CUST8655,West,3,3,1.3866311856702573,3.0878458607972625,2023-04-03
CUST9701,South,8,2,3.030326760149499,4.017055020790856,2023-02-09
CUST9179,West,3,2,1.8564941622218902,1.4741489738566975,2023-01-04
CUST7320,West,9,3,1.9887270835160091,1.6683430074299919,2023-09-27
CUST4302,South,9,4,1.6277046961911354,5.273604425409576,2023-06-03
CUST3586,North,8,1,2.2824989940454694,4.734982296659533,2023-04-25
CUST2852,West,0,3,4.927827344610531,6.395506825591802,2023-07-11
CUST5597,West,3,1,4.612198295890936,6.719765669608338,2023-05-06
CUST2104,West,6,3,4.796225115246787,1.837555516805181,2023-07-06
CUST2381,West,9,1,3.1338253163400305,6.420644828410641,2023-03-24
CUST2247,South,6,4,3.964428886829069,7.356587903109753,2023-02-05
CUST5296,East,4,1,4.99819607485525,1.850843039098904,2023-05-01
CUST2518,East,3,0,1.9832388270228072,2.7873405944600655,2023-05-11
CUST5737,North,8,4,2.8192842690432074,4.782470395560388,2023-09-23
CUST2181,South,2,3,4.931914859007657,5.43477454285708,2023-01-14
CUST1638,North,2,4,4.4009087010130665,9.869871455955606,2023-10-06
CUST9268,West,6,0,4.156644703647687,7.1732294118739235,2023-08-07
CUST4443,South,8,4,2.7692498715903398,5.808566804275688,2023-06-25
CUST7780,South,6,3,3.317461289178331,8.729306664368659,2023-03-28
CUST5441,South,3,2,1.6173550881523169,1.9386998963401298,2023-03-03
CUST8606,West,2,3,3.028594308298355,3.0846003798609143,2023-09-03
CUST7743,South,6,2,2.666207235656745,2.7497523788193545,2023-05-28
CUST4659,East,6,0,2.558200330352771,7.932719589762245,2023-04-02
CUST5824,North,2,4,2.511165987760797,1.5316911462603495,2023-10-13
CUST8510,West,1,2,2.7818450753311867,7.000985220986891,2023-09-01
CUST1504,West,8,2,3.9498420548345248,8.551336121485066,2023-08-07
CUST1664,North,7,3,3.8561468360657267,9.769904135662923,2023-11-27
CUST2802,East,8,0,1.7647251447961323,1.374502637268473,2023-05-20
CUST1214,South,6,3,3.4147287126156374,9.619211150087953,2023-11-11
CUST2863,North,5,1,4.395609639101812,1.9683059948692905,2023-03-18
CUST7953,West,2,4,2.8761630956242548,8.084714890706703,2023-05-07
CUST5177,North,5,3,1.7059538571441228,4.225181225039294,2023-06-14
CUST4551,South,7,2,1.9946811943725251,5.1894006854467865,2023-11-16
CUST2563,South,1,2,2.9585708899260994,8.725305775975052,2023-08-29
CUST5315,West,5,4,4.482233563851585,9.114742960917125,2023-02-05
CUST1976,South,3,1,4.091687141343004,5.034315863016161,2023-08-14
CUST5143,East,8,0,1.9824801927167588,5.180993937957454,2023-11-09
CUST9469,South,1,0,2.0595224543471353,4.309073103201955,2023-03-13
CUST8848,South,5,4,3.212208440736662,2.346484522310459,2023-09-30
CUST5702,West,2,1,3.121979471543558,9.825514332493428,2023-12-30
CUST3221,East,2,1,2.2965755046287044,9.301339661687749,2023-05-01
CUST7736,West,4,4,2.563683142786404,3.869156940313651,2023-03-03
CUST6213,South,4,0,2.8009096685853065,7.042330954633784,2023-08-27
CUST8527,South,1,2,4.7738248669887735,6.261792644957393,2023-08-20
CUST7367,East,8,1,1.1155815096771589,6.723309464499917,2023-02-13
CUST9341,East,7,2,2.8416600911157572,1.4801613487427796,2023-04-24
CUST6549,South,1,4,1.519356312957008,6.33177480769349,2023-02-13
CUST6396,East,5,1,3.978179333436168,3.989796933563246,2023-12-02
CUST3012,South,8,2,2.6074293173264165,9.50399394308688,2023-01-27
CUST5871,East,3,1,4.223631273525119,8.011400592097011,2023-05-14
CUST8454,South,9,3,4.5265258490624625,6.401025923122389,2023-05-28
CUST6692,West,3,2,1.8580540741542024,2.0417355129050643,2023-03-16
CUST4052,East,9,3,3.090899772958392,4.207871617693046,2023-01-24
CUST7217,North,6,1,1.656304893582155,9.711978096887085,2023-12-11
CUST4405,North,8,3,2.6439721078047094,2.3620029153789512,2023-12-07
CUST8760,North,5,3,3.212079220747126,4.597092109132877,2023-08-26
CUST8622,East,2,4,2.3829404188196133,4.716763144228461,2023-03-23
CUST7548,East,9,1,3.200519958563484,3.4303973199963256,2023-10-02
CUST4666,South,3,3,3.236294025119448,5.7540415148154045,2023-05-19
CUST8968,South,2,0,1.8782834867735976,3.5994051975699404,2023-06-23
CUST1811,East,3,2,4.368529469041377,9.318175477064829,2023-12-17
CUST8531,South,2,2,1.8732268053583683,3.270102150898579,2023-02-24
CUST5320,South,6,0,3.835327799000001,6.504619524626124,2023-11-12
CUST9244,West,5,1,4.25711499934523,9.053926733301317,2023-01-07
CUST7431,West,5,3,1.2163831077623706,9.312533978451237,2023-02-08
CUST4104,East,4,2,4.629363955154735,3.820890255408745,2023-09-23
CUST4439,East,3,1,4.6127009791366085,5.991866177831709,2023-02-08
CUST3751,North,3,2,3.4145502497887223,9.560650422420306,2023-06-25
CUST1540,East,6,1,4.505810800697956,9.685394569027157,2023-02-26
CUST5593,South,1,1,4.892255521349213,6.6146698980727985,2023-12-06
CUST7919,West,2,4,3.07834405463386,3.1676737628379215,2023-06-24
CUST9417,East,9,4,2.3385121099290567,5.037273587974497,2023-05-09
CUST7818,North,5,4,3.274936991571258,4.427956449056005,2023-12-29
CUST1826,North,8,1,2.0151681008076414,3.6209440798991026,2023-11-09
CUST4501,East,8,2,4.552767651179482,4.961277039089149,2023-10-30
CUST8275,North,9,2,3.8479664747984423,2.509215275033222,2023-10-19
CUST9056,West,3,2,3.0092712753315887,4.080250494665014,2023-09-10
CUST8508,West,9,0,2.66923142833524,7.957789065456255,2023-03-02
CUST2428,North,3,1,2.1912253340502468,5.301131473022459,2023-10-18
CUST1973,East,6,2,4.187306254428764,1.1730501493067176,2023-06-09
CUST3958,East,3,1,4.16730677263015,5.461673685360257,2023-02-24
CUST9526,West,6,0,3.9446869444258352,8.611297303252076,2023-02-14
CUST7846,East,5,2,4.3261134289293794,2.1290555698641285,2023-08-15
CUST8337,South,1,1,3.3850283625187085,2.887088026933804,2023-03-07
CUST3882,East,0,3,1.035946394792099,9.992491850398958,2023-08-02
CUST4113,North,7,0,2.628031684065143,7.981351299306036,2023-08-02
CUST4948,South,8,1,2.57097079567912,6.5243653334437735,2023-04-01
CUST4471,East,5,4,1.0213642822965086,6.847817651189002,2023-07-19
CUST2746,North,9,3,1.4263904742763849,3.4671461806357557,2023-07-09
CUST6245,South,6,4,4.949047199893714,1.4668825368017597,2023-06-28
CUST1463,North,9,2,2.624806837002969,8.634645832377311,2023-08-28
CUST3435,East,5,1,1.371682444033672,1.588636786091522,2023-10-01
CUST1598,South,9,0,3.2974965301052404,5.166361973912785,2023-02-10
CUST9372,North,1,3,1.0465657843415568,7.150793467678339,2023-10-30
CUST9154,East,6,1,4.57423436842615,4.483000792737046,2023-06-18
CUST7471,North,9,0,4.310315437094186,2.7393505964270997,2023-06-23
CUST8414,North,4,0,3.7856066307391587,7.153230776234217,2023-10-31
CUST7123,West,4,4,4.628739867211341,8.33407334859853,2023-08-19
CUST5974,South,0,0,4.563308214983319,8.684825829156917,2023-08-02
CUST7946,East,5,4,2.783317545456848,1.3336359869349093,2023-12-19
CUST1915,West,5,1,1.4381989457460653,4.627963642502494,2023-05-06
CUST5526,South,0,4,1.6346219067474226,5.168025119591909,2023-04-27
CUST2719,West,1,1,3.2840319160801035,7.728441658776965,2023-05-13
CUST7182,West,2,2,2.0031398652370718,4.720821705979404,2023-08-05
CUST2205,South,1,1,1.6600838595492613,9.622149011680538,2023-05-08
CUST8094,East,5,3,4.157573587254191,6.567863100063266,2023-08-22
CUST4542,West,9,4,3.7464371649083827,8.781553258904356,2023-03-16
CUST9088,South,1,3,2.2438868487301673,8.165998363348393,2023-12-27
CUST7381,West,7,1,3.8990272704557234,3.293127135829718,2023-11-03
CUST4966,East,6,3,2.385450529788478,2.8931964751190034,2023-12-28
CUST6541,East,3,2,2.586854656963493,9.919643521302556,2023-10-14
CUST8484,West,4,1,4.3199974282313995,5.07140009865029,2023-07-14
CUST1583,South,0,1,3.2510623632575317,2.3436830339531154,2023-11-05
CUST6121,South,5,1,1.9543677955485625,9.540781593686308,2023-08-15
CUST9276,West,3,4,2.952951219369782,3.0611361829375534,2023-11-08
CUST6845,East,6,0,3.0731898777321414,3.63589792777412,2023-07-25
CUST8444,West,8,3,4.363040345284645,8.650044536379966,2023-12-08
CUST6496,West,2,0,4.4865680716790575,1.7415953493453689,2023-06-23
CUST7239,East,6,2,4.006339776508401,4.805656585509972,2023-05-03
CUST9977,North,5,3,3.3598205211092402,5.862245278052511,2023-03-26
CUST4505,West,3,4,4.526973060096413,7.934906137030847,2023-09-21
CUST1783,West,3,2,1.1532610224378796,7.860421231753408,2023-08-13
CUST8775,South,7,4,1.4635358395538387,4.240141623721762,2023-08-02
CUST4647,East,7,3,1.0936371646781384,4.403829800644429,2023-11-10
CUST6834,North,6,0,3.8477786369100833,2.222173158436797,2023-10-27
CUST7079,East,9,3,1.792205593874057,4.21988593786641,2023-07-12
CUST4739,East,7,1,3.553748530085633,6.607818123681156,2023-01-03
CUST9326,East,6,2,2.1876286378445005,9.139597535176204,2023-03-21
CUST1317,East,1,4,2.7169513081637704,7.299690163976069,2023-10-30
CUST9191,North,7,1,1.0998889317530596,4.735990843776344,2023-10-02
CUST2748,North,0,0,3.0213782366248663,2.1818139650393302,2023-10-19
CUST6563,North,7,2,1.8731338261033827,7.9028475032545,2023-10-19
CUST4129,East,7,3,4.463988397329031,9.84240152684768,2023-02-02
CUST2087,North,9,3,4.187704835654287,3.8366666470098068,2023-12-17
CUST6259,North,7,0,2.521518897526758,7.195957423928654,2023-06-10
CUST2295,East,7,4,4.309949317455681,4.725992001001899,2023-09-15
CUST9024,South,0,4,1.7716468461931267,2.192514254581267,2023-01-01
CUST3615,South,9,0,2.439296004867673,3.7842992753158207,2023-11-19
CUST1149,South,4,0,4.758828073771167,8.703199765661523,2023-08-11
CUST7092,West,7,4,2.006868014465251,9.298328535737804,2023-11-22
CUST4033,West,4,1,4.938195144572182,7.725468165015815,2023-11-13
CUST7360,South,7,2,4.4966348028044365,2.8656389279150343,2023-02-07
CUST3213,South,0,0,4.725053131457006,6.144754116188727,2023-02-22
CUST5274,South,7,3,2.9658772992082003,1.9009826016471179,2023-04-01
CUST5680,South,1,3,1.434239059271122,1.9591219186283078,2023-05-19
CUST6818,East,0,4,2.5075783307437676,2.5279868469745113,2023-01-04
CUST7360,South,5,4,1.4543734450797063,2.2508678031410385,2023-01-04
CUST7655,East,3,4,2.9947395691228755,5.983480232574306,2023-02-26
CUST1996,North,0,2,4.312084573582741,6.7026434406319755,2023-12-12
CUST1886,West,6,2,4.403904411998273,7.868887787143121,2023-06-01
CUST2875,South,6,0,3.8492986424918625,3.5186186757390523,2023-04-11
CUST3225,South,1,1,2.5578705855462305,9.27132090565445,2023-04-19
CUST7687,South,5,1,2.828287764384916,3.5631736486926124,2023-01-24
CUST6726,North,4,2,4.5409536579031435,6.507781583745597,2023-02-23
CUST7547,South,2,1,1.0525836684810965,2.107650950702583,2023-05-21
CUST4037,East,6,1,4.019250261234548,5.07505464562397,2023-11-12
CUST9317,West,5,0,2.1734502880972415,2.73282792320144,2023-04-30
CUST5617,North,1,3,1.815067699758993,4.8462327969234265,2023-10-21
CUST6721,East,3,3,2.605169596112173,5.715426058261485,2023-07-01
CUST8454,North,6,3,4.851138225232948,7.343265918062066,2023-12-13
CUST1810,East,0,4,2.6659006394507014,4.457505249833625,2023-12-12
CUST1556,South,3,1,2.719185364469824,3.3596272422983615,2023-03-24
CUST2431,North,9,1,2.2416476163995203,3.747422768756751,2023-12-10
CUST8189,North,8,2,3.376850953181695,6.44663460239315,2023-04-14
CUST8242,East,1,3,1.224664575466245,6.926759507968638,2023-01-27
CUST3968,East,9,2,4.9616674147845465,3.785047394585477,2023-12-11
CUST6263,North,2,4,3.526790717924849,4.523596662355052,2023-01-16
CUST3172,East,0,1,2.358188295274535,4.494206193078547,2023-03-21
CUST7232,South,4,3,2.4970670286398224,6.795984599697885,2023-06-09
CUST9592,East,1,2,4.1878927391983405,4.298897458246859,2023-07-12
CUST9108,North,3,0,1.4444282566263733,9.337137693605529,2023-03-10
CUST4608,North,6,0,4.0721991208599455,9.892500158954125,2023-10-25
CUST7011,West,9,0,2.96159655815579,2.449391024634615,2023-08-22
CUST4714,West,7,0,1.2527547475857772,2.271368036023779,2023-08-19
CUST6846,North,6,2,1.3860745087664963,7.7330901086710035,2023-07-16
CUST8818,East,8,1,1.3895282146163859,7.411638791628752,2023-12-20
CUST7829,South,2,4,3.0928785153530107,2.039398127820802,2023-07-05
CUST5900,North,9,0,2.5388512572275075,7.625344771681883,2023-05-05
CUST5392,South,1,0,4.784648363625648,2.410634965907678,2023-08-17
CUST5528,South,5,4,2.094460664086736,9.745064769828845,2023-06-28
CUST8199,North,5,0,3.0823076523264477,8.135358275660064,2023-03-29
CUST6624,East,1,0,4.880072439996292,3.8363981208904825,2023-08-21
CUST8439,West,8,0,4.528959706868137,3.594213093846133,2023-05-02
CUST1705,South,1,4,2.0658869516839307,8.912743802362433,2023-01-15
CUST1492,North,8,0,1.2539174152042247,8.300397839551144,2023-05-09
CUST8570,South,8,3,3.326492003740503,5.023011103771081,2023-03-14
CUST3194,North,9,0,3.893900324907963,6.032883938364146,2023-09-19
CUST3076,East,6,1,1.9322193578849611,3.745656026414607,2023-11-27
CUST7125,South,6,2,4.169338724120182,2.8732751115486126,2023-08-11
CUST5245,South,1,2,1.6567763080578644,9.801488649830162,2023-03-09
CUST4501,West,9,1,1.7026687927358677,2.103901097623708,2023-02-28
CUST8745,South,8,2,1.4875300153345674,7.487802002337424,2023-07-08
CUST7055,South,8,2,4.299228756383565,8.345087565572689,2023-05-30
CUST1586,East,8,4,1.0491193702041128,3.681758164358357,2023-03-08
CUST9728,South,4,2,2.792057791024226,4.86689119879065,2023-06-04
CUST5174,East,1,1,3.2750324756123064,3.6609259911397602,2023-10-13
CUST1454,North,5,0,3.4407292568067396,8.339135066622148,2023-12-19
CUST2594,East,6,4,3.863952023191069,2.893295958300745,2023-03-23
CUST1341,South,1,1,3.7009738113743733,5.38082771300037,2023-06-26
CUST7532,West,9,2,2.583942006766904,9.968081278764489,2023-06-08
CUST7250,North,9,4,2.4669352436923133,3.3553279768028457,2023-11-11
CUST7397,North,3,1,4.5821893279749935,4.199461674056301,2023-09-17
CUST5319,East,7,2,4.583329878230492,5.724362458893194,2023-04-06
CUST5264,West,8,0,3.0635326599699693,7.73641371184905,2023-02-06
CUST9760,East,5,2,3.0986488745211846,2.910472703247322,2023-01-05
CUST6137,West,0,2,4.754219320093902,6.833344205265703,2023-10-07
CUST4918,North,9,0,4.611227438102121,1.1283393925067298,2023-06-05
CUST4936,West,9,3,2.3418916467394886,8.979313553137057,2023-10-23
CUST7247,North,7,3,1.4218172925748664,9.829081331600873,2023-05-14
CUST5379,East,7,1,2.717408775685594,4.387275966223238,2023-11-18
CUST5389,East,1,4,1.2069379931880633,3.1952541964967542,2023-11-06
CUST6067,South,5,0,4.362161001502638,7.630332493879486,2023-03-10
CUST3624,North,7,1,1.3857552121423078,5.148247246851564,2023-11-28
CUST7865,South,7,3,3.0308179034053726,6.126501402906675,2023-08-23
CUST7378,East,6,0,1.807257837307637,9.313578877782918,2023-12-17
CUST4545,East,1,4,3.169573149159533,2.078031132830823,2023-01-07
CUST9959,North,5,1,4.907217791706698,4.831996828403588,2023-12-19
CUST5865,North,1,0,1.3021859981265655,5.299622658190329,2023-08-15
CUST5556,East,5,3,4.673611917964735,1.042362014287895,2023-12-26
CUST2835,West,2,0,4.503496343149147,3.8304565915634265,2023-09-04
CUST4490,West,6,3,3.517913056901536,3.138035228727169,2023-06-16
CUST4850,East,4,3,3.309054152796988,7.206110464468708,2023-07-31
CUST7485,North,9,2,3.58618122032626,6.805341298126544,2023-10-30
CUST6701,North,1,1,4.258784170670606,7.627584416353496,2023-07-03
CUST9643,West,2,1,1.6375745619612894,1.1639826468886763,2023-02-23
CUST2115,West,5,4,2.3011998418842756,7.732476230787612,2023-04-21
CUST5137,East,5,3,1.332115487375145,7.355126455684128,2023-05-19
CUST8588,West,2,0,4.534311752504116,4.877749605449472,2023-08-28
CUST4919,East,3,3,1.7551940787939402,6.43109041277932,2023-12-22
CUST2180,East,6,2,1.0192008409850075,3.0620766762228953,2023-11-30
CUST6406,East,8,0,2.2601229381290855,6.363333594893378,2023-04-30
CUST2702,West,2,1,2.7034062051009484,9.524741044494936,2023-08-02
CUST6677,East,4,2,3.8222804792602227,1.8826700994013743,2023-02-01
CUST3035,East,1,0,3.3635822764693835,8.786682620577178,2023-07-07
CUST1304,East,1,1,4.888873903276585,2.393355314458419,2023-12-19
CUST7782,East,0,2,2.8360868789771283,3.5470164854994,2023-01-15
CUST6448,East,0,2,1.2409244390471943,5.332329796776345,2023-12-02
CUST7122,North,5,0,2.725939925847096,9.9164184819889,2023-03-28
CUST9656,East,0,4,2.6363159252653734,1.1393179132724476,2023-08-16
CUST7881,North,4,1,4.748481691503658,6.2109658991580075,2023-04-18
CUST6353,North,6,2,3.1523362086955733,7.9632018447426445,2023-09-29
CUST1845,West,2,0,1.0387957996933483,1.1255610943058771,2023-05-13
CUST5693,South,3,1,2.8286481492520963,4.671686062596173,2023-03-08
CUST9930,East,6,0,2.625774615842809,1.360586787504097,2023-05-09
CUST9864,North,3,2,1.4095077327859635,5.6042783711868775,2023-11-07
CUST8917,North,7,4,2.4987633384939802,9.76205630510018,2023-02-21
CUST6438,South,3,3,4.317695228446402,6.12616815663649,2023-06-01
CUST2649,West,2,2,2.777062529946018,7.365173884679823,2023-08-28
CUST5429,South,9,2,4.569877831767203,4.644549314004592,2023-07-30
CUST8088,South,6,1,2.3567461949847184,8.56352716936861,2023-01-23
CUST7012,West,9,3,4.443226820838094,6.948023002605136,2023-05-12
CUST6097,West,3,2,2.4814703221320773,3.6793618895824425,2023-01-15
CUST3518,West,4,0,3.761101790001571,5.549735376395765,2023-05-18
CUST3338,West,2,2,3.5220481885947827,7.108353878045948,2023-10-04
CUST7954,East,0,3,1.2692663698787472,5.265835507134144,2023-09-18
CUST4234,East,8,2,2.2411784937933663,8.995905777203099,2023-05-07
CUST4743,North,0,2,1.6548934509263717,6.898620795975167,2023-03-12
CUST9328,South,0,4,1.5102832854621266,5.831619279606979,2023-08-03
CUST2885,West,6,0,2.9012522991689274,8.392390414434725,2023-09-14
CUST6971,South,3,1,4.671435393037333,2.521935295693495,2023-08-23
CUST6664,West,1,1,4.9105299428722855,9.025762009909064,2023-04-06
CUST7240,West,4,1,1.198769328567248,8.327292207739486,2023-02-01
CUST2945,West,9,0,1.28049265908319,2.2400486822875623,2023-08-21
CUST7194,North,5,3,4.006224141823298,2.998782188637274,2023-05-09
CUST1562,East,7,0,2.6496318907408747,6.836167127638576,2023-02-07
CUST7089,North,3,2,3.678350092995789,4.181026622691948,2023-03-12
CUST5230,East,4,1,4.237947409071447,5.452941068256845,2023-10-02
CUST5384,East,9,4,1.3286057914791631,7.998140016611582,2023-12-12
CUST9381,West,1,2,4.638501333991316,5.899286654268687,2023-03-31
CUST7520,South,6,3,4.940409563582646,2.9007094537242635,2023-03-14
CUST9791,East,9,4,2.244257385647676,2.010722707623524,2023-02-09
CUST8581,West,0,0,4.702074141204534,3.02295810300315,2023-01-29
CUST7868,East,1,3,4.992788949395376,6.308246280474915,2023-06-29
CUST5127,South,7,3,2.5583097580171263,1.10597736717096,2023-04-20
CUST1901,South,9,2,2.814022104026301,6.626861744973122,2023-11-09
CUST4676,South,3,2,4.328180865624831,6.053100965326311,2023-11-26
CUST4932,East,7,3,2.6946783721411376,8.259279361567359,2023-11-27
CUST6688,North,5,0,2.724333730373788,6.295564492630444,2023-05-21
CUST5996,West,4,0,1.0345729170593967,9.441661057857223,2023-05-18
CUST5192,North,4,3,3.9156317361686725,6.952319004300545,2023-04-05
CUST7220,South,4,0,2.410083965553222,5.607277518071231,2023-09-01
CUST4111,North,5,0,4.449073345543806,2.93332788992008,2023-02-19
CUST2887,West,8,4,3.8772720611819067,3.939995839089128,2023-08-01
CUST1040,West,7,0,1.7393155667887648,5.171887541625363,2023-08-06
CUST4674,West,4,0,3.0016718859703135,4.735328199451452,2023-06-17
CUST1179,North,4,4,1.716415329433434,2.639375719435292,2023-06-22
CUST6140,West,8,2,4.708856010893304,7.648805076383191,2023-11-03
CUST3376,West,3,0,4.172760281383493,6.278578639999345,2023-11-05
CUST4273,South,2,4,3.9297502557804327,9.958783949298196,2023-07-17
CUST2857,North,2,0,3.702021983073766,6.092251150293139,2023-04-08
CUST1926,South,4,1,4.455168404564737,7.458331353109606,2023-05-16
CUST8535,North,7,0,1.976585179861213,8.601192364695585,2023-10-10
CUST9604,South,3,1,3.1479944256997685,4.152112615073844,2023-05-17
CUST3857,North,9,4,4.121897432735805,2.923229382675806,2023-07-14
CUST8791,East,0,0,2.605110805512122,3.922646722173835,2023-12-02
CUST8530,West,7,3,4.813269768706704,2.602475813993718,2023-05-25
CUST5028,West,7,3,1.0585455500658898,2.9996740911550486,2023-09-21
CUST8163,North,7,3,3.330081629431579,6.561114762925841,2023-01-28
CUST6382,West,4,2,4.3823114740712406,2.1865683154792768,2023-08-25
CUST4338,North,9,1,3.67370993861933,4.726773669266123,2023-12-06
CUST1933,West,9,1,1.7446165393557984,1.1073024433336958,2023-01-07
CUST9542,East,9,2,1.88567581934567,1.4467073583921275,2023-12-13
CUST7633,East,9,3,2.532616984965747,6.9171965247995715,2023-01-06
CUST7435,North,4,2,1.161326453886348,1.4229457953689768,2023-01-21
CUST9196,North,3,0,1.087741570696747,3.8286828405728413,2023-03-03
CUST5815,South,2,0,2.014232450168154,1.0853890230895533,2023-11-10
CUST5650,East,2,1,2.796865203781151,6.700820647159647,2023-05-19
CUST5316,South,5,4,3.778667827182999,8.500870455743526,2023-10-07
CUST1547,East,2,4,2.986223178620328,6.867296908949063,2023-05-21
CUST1845,West,9,0,3.3659056487453336,8.301885489314373,2023-08-09
CUST6612,North,4,2,4.844991778638958,6.126560191312006,2023-11-13
CUST2894,North,9,4,2.99266063259326,1.0842174722782771,2023-05-14
CUST3156,South,5,1,2.644836241576415,7.028518408762605,2023-01-30
CUST5840,South,5,4,3.397655250554497,4.7738733620831795,2023-06-30
CUST5833,North,7,4,1.9530445858131542,2.5878588716361635,2023-11-06
CUST3327,East,2,1,4.313521353066493,3.348857194531309,2023-10-08
CUST6217,East,9,2,3.684863054403288,5.799807585580069,2023-04-07
CUST4221,South,4,2,4.292293303007579,6.876258411739883,2023-07-17
CUST6737,North,9,1,4.84954059515075,7.665454329783129,2023-04-10
CUST6071,South,1,3,4.2875827855068405,8.962459520840214,2023-11-22
CUST5388,North,4,3,1.6350127346626375,2.9158784197614542,2023-05-25
CUST3944,East,8,0,2.3406056563038393,4.918975279887634,2023-06-09
CUST7122,North,0,1,3.2931143770724076,6.760097346743511,2023-05-11
CUST5965,West,1,0,1.7244535983574867,4.472882729606244,2023-11-11
CUST6538,North,6,1,1.9005746986440544,3.9579311375266033,2023-04-07
CUST2539,North,2,3,2.3255139637454003,3.2269665070154243,2023-09-07
CUST1411,North,6,4,3.2079829220347422,3.088074333270531,2023-12-02
CUST8253,South,2,0,1.4083146931059858,7.504501097727203,2023-10-25
CUST7240,South,4,2,2.046960438678764,5.696536428002268,2023-07-12
CUST5129,South,5,2,4.53655042446392,8.722907297226051,2023-04-29
CUST6844,North,0,4,2.716674400431214,3.0769349942240805,2023-05-05
CUST8278,East,0,3,2.3427978831896996,7.625902685228282,2023-01-12
CUST5290,West,9,0,4.724499806408669,5.245710549572864,2023-09-15
CUST6842,South,7,4,2.506281523220371,9.569399540472387,2023-11-06
CUST3979,North,2,2,4.515010783138964,6.536924502782681,2023-04-14
CUST1287,South,6,4,3.040866256153852,8.46859919414372,2023-11-15
CUST9481,North,5,3,4.099841968934637,6.276878584120662,2023-10-03
CUST8385,North,3,0,1.2346162755651617,4.055869713012733,2023-08-13
CUST8817,East,3,1,4.430200233941475,9.706233126993324,2023-05-28
CUST1064,North,5,0,4.648358797311516,4.931599684818604,2023-06-09
CUST3965,West,4,2,4.5395535985277835,3.0335336303548615,2023-10-09
CUST5378,West,6,1,3.182876928720095,6.829422978324273,2023-01-16
CUST1318,South,9,0,2.1007118608325612,7.343956690429066,2023-06-12
CUST1294,West,2,2,3.2630505429317695,3.9566086313934807,2023-09-04
CUST7328,East,7,1,4.344750312283802,8.365791495185059,2023-07-12
CUST2249,West,1,3,3.9973695746261515,3.2912702782404484,2023-10-25
CUST1302,North,5,2,1.5268241905232083,3.1775182464242793,2023-09-07
CUST5806,North,6,0,2.22216783302595,9.53621588930849,2023-08-21
CUST6340,West,8,3,1.946999185057991,6.1469202910316385,2023-05-30
CUST3092,East,0,2,3.750465435755129,2.5415501435877728,2023-09-08
CUST6546,East,6,4,4.787977198856856,3.246483327185648,2023-09-10
CUST9270,West,3,1,1.863626898249294,8.136223779360064,2023-07-26
CUST6722,West,7,1,3.3877095037791753,4.905196779274679,2023-08-20
CUST8255,East,4,2,1.3829752634987393,8.004678840321112,2023-01-16
CUST8614,North,2,4,1.2203425609334846,5.258911262702324,2023-10-22
CUST4972,North,1,1,2.5514036769292825,7.100339985056689,2023-11-26
CUST3498,North,4,0,3.351753166249248,6.8751222799387,2023-07-11
CUST7387,West,1,0,3.0536781706308753,5.903902455653033,2023-07-20
CUST8265,West,5,1,3.260994719121167,7.984636906600513,2023-11-05
CUST9464,West,8,3,3.05970818151899,6.365922682347366,2023-10-02
CUST5441,North,0,0,4.778403865538957,1.7952480961121196,2023-05-18
CUST8440,South,9,1,1.1193369468973482,5.628764753289746,2023-01-13
CUST8032,East,7,1,2.516909503975399,2.936700600423025,2023-11-01
CUST8468,West,6,1,4.5457778027492335,4.631798268590493,2023-02-11
CUST7130,East,1,1,1.7402549171666606,2.586748204598615,2023-06-14
CUST7770,West,7,4,2.121669008678234,8.8147360335947,2023-12-24
CUST5972,West,0,2,4.014151316356175,1.8376782669000136,2023-06-30
CUST4840,East,8,1,4.0544260692601135,4.257272407027969,2023-05-06
CUST2570,West,3,0,3.75153398241773,4.403336719485556,2023-01-15
CUST4065,East,4,1,2.596205440054244,2.655690255870948,2023-09-27
CUST9661,West,9,1,4.5836269385641355,9.654238877260529,2023-05-17
CUST6796,North,2,1,4.716702056617369,3.922835613849146,2023-05-25
CUST8376,West,4,3,2.9071069258770987,6.308438386473432,2023-07-26
CUST4072,East,7,0,2.912393324551594,3.5135260164955433,2023-04-30
CUST2769,West,7,3,2.4533271921099296,7.678454450322293,2023-08-27
CUST2242,South,5,1,2.5147803667871655,8.520733356059893,2023-10-07
CUST6885,East,6,1,1.8716752987448788,7.069756454275597,2023-04-04
CUST6363,North,4,1,1.7073156923811768,3.2845418062384333,2023-05-23
CUST6563,North,6,2,3.718032021338078,7.297752102988677,2023-05-09
CUST1588,South,3,3,1.9941637028372345,9.18411383817667,2023-09-28
CUST8643,West,5,4,1.1318674754700306,9.155158037162941,2023-03-20
CUST8670,East,6,4,1.2259516244646318,1.2890588390893896,2023-05-22
CUST9467,West,8,3,4.692498770079407,5.678476175136258,2023-05-18
CUST6972,West,6,1,1.204248031258322,1.2676011535115497,2023-06-21
CUST6848,West,9,4,2.1111375296927504,9.370165272276664,2023-07-04
CUST3447,East,6,3,4.637226448107919,7.536823196738057,2023-03-07
CUST4479,West,8,3,3.9174466291665446,3.9000788422037513,2023-05-19
CUST3785,South,2,0,3.180427038578615,9.25570194520137,2023-02-18
CUST9529,South,8,2,4.759795325653311,4.699532218487306,2023-09-10
CUST1327,West,2,3,4.365067771602742,2.1448439435991973,2023-03-16
CUST5871,West,7,3,3.9322554753931653,6.640083570948793,2023-07-19
CUST3109,South,7,0,2.4347899229630467,7.855153697777307,2023-09-30
CUST9788,North,0,1,2.666750610906608,6.1903696290356445,2023-03-01
CUST7118,West,2,1,3.601391973555566,3.7506867942518087,2023-08-08
CUST8821,South,3,4,2.6212958306311576,9.878765137527889,2023-04-01
CUST8852,East,0,3,3.2486699774747363,2.6730266405977567,2023-09-17
CUST8975,West,6,3,3.870349461972952,3.009366563593574,2023-02-02
CUST8407,East,2,0,1.6328738214406098,4.338847183078835,2023-05-27
CUST1721,West,8,1,3.2620682494249795,1.8449231199842226,2023-02-26
CUST6328,South,3,0,1.4006731246965494,2.2600072211369273,2023-04-08
CUST8613,South,0,1,4.547345239206789,8.22369245456009,2023-11-03
CUST8468,East,9,1,4.0397851108634555,2.9507636982921865,2023-07-08
CUST5131,East,4,1,2.655192319054466,5.766840879403803,2023-10-30
CUST3421,North,0,1,1.5718785351753284,7.953993627254139,2023-10-25
CUST1598,West,6,0,4.7476250975908005,7.091996952945117,2023-08-02
CUST4677,East,6,3,4.044249203539307,7.58687587112274,2023-07-19
CUST9449,East,8,2,3.3701516747940143,1.0855350517606546,2023-02-01
CUST8499,East,9,1,3.8694221240166353,1.6840832688161569,2023-07-30
CUST5608,North,9,0,4.317471015624079,9.70566065432746,2023-08-29
CUST5053,South,4,3,1.6957896551564349,4.840616552335311,2023-02-11
CUST3747,South,3,3,1.0658537123305738,8.146885324708036,2023-09-17
CUST5640,South,8,0,3.6005217701897716,3.9775767123296455,2023-11-25
CUST4400,South,0,1,1.1675056762068095,2.1290681675645753,2023-08-27
CUST2325,North,4,3,2.7151289137799552,8.929929894851906,2023-08-11
CUST7337,East,7,0,2.4788894894053612,4.409931825750757,2023-01-01
CUST4961,North,9,4,2.7874982723456836,7.564346123156437,2023-04-27
CUST3109,South,0,2,2.7399778157030483,7.887033880358283,2023-12-07
CUST1424,West,9,0,4.976711066204636,2.188796750581602,2023-10-08
CUST5459,West,3,0,3.037083253276281,5.122339770376651,2023-11-24
CUST8153,South,2,4,1.3899304670623165,3.7926676413832903,2023-09-06
CUST3903,South,5,2,2.677002452569514,6.299896458878708,2023-10-02
CUST7926,South,7,3,1.7655190832071135,1.9903101582319305,2023-11-30
CUST5883,South,4,1,1.781075413887672,2.95223818643416,2023-06-30
CUST5515,South,7,0,3.595505061112626,5.299070674832532,2023-10-20
CUST5735,North,2,3,3.1994893419580577,7.272978585897771,2023-11-28
CUST2607,East,0,2,2.6035058186388227,8.105964381301115,2023-10-11
CUST6235,South,3,0,3.454607645167532,1.80115272874956,2023-05-30
CUST5209,North,5,3,2.9537264756752166,3.05278796935982,2023-09-30
CUST9376,North,2,4,4.21128219806131,6.7410088213816906,2023-09-18
CUST8176,North,0,4,4.443691972581314,3.2051143883067748,2023-01-17
CUST5948,North,6,0,4.623326490108845,1.2219918548953488,2023-02-28
CUST2069,South,3,1,1.7124094002036125,3.5492567792474223,2023-02-12
CUST9804,South,5,4,2.6387205382156296,2.3792738457601166,2023-09-02
CUST3195,North,9,2,4.552332862060187,5.235278335275801,2023-11-05
CUST6639,North,6,1,4.322930315044655,9.085823924907253,2023-04-16
CUST8935,North,3,0,1.6311757800051363,1.3003462254676634,2023-09-16
CUST7345,North,7,3,2.305922958503541,2.084588529942736,2023-06-25
CUST9780,North,8,4,2.4472205304340973,8.586123869491864,2023-05-23
CUST2890,South,3,4,1.646901976041553,5.336770130971246,2023-08-08
CUST6358,South,1,4,1.182735717530659,6.504503595728806,2023-09-09
CUST9289,South,6,2,4.890188048001213,1.3528787239455216,2023-02-02
CUST7947,East,4,0,3.9524579831107753,6.193549784738917,2023-08-25
CUST1497,North,4,0,4.441924053931432,3.1642310899741846,2023-06-12
CUST7399,North,8,4,2.450147086741997,3.594601123984249,2023-04-06
CUST7835,South,1,0,3.140110234578997,9.85062682662066,2023-05-17
CUST5786,East,7,3,2.7509080438333164,8.748114034389873,2023-04-12
CUST9886,West,6,0,3.0024535443623677,6.8205538500973635,2023-03-22
CUST2004,East,8,2,3.9161549355426484,3.9319781711069104,2023-04-09
CUST1904,North,5,1,3.4489203185023567,8.926061111618697,2023-06-07
CUST1899,East,7,2,2.3179929787806413,5.927117650415641,2023-07-07
CUST4944,North,1,0,1.7980913870463002,8.279308871930384,2023-04-09
CUST6489,South,3,2,3.281452785669987,5.6222902867454385,2023-04-20
CUST7955,North,8,1,1.646129372735658,1.2299907081625716,2023-08-25
CUST3120,East,4,2,2.615468866020588,3.0057310926366565,2023-09-30
CUST1948,South,9,0,3.2031132859647737,7.893448285534556,2023-09-24
CUST6838,East,9,0,1.1433309641590537,5.0128756447502845,2023-02-14
CUST9172,South,4,2,4.721926457639894,1.538027128104905,2023-09-04
CUST2939,North,0,3,3.7643160185547946,8.312404460416182,2023-04-01
CUST5442,West,0,3,2.44172406747172,9.829720582890769,2023-09-16
CUST1603,South,3,4,1.1346143871566832,7.037049123427473,2023-10-04
CUST1755,West,0,0,4.158979161411805,2.6023427793144744,2023-08-29
CUST2586,North,6,3,1.4810416394158938,3.5705778226099976,2023-04-30
CUST1311,West,4,0,2.8396352540943184,6.5694581100977345,2023-04-05
CUST4709,North,4,2,2.4257798558601418,5.143042834757442,2023-03-21
CUST8672,North,0,0,4.4964492245744925,8.701011666517566,2023-12-01
CUST5083,South,8,4,4.073377783264945,1.9038150396005946,2023-10-03
CUST9890,South,8,1,3.0173171396320297,3.1304574335075985,2023-11-22
CUST5088,South,1,1,2.853227346684116,3.24488101477898,2023-02-22
CUST5516,West,7,0,3.953392805902681,6.745446201817123,2023-05-02
CUST7996,East,7,2,4.990598670697433,8.640094295715475,2023-05-23
CUST9467,West,6,4,3.9079885514382524,3.5607914695561407,2023-09-09
CUST3604,East,4,4,4.951437295123132,4.87942034963366,2023-03-17
CUST3545,North,3,0,4.484634301263794,6.937597846172811,2023-07-27
CUST2040,East,6,2,4.179315387879353,3.2666130764762937,2023-01-06
CUST6143,North,6,3,4.231124774290727,4.544127448746322,2023-04-26
CUST7935,West,1,2,2.644773947138021,3.136319244941412,2023-02-08
CUST9532,North,5,1,3.2632575939378463,3.798129349868306,2023-03-23
CUST5172,East,6,0,1.3462824247102958,6.73049728447948,2023-09-03
CUST8384,West,6,4,1.6106856428176366,9.547267906919686,2023-05-02
CUST2664,West,8,2,2.391930703686089,4.757646019708967,2023-07-27
CUST4492,East,7,3,1.5568988322896304,9.136241605185779,2023-06-12
CUST8628,West,7,2,3.1736153492374655,1.6663709816821175,2023-10-11
CUST4770,South,5,4,4.9875976199139656,8.205824784920999,2023-02-08
CUST3366,North,4,1,4.142075126923009,2.505031552868008,2023-03-04
CUST9640,West,8,0,4.357828026115776,5.1650648846363625,2023-06-06
CUST7858,South,1,1,1.0700134311201617,5.765055969249843,2023-03-18
CUST7123,West,7,4,2.4069251539623107,3.0242358612434184,2023-08-02
CUST5335,West,5,3,2.5542534728291497,9.776958764492635,2023-08-28
CUST2362,North,6,1,1.1051017396062246,6.513168084721448,2023-06-22
CUST9704,West,1,2,2.5259619920339738,8.571284028758598,2023-07-14
CUST5129,East,3,0,2.6561667203367954,6.345805526407732,2023-01-22
CUST5114,North,7,1,3.8429162857512087,1.9065364830464344,2023-05-28
CUST3300,East,7,2,3.833050722119111,9.926745037768413,2023-05-20
CUST2308,North,9,1,3.8644380288282187,4.241599510044378,2023-10-19
CUST7467,South,6,4,3.361446780211023,5.784855901685513,2023-11-28
CUST4144,West,9,3,1.1714922380760728,7.63488220381237,2023-04-15
CUST7315,South,7,0,4.1498073226018635,4.665409594933623,2023-01-26
CUST7899,North,0,0,1.6132447757478938,3.1423477142919936,2023-03-29
CUST8962,East,6,0,3.650228965925951,8.515899822573395,2023-05-13
CUST4710,West,2,1,1.8623781741427612,6.648042330189947,2023-11-17
CUST2960,East,8,4,2.16038611959136,1.9481799486120677,2023-03-09
CUST7941,North,9,3,4.932682371851435,6.740526329419758,2023-10-31
CUST5751,East,6,1,1.7643969368713104,4.775596385265597,2023-12-07
CUST3450,West,7,3,3.3151586297573714,3.188040984690077,2023-10-25
CUST9323,South,7,3,3.192983504378609,8.430044609191022,2023-07-08
CUST6969,West,6,0,2.640107866436569,2.866137988709447,2023-05-24
CUST1503,South,1,4,3.046567167512139,7.569084421422564,2023-06-11
CUST3582,East,1,3,4.512334296822864,9.03781310456293,2023-01-11
CUST5270,South,8,1,4.5858815314469785,7.462421219784365,2023-11-15
CUST5004,East,3,1,3.1766038576527214,4.635921064841515,2023-03-31
CUST2167,South,9,4,3.7206889022368186,3.865705284183705,2023-01-20
CUST2368,West,7,3,1.5992954477773336,6.517053303253964,2023-03-26
CUST8184,East,3,2,1.8819184294747417,7.174876592002702,2023-05-10
CUST9442,North,7,2,2.735595753372013,9.761744064885697,2023-08-01
CUST6161,East,4,1,2.0921912904806823,1.59686278899626,2023-07-30
CUST7154,North,3,4,2.454407646860848,7.918833653897127,2023-02-10
CUST2885,North,7,3,2.1335813947351516,1.3325027948498547,2023-05-01
CUST4998,North,1,1,4.928552335276422,6.205274971701495,2023-07-31
CUST7989,West,0,0,1.8928033518468461,6.74952803516476,2023-09-15
CUST5825,North,7,2,3.5655010970670338,4.730014512008653,2023-05-11
CUST5483,South,1,4,1.6086429717956658,8.206006266289984,2023-05-02
CUST9227,West,8,1,1.0380441028023473,8.340659880056084,2023-11-23
CUST2037,West,7,3,2.988943743092569,5.369117206683133,2023-09-28
CUST1676,West,3,3,4.956949656538236,8.336525240473033,2023-05-10
CUST6471,South,4,3,3.0864395914882268,5.852622065696364,2023-01-18
CUST7738,West,1,0,3.016213314827976,3.9545931130080527,2023-02-10
CUST3705,North,2,0,3.4081118287717684,5.237834206180506,2023-07-27
CUST5803,South,9,2,4.284869393999237,1.615896841814611,2023-12-12
CUST5406,South,7,1,3.9239800181964966,1.2094619880488928,2023-03-08
CUST6395,East,2,3,4.4121776354711955,7.838673898492296,2023-04-29
CUST1781,West,6,4,1.4576892035438243,5.11582172595098,2023-09-24
CUST1639,South,9,0,4.240213346838549,2.3179842021671395,2023-01-03
CUST5162,East,8,4,4.876635028935218,2.937254273037825,2023-06-21
CUST9057,East,8,3,1.2496281257965207,6.711401848877273,2023-11-08
CUST2205,West,8,2,1.9443481235443456,8.09960195252395,2023-05-20
CUST1991,North,8,2,2.2027638636593374,5.148129577751558,2023-04-14
CUST3035,North,0,3,4.689378824552902,1.274859611201139,2023-08-01
CUST2534,South,8,2,3.3200488821231384,2.6138217047248764,2023-12-04
CUST2301,West,6,3,2.469909548679257,5.074165782049826,2023-06-26
CUST5256,East,8,1,1.6290209548902808,9.660628341046177,2023-07-31
CUST9557,East,0,1,1.0401850328151663,2.3794390724636174,2023-02-14
CUST6654,North,8,4,4.771587062320818,9.983144456343721,2023-01-03
CUST5153,South,0,3,4.255093400778611,1.8507021003772297,2023-04-01
CUST6545,North,0,0,4.489248347728369,4.451135614294921,2023-10-31
CUST6966,East,8,2,1.3003770867671949,5.470322982455351,2023-01-14
CUST3653,North,1,1,4.793729482230068,5.906333954302875,2023-06-25
CUST4344,East,5,2,2.7575376774725666,7.326963802915594,2023-09-26
CUST9833,South,4,0,2.311740609864399,3.8710867722041296,2023-05-15
CUST1652,North,2,2,4.793818966483951,9.765707965311917,2023-07-03
CUST8389,South,8,1,2.597313658951151,9.426580064494349,2023-09-12
CUST2808,North,5,4,2.732447543235616,5.088297879826821,2023-05-04
CUST2019,East,7,3,4.438391663019612,7.957410807683517,2023-09-01
CUST3932,West,3,1,1.7676084731732464,6.263362499894521,2023-03-20
CUST6871,East,4,0,3.7546653199255364,4.299543078055763,2023-09-02
CUST5691,South,1,4,2.4423505767046114,5.478017693444998,2023-08-23
CUST3167,North,3,4,1.0663796867400896,7.907165612036955,2023-05-17
CUST6407,East,3,3,1.6746486931487006,5.4594281534191955,2023-01-19
CUST4839,East,7,3,3.0825524458580804,2.249113983280737,2023-08-16
CUST1987,South,6,0,4.036910096920309,5.910664804303793,2023-05-08
CUST2595,South,2,1,2.08902620629037,3.2031308250232975,2023-07-06
CUST1548,North,1,3,3.5147241154909845,6.715458923381327,2023-06-08
CUST7612,East,0,0,4.358399520743086,1.1579976738845965,2023-08-01
CUST8387,East,4,0,2.7951094099409417,5.672141666484805,2023-06-23
CUST9112,East,2,2,4.9176197707889555,7.894874157027282,2023-04-25
CUST9590,East,1,4,3.3400223254302865,5.566955657048247,2023-12-21
CUST8941,North,0,0,3.4364133024025376,1.0477468761320847,2023-04-01
CUST2699,West,6,0,2.3030048626357353,8.722413656865815,2023-09-20
CUST4140,North,6,3,1.3656036507091742,9.339009731456754,2023-04-24
CUST3748,East,4,1,4.008597192287685,9.935486726756013,2023-04-10
CUST8314,South,8,4,2.668737870016117,8.764174539393352,2023-08-31
CUST7336,North,9,4,2.8503489386167296,7.267441166251308,2023-09-19
CUST3017,West,5,3,3.0273171957021545,5.132129838088459,2023-04-06
CUST6341,East,5,2,4.75706110234359,6.129130730658991,2023-08-11
CUST4423,South,5,1,1.6997811778128744,6.0087311526867975,2023-06-17
CUST5666,East,1,3,4.752937906380306,5.830011491150158,2023-06-18
CUST8806,North,0,0,3.391547344675013,4.955450885170613,2023-11-03
CUST7736,North,2,0,1.3635997287064834,7.766531497176536,2023-10-21
CUST7779,North,1,0,4.631279459889619,3.849457067934504,2023-09-12
CUST9533,North,9,0,2.046934346596713,7.326549622284544,2023-04-21
CUST6447,West,4,3,2.952815489798376,9.421321705780036,2023-06-06
CUST2721,North,5,3,2.402070897868588,7.096292106720406,2023-05-10
CUST4748,South,5,2,1.6425768148321884,4.77522827712926,2023-09-03
CUST4309,South,5,4,1.2304281937807882,4.2213440814974446,2023-01-17
CUST3014,East,0,4,2.3756680103128236,7.045854602454414,2023-11-29
CUST2830,South,0,3,3.7450688962862433,9.741873925602302,2023-06-30
CUST4931,East,8,2,3.901303338950672,3.441604228410507,2023-09-26
CUST1960,East,9,2,2.13509017777375,9.093169546339386,2023-06-28
CUST3141,West,6,4,1.0739616978412596,1.5363608848603676,2023-10-14
CUST7336,East,2,4,3.4622896577210125,3.4472310081647017,2023-07-01
CUST7803,East,8,4,4.125921098660118,1.2852203770713042,2023-02-16
CUST4439,East,0,4,2.517755654071127,3.833037381614583,2023-02-15
CUST9934,North,4,0,2.6537471163546664,6.690632385734298,2023-02-09
CUST8623,East,6,4,2.4810562988809375,8.339786420473601,2023-11-05
CUST6709,North,3,3,2.2807547240335615,7.751913749783478,2023-06-18
CUST2457,East,8,4,4.425594920685975,7.4118693527257955,2023-08-19
CUST9867,North,3,2,2.532899740869993,9.177463377070806,2023-04-11
CUST8295,West,0,4,4.25445534002663,2.032075910432752,2023-01-15
CUST9226,North,0,2,1.9581844884471762,5.246520792016198,2023-08-04
CUST5241,North,6,4,2.2652436741851316,7.3185499224004715,2023-06-10
CUST2403,South,1,3,1.0302917946472698,5.687481661943442,2023-02-03
CUST2522,South,8,1,3.6634213818788797,5.336635443015786,2023-09-09
CUST3505,North,2,4,2.2215016114364867,7.96876306200698,2023-02-07
CUST1329,East,2,1,1.7413899148616419,6.960248078760274,2023-12-05
CUST8753,West,6,0,2.783480934948143,4.773476320300819,2023-02-24
CUST6560,North,0,0,3.1116544049140185,2.598845756842631,2023-01-25
CUST5973,East,7,2,3.6992432524998127,6.395262342000472,2023-10-07
CUST7296,East,8,4,2.858320774262759,6.908562489699705,2023-10-29
CUST8741,South,6,0,3.5573774345057396,5.505129146538256,2023-06-11
CUST5016,West,4,1,3.094072512126775,8.430414504698323,2023-05-29
CUST7904,North,8,1,3.2148422515290758,7.77434310831943,2023-08-04
CUST2055,East,9,2,2.2598953495969796,7.192157477674665,2023-11-23
CUST1787,West,1,3,4.61441906036447,2.6724914362474443,2023-11-13
CUST9364,East,2,3,2.8888484695868017,9.305391854937335,2023-06-21
CUST3496,East,6,2,3.6421038812893736,6.745078970679677,2023-10-23
CUST9380,East,9,2,2.298879674108139,5.605136530297204,2023-02-04
CUST6704,South,8,0,4.514792404218314,1.4191212025125295,2023-04-20
CUST2583,East,1,1,1.2772727024391548,1.4662078250973818,2023-12-30
CUST1998,West,3,0,4.8987021140747995,9.879465944398333,2023-11-28
CUST8460,South,3,3,3.3080119826904375,9.747615725107526,2023-11-02
CUST7755,South,9,4,1.565412027524307,3.1588620201614717,2023-04-05
CUST2587,North,6,1,1.5207214317413627,6.777865890135114,2023-11-28
CUST6927,West,5,3,2.3861518797937107,8.591416757784286,2023-12-20
CUST3623,West,0,0,4.419889924670816,4.984412012755826,2023-11-01
CUST5209,North,3,3,4.410962074164151,9.810381297377603,2023-05-27
CUST4561,North,9,0,3.590975741555706,1.7562071967771113,2023-05-06
CUST4424,North,8,2,4.104615895232506,8.081726451354928,2023-09-29
CUST5558,East,1,2,2.5868511320447856,6.546050713835762,2023-12-11
CUST1960,West,7,2,4.149103470047267,4.270029391907005,2023-01-22
CUST1756,East,8,3,2.2498711398985862,6.776607064614951,2023-07-25
CUST6115,South,4,0,2.4918996625111154,3.1151917264470494,2023-11-06
CUST8661,East,4,3,2.099937789022029,2.461090498100842,2023-06-01
CUST5415,West,9,3,4.914374667770733,5.922864258566293,2023-06-26
CUST6318,West,8,0,1.6124530612596617,1.951619974066225,2023-05-12
CUST3593,South,3,4,4.878103550880581,5.108514302589296,2023-10-19
CUST5638,North,9,4,3.177921176371608,2.0039331751293457,2023-07-27
CUST5290,South,6,0,2.348285886169173,6.951038517288278,2023-01-06
CUST5807,North,4,4,2.6233886181377994,2.721528012167071,2023-09-13
CUST3488,West,8,0,4.384140253264817,5.291326039176422,2023-10-07
CUST3078,West,7,3,4.714777069042565,1.9832179638938647,2023-09-01
CUST8179,North,5,4,4.13241997241045,4.622130953485217,2023-02-09
CUST1437,South,0,4,2.2623240740096415,2.506933511484042,2023-11-30
CUST6932,East,6,2,1.3411659864568461,1.9074066170457606,2023-06-06
CUST9759,West,4,3,4.2366553851990965,1.3375548276765836,2023-09-16
CUST3826,South,3,2,2.46978918396252,8.15099440197497,2023-07-09
CUST6173,South,7,4,3.995645131818973,3.034030379578082,2023-01-10
CUST6354,West,5,1,2.6910890726023853,8.964902672717857,2023-09-27
CUST6022,East,3,3,2.9791405315978867,3.524850701264076,2023-12-31
CUST3590,North,6,3,2.2960508965411903,9.097688536633456,2023-07-13
CUST3582,North,8,0,2.7931706431868832,7.893683838546837,2023-07-29
CUST7765,North,2,2,3.043019849958508,4.650314572930108,2023-07-06
CUST4677,North,4,0,1.202909872751948,9.092778596209149,2023-10-01
CUST9808,East,9,3,3.3796132710506117,6.424324989679301,2023-10-07
CUST9272,North,9,0,1.0034114426101048,6.058923269130214,2023-05-31
CUST8655,East,7,2,2.0872269416694893,1.8009750121177364,2023-07-22
CUST4485,East,1,0,1.6455109128760874,5.900212583166082,2023-08-16
CUST6725,North,4,0,2.2453888329961673,7.3490146879186025,2023-04-24
CUST9527,West,7,3,3.5103910682325683,9.042809802034911,2023-07-03
CUST5409,West,6,2,1.4503826634701218,1.1157452694411911,2023-10-14
CUST5441,West,0,3,1.2526872210271365,7.27310127049897,2023-05-13
CUST5374,East,1,3,3.5827055558670735,2.2532401577945183,2023-02-18
CUST9514,East,7,4,1.3573314457342698,1.5219443313992753,2023-11-12
CUST7287,West,7,2,3.365850927042391,4.486534086433623,2023-08-24
CUST6238,North,6,1,3.280939464093765,7.193436267981385,2023-07-17
CUST7293,West,5,4,4.136947870330551,4.807288164431643,2023-12-21
CUST2956,South,2,1,3.2947343945389274,8.688715139894128,2023-05-10
CUST1006,North,3,2,2.960022503326268,9.737239623281184,2023-11-16
CUST2849,South,8,4,1.7351913702620996,3.528565998892959,2023-05-12
CUST7172,East,6,1,3.415234353549343,3.016945876788412,2023-03-28
CUST4082,West,1,3,3.0018915893178764,3.5411606549415318,2023-09-04
CUST3907,North,6,1,4.366009146847418,4.0799165394032695,2023-01-27
CUST5975,North,7,2,3.694648523791065,6.379064426894336,2023-05-02
CUST9538,South,9,2,1.4716633350453687,6.383233501173188,2023-05-30
CUST4973,South,8,1,1.4718958408365626,7.8371064994210515,2023-03-19
CUST3619,North,2,3,1.7609490950253082,5.836409413734963,2023-01-17
CUST6387,North,5,4,2.2399064327982283,7.856534582045565,2023-02-05
CUST6429,South,5,4,1.5358396140667026,2.365455961284125,2023-01-10
CUST8844,North,0,4,4.903700159341643,4.356005548532272,2023-07-03
CUST4860,West,0,3,1.7957011421535367,5.168180930056151,2023-04-27
CUST4218,West,8,0,3.2722153768189295,8.4724713880229,2023-10-04
CUST7937,North,7,0,3.114097342926617,1.344883901725276,2023-11-30
CUST6923,South,9,2,3.1421354338165624,7.774657019290745,2023-02-09
CUST8001,South,2,3,3.962756757775584,2.9498739622970658,2023-09-05
CUST3945,West,0,3,2.1927295697063895,9.967749788567582,2023-10-10
CUST3529,West,0,4,4.197186421752539,7.918707423081811,2023-11-12
CUST2181,South,4,3,3.0012143947429104,7.6561129175282305,2023-10-11
CUST9208,West,6,3,2.390512641363203,2.928504599912305,2023-02-21
CUST1321,South,7,3,3.613831731454265,2.473321345570263,2023-12-06
CUST1647,North,9,0,3.721266489366897,6.157027296375715,2023-07-21
CUST3787,North,0,0,4.821077640238133,1.3189806224648222,2023-11-02
CUST9233,West,2,3,2.8575964625680674,1.8287587325465076,2023-04-23
CUST3233,West,7,1,1.7108177112753031,9.499079705867548,2023-01-02
CUST9884,East,1,1,4.371665578517177,9.535319117181656,2023-07-05
CUST1982,West,8,3,4.421724618323837,4.937471205637001,2023-08-26
CUST1820,East,8,0,4.146704985921475,4.004683811889443,2023-02-08
CUST5661,North,9,3,2.722979800922821,1.3609376091542071,2023-01-03
CUST8483,North,7,2,4.778413865923779,1.9018126316662476,2023-01-26
CUST8756,North,7,1,4.944065527927536,1.3820645563773584,2023-11-14
CUST2354,East,0,1,3.7510602461496205,5.763254538526159,2023-11-17
CUST2861,North,9,4,3.6788671440123273,2.752514782673939,2023-08-10
CUST3899,South,6,1,4.315740347841537,3.725000335254233,2023-02-04
CUST8684,West,2,4,1.8629251645140954,6.236821121274453,2023-06-27
CUST1576,North,5,3,2.9149207783126276,9.157216459298327,2023-02-27
CUST4013,West,0,3,2.344915629643183,2.238364937158943,2023-11-04
CUST3298,South,4,4,2.806580896891699,1.6415998183989573,2023-07-07
CUST3464,West,0,1,2.1349198590527325,6.518991399183106,2023-03-31
CUST8494,South,8,0,4.835067843074812,4.660139871003488,2023-09-03
CUST3318,North,9,0,3.336471816317509,1.6380821093811782,2023-01-28
CUST5544,South,6,1,3.301632809767268,6.598945132742802,2023-10-29
CUST9613,South,9,4,2.47486908541899,1.887885957089638,2023-01-01
CUST6870,South,9,3,1.9008196648703066,4.935784959882417,2023-06-12
CUST2005,North,8,3,2.045103168059412,5.323210094020174,2023-10-07
CUST3784,West,5,2,4.256780965359752,4.492467319556341,2023-12-14
CUST6499,East,7,4,3.093821695453499,2.900258614103089,2023-06-28
CUST9708,West,0,4,4.303515402876367,2.8867950105614244,2023-04-13
CUST1362,North,9,3,2.3830587489104147,1.2588944420255448,2023-09-30
CUST4584,East,3,1,3.060273546070627,5.491412781460276,2023-11-19
CUST9235,West,7,2,4.712633183074167,4.770505074142618,2023-06-28
CUST6791,East,7,4,2.98842962296824,4.982853414855878,2023-05-25
CUST4110,East,5,3,3.0560307752454983,2.2280793032609063,2023-06-25
CUST3984,South,9,1,2.805329628743117,8.546722636276382,2023-07-24
CUST9853,North,8,4,2.683188179598367,7.644105893758851,2023-01-19
CUST4762,East,4,1,3.953883288504339,9.756141455825599,2023-03-12
CUST3418,West,5,1,2.2118428041261966,3.343737797880044,2023-05-21
CUST4978,North,8,3,3.8804465804680026,7.347221216975738,2023-07-07
CUST1651,North,3,4,3.481605899496861,1.9544645426320315,2023-06-22
CUST5158,East,4,2,1.1659898034793006,6.117646372970666,2023-01-18
CUST9288,North,9,3,2.5364662809646368,3.2801738365827204,2023-07-16
CUST2815,North,2,1,2.469861651873911,7.620118134722734,2023-06-19
CUST7464,South,3,3,1.2459893332917753,7.0807431189485825,2023-06-01
CUST5753,East,0,4,4.265057919490108,1.9275201252296048,2023-03-30
CUST7866,East,5,0,4.469902538053686,4.742024995215088,2023-06-09
CUST8573,South,3,0,2.5229405634716477,8.220553845238479,2023-10-28
CUST7904,North,9,1,2.4411519097211327,4.246106069091545,2023-12-08
CUST2494,South,8,0,4.2880396506295835,3.1901621216353453,2023-07-01
CUST5413,East,3,3,1.5920887453206696,9.424399615164132,2023-08-30
CUST7567,South,3,2,1.511116903159678,2.806739661393957,2023-03-18
CUST8683,North,9,4,4.083994704052085,1.0524526403346108,2023-01-13
CUST7927,South,6,1,2.8199432704110237,6.162567516235927,2023-05-23
CUST5606,South,7,2,1.722992849032602,5.3201149053828125,2023-11-26
CUST6752,South,9,0,4.753916566902199,6.921487285027494,2023-10-31
CUST4872,West,4,4,2.178753334704899,5.053321480143497,2023-02-09
CUST8478,West,7,1,4.911252350099822,5.185151543126832,2023-06-21
CUST4131,South,0,2,1.6327123987797219,3.582048676930561,2023-06-14
CUST9714,East,4,3,1.3844423609547247,7.896296421711684,2023-07-05
CUST5194,East,8,0,1.162358391086944,8.188887223607367,2023-07-24
CUST7145,West,4,0,4.813578419619343,9.318535252293195,2023-12-12
CUST7944,East,5,0,1.9536308370389097,8.363815825217419,2023-10-07
CUST7704,South,6,1,3.7257944405399246,4.63250182498297,2023-04-03
CUST1417,West,6,2,2.5090229311015895,6.721958620980429,2023-04-25
CUST7776,West,6,0,4.958942322414925,8.51749785275058,2023-03-31
CUST4895,East,2,2,3.05497325975127,4.062940533602138,2023-06-08
CUST5355,North,1,2,1.9750025483921587,6.566091060895781,2023-03-30
CUST2557,South,5,3,4.689439159383924,6.86101891986985,2023-01-24
CUST3361,South,6,3,3.5341706610125714,5.47769814354878,2023-12-28
CUST6605,South,9,1,3.6423414287586904,3.4187257217642837,2023-03-18
CUST2097,West,2,4,2.9716738448502342,8.414210314330912,2023-12-18
CUST2396,East,1,1,4.3512289349238555,4.913363810792671,2023-04-11
CUST8530,West,6,0,3.3225472228379442,7.2938099605546025,2023-12-31
CUST6763,North,8,2,4.74179917007552,4.280751371474661,2023-11-08
CUST6293,South,6,1,1.6142637533397766,1.3952403077178195,2023-08-29
CUST7300,North,0,0,3.5567092508907745,3.4411882507939215,2023-01-07
CUST5798,West,9,2,1.979161570424821,5.8713444163842965,2023-02-26
CUST3075,East,1,2,1.8151539812463282,9.683774091161304,2023-12-16
CUST1560,South,9,1,2.524562967912522,5.163048001968065,2023-09-07
CUST6927,West,1,0,4.875921371454167,5.375878558392671,2023-12-24
CUST6317,South,3,2,3.9106348617176994,6.327705487780803,2023-01-13
CUST1939,North,8,3,4.456901667228289,3.4079294491891066,2023-12-13
CUST2186,North,7,4,2.8116326483933487,8.18160946760414,2023-01-14
CUST4904,West,3,2,1.565481193260144,9.499410875845626,2023-12-04
CUST4461,East,8,1,2.4227601912069234,4.862989225090395,2023-08-21
CUST8264,East,9,2,2.600086385891396,4.246922107187314,2023-11-18
CUST1634,North,0,2,3.7092492283048433,1.0355613956463756,2023-04-11
CUST8375,South,1,3,4.863633370920104,3.3228345728081856,2023-07-12
CUST6652,North,2,0,1.706075162930595,1.6890687922853476,2023-02-28
CUST5095,East,0,4,1.6213858199171134,7.46924574897329,2023-06-29
CUST8168,East,3,0,4.892949206166897,2.4877552268832477,2023-10-27
CUST1991,North,8,1,2.7560156106403504,4.285165385358282,2023-11-22
CUST9431,East,7,3,3.421995335626275,4.443003818103099,2023-01-31
CUST6486,West,0,3,2.488444433255197,5.574656435164228,2023-08-21
CUST7247,South,1,4,1.7049922912289417,2.3065927468356113,2023-06-22
CUST2390,West,2,4,3.2692702747667943,2.0201192494485825,2023-08-11
CUST2229,West,4,2,4.523758876185559,6.888737113822506,2023-11-14
CUST9089,East,5,1,4.17559389229447,1.8782578406234607,2023-10-19
CUST9460,East,1,1,3.3497076396779395,1.1007217211679026,2023-01-02
CUST7974,North,7,2,1.9637999016118686,3.4357465063687624,2023-03-21
CUST2292,North,1,4,2.0877145400109343,8.26523818376926,2023-07-20
CUST6914,South,8,3,1.7769478550902917,5.507531768996761,2023-04-15
CUST8349,East,8,1,2.0635650126395264,9.959003082748575,2023-05-13
CUST3570,South,7,1,2.1951035264475025,1.0519589454631189,2023-05-19
CUST3524,North,3,4,3.6128462202211193,9.240086995454952,2023-06-04
CUST4117,North,8,3,2.689240630410196,2.0399940015868987,2023-05-19
CUST4646,East,8,4,1.7857298162408006,4.497619256418858,2023-03-02
CUST7379,East,5,2,2.1355328441589663,4.183737432580298,2023-10-09
CUST4597,South,7,0,4.340330429607391,6.660773623983754,2023-08-29
CUST2137,North,6,0,1.076486304509324,7.901783981828176,2023-12-08
CUST9199,South,5,2,1.8139509203706985,7.795551112443271,2023-12-06
CUST2596,West,3,0,2.678135635013424,7.442181041198871,2023-10-01
CUST8983,South,1,1,4.584574572514105,1.8667231341245794,2023-04-16
CUST7023,East,9,3,4.5564312102487445,7.70188577971536,2023-07-29
CUST6778,East,9,1,1.4458757224781862,1.3237184598403067,2023-02-24
CUST1177,South,4,3,2.9873515203850536,2.220961930758881,2023-02-24
CUST3954,East,8,2,3.6674233905436187,4.947949489244131,2023-07-08
CUST5740,West,4,3,1.7889612966122899,3.920475727252468,2023-01-23
CUST3703,East,0,3,1.266146114894767,4.6210703731282,2023-04-04
CUST7490,North,4,1,1.3555516437995179,6.474199005367911,2023-12-24
CUST5208,South,1,3,2.8790674891862884,4.187022782360554,2023-10-03
CUST3672,West,5,4,4.102423290193398,4.241089874170866,2023-06-11
CUST5340,East,4,0,2.5566463163532047,3.3983218976088936,2023-04-14
CUST5782,East,1,2,1.3088828129906847,4.490687681536857,2023-07-12
CUST8080,South,6,0,2.6660569242473686,8.797062954786835,2023-08-10
CUST6797,West,0,0,4.022178056882504,6.479367999706542,2023-05-20
CUST1784,East,9,1,2.2466803445233072,3.419071883960882,2023-09-17
CUST6682,East,4,4,2.4275002086146933,6.554291956082651,2023-06-26
CUST9802,East,2,1,1.8126964273385817,8.738929948388268,2023-03-05
CUST1290,North,6,4,1.3911979714620384,3.3399206926996063,2023-03-27
CUST2278,East,3,1,1.3329726405354343,2.730511236814437,2023-09-21
CUST7965,East,2,0,3.6254670264188196,3.814324917137872,2023-01-18
CUST8281,North,0,2,3.191575862606817,5.189186696470095,2023-03-10
CUST9151,South,0,0,2.9033620913380465,4.9202441079977675,2023-03-25
CUST3370,West,4,0,2.4871870957370388,6.4916976301432525,2023-01-10
CUST9058,South,6,0,4.714033738106243,9.138640768241896,2023-08-15
CUST7224,North,8,0,4.410417730386637,2.256304196479196,2023-08-11
CUST1020,West,7,0,3.091992223465045,5.156180659652131,2023-05-26
CUST3157,North,9,0,3.231887657427292,4.664825251313133,2023-06-11
CUST8053,East,9,3,3.390984896410088,1.173999327241321,2023-04-05
CUST3216,South,0,3,4.9369634479768365,5.148060900467815,2023-06-16
CUST2512,East,9,3,4.649249029788933,6.0354035289627,2023-06-04
CUST8781,North,7,4,4.346446532856715,5.298339300850755,2023-03-02
CUST8205,North,4,2,2.6581426940037653,7.800453067243256,2023-06-23
CUST3957,North,6,4,3.751146714446789,7.8461333449492585,2023-12-20
CUST5452,West,9,0,4.87680200434578,5.4268949531081025,2023-11-18
CUST7975,West,6,3,3.1678015892294447,8.189562112710384,2023-08-21
CUST7054,East,0,1,4.42311036405961,8.247239163533727,2023-03-13
CUST2377,West,7,0,3.1788947728588335,4.780725449648859,2023-08-10
CUST2621,South,8,2,3.7397134925822906,8.926081024218576,2023-04-24
CUST6062,East,4,2,1.4861586582825121,3.312690094732364,2023-06-22
CUST5026,East,0,0,2.086606242439571,4.891169957612416,2023-05-13
CUST3545,North,3,4,2.356914701389267,8.859496332553764,2023-02-13
CUST6205,North,2,0,4.044049738126497,7.272869238857104,2023-01-20
CUST6233,East,1,3,2.8360939521770887,5.143847202632094,2023-07-24
CUST6397,West,7,2,2.861989109313349,8.14129094113026,2023-11-13
CUST4779,West,2,3,4.794350076624044,2.7738391752076934,2023-06-06
CUST3264,West,6,0,1.696418908066489,4.607502095445211,2023-06-12
CUST6062,East,3,1,3.7715425484699097,4.923622673459398,2023-06-13
CUST9827,North,0,1,2.812120859754305,6.253923185103092,2023-01-07
CUST3228,South,3,2,2.8343327090324815,1.6841738880276984,2023-11-30
CUST6126,South,2,3,2.0704868384932373,7.001395099503114,2023-01-04
