sim_id,user_id,region,data_usage,call_duration,usage_spike_flag,timestamp
SIM2569,USER911,South,79.53548209563046,135.02932469238704,1,2023-06-09
SIM6068,USER226,North,13.636863849937948,185.1224643243477,1,2023-12-10
SIM1120,USER685,East,71.38534454727616,265.3006515240643,0,2023-02-08
SIM1953,USER533,East,65.84378576957874,205.37099865814235,0,2023-11-13
SIM3232,USER242,East,6.8451204772056995,145.69376511032257,0,2023-06-05
SIM3588,USER605,South,35.85545646405981,171.69580793855073,0,2023-06-04
SIM5120,USER166,West,71.09545693700912,122.74046012579949,1,2023-02-20
SIM4433,USER770,South,54.5670897310729,199.15072687055482,1,2023-03-14
SIM4611,USER765,West,25.846484226231663,158.4468564580654,1,2023-10-09
SIM6364,USER901,West,75.80051535580486,32.93067282847676,0,2023-09-24
SIM8130,USER915,West,9.529678466217604,255.96974451173023,1,2023-10-15
SIM3161,USER292,East,3.697406586961449,1.2938272283233825,1,2023-10-18
SIM2447,USER999,North,4.627324879084174,14.875095965853045,1,2023-05-30
SIM7048,USER560,South,1.3570018247875257,149.79972836806147,0,2023-02-06
SIM4128,USER899,South,76.37447296646597,110.35110927277015,0,2023-09-04
SIM7730,USER134,West,77.3060279971666,89.0907895688947,1,2023-02-14
SIM1063,USER652,South,37.109128373231215,51.08699705368586,0,2023-01-25
SIM8000,USER874,North,29.868371856534385,180.6605755783979,0,2023-03-25
SIM3765,USER307,East,46.402766496551436,261.1250095415829,0,2023-12-27
SIM7126,USER249,North,68.41758888882582,97.03444853246187,1,2023-09-15
SIM7802,USER256,South,76.2068554870747,200.19792329121654,1,2023-04-30
SIM6187,USER625,West,67.01584517938598,197.76021062398158,0,2023-05-22
SIM9227,USER205,North,91.89938831298026,33.452832226550775,0,2023-10-02
SIM7246,USER296,North,83.48446869607619,71.48208833594391,1,2023-11-01
SIM5414,USER298,South,56.779876456486136,196.32483789349587,1,2023-07-09
SIM3695,USER679,West,59.150979078574856,186.64188127841527,1,2023-04-06
SIM6483,USER503,South,52.64281140425947,219.9025447066638,0,2023-01-24
SIM9324,USER851,East,63.36840869168316,184.5425247666552,1,2023-03-12
SIM8353,USER849,West,78.66947116891984,101.02502800432381,0,2023-02-27
SIM7504,USER803,North,89.55198149512589,207.6996955622006,0,2023-08-06
SIM9875,USER469,North,57.40759574951513,170.06642076670735,0,2023-05-03
SIM4047,USER845,West,19.23169626757474,80.45738384230218,1,2023-02-04
SIM7629,USER218,East,5.033895158993127,94.0447567447512,0,2023-10-01
SIM2864,USER856,North,17.06068358258747,122.71385186394104,1,2023-01-15
SIM1150,USER228,North,47.958007164125256,118.13107863586686,0,2023-07-13
SIM1665,USER725,South,68.04839167180205,140.8876283003014,0,2023-07-25
SIM5479,USER348,West,68.73483539580562,295.150877354673,0,2023-06-12
SIM9868,USER698,South,29.955867245527426,83.08630267862358,0,2023-02-17
SIM4344,USER495,West,65.66260308233551,295.91915726216354,1,2023-05-26
SIM1373,USER352,West,65.922110233053,236.78175504390705,1,2023-01-28
SIM6371,USER555,West,65.97499702854806,275.7115623332248,0,2023-01-25
SIM6379,USER292,South,5.846277698930521,99.76746063820316,0,2023-08-11
SIM3973,USER118,East,73.3064657177188,27.86086523009489,1,2023-02-12
SIM5492,USER288,West,19.080602192513425,299.6586131597644,0,2023-10-04
SIM7671,USER749,West,2.2089834260102568,153.9341250820662,1,2023-08-24
SIM7937,USER644,East,4.810209663070773,184.41615824236214,0,2023-10-20
SIM4048,USER750,West,31.36892030952853,25.172559770447297,1,2023-09-17
SIM2247,USER212,West,79.5640539297759,178.1024565432735,0,2023-10-09
SIM4716,USER194,West,14.233701802760834,33.45456428951543,1,2023-04-27
SIM4203,USER789,South,32.23214009860862,290.4784921612806,1,2023-01-29
SIM3430,USER641,North,16.15143252548014,23.111636957522112,0,2023-02-12
SIM5574,USER635,North,13.519664806150315,252.32422511127947,1,2023-06-17
SIM3226,USER753,West,16.329409970184944,62.35244671323114,0,2023-04-15
SIM9995,USER695,West,96.59836796750615,132.1029460747818,1,2023-08-30
SIM7324,USER682,South,56.30127758432823,96.70281824997541,0,2023-02-24
SIM1807,USER934,East,51.0242556273531,195.5097337193902,1,2023-12-25
SIM8709,USER638,West,11.341790171573173,16.949999701891123,1,2023-08-31
SIM9637,USER574,South,35.662535504254215,134.24671604095212,1,2023-12-08
SIM3990,USER231,East,76.53348753322331,29.99705571491117,0,2023-04-15
SIM5013,USER795,East,58.54231214832743,234.45949368580455,1,2023-10-26
SIM6197,USER676,North,90.78695021925066,203.88274675527597,0,2023-10-30
SIM7797,USER867,South,93.73563235675444,66.19074862571748,0,2023-01-13
SIM2215,USER544,South,45.560984123355965,57.108572064018944,0,2023-06-09
SIM1878,USER343,North,64.86553666343734,48.750285786765055,0,2023-01-13
SIM4004,USER593,East,11.940133326691152,298.212027184112,1,2023-02-21
SIM5615,USER275,West,73.40377157153608,28.441326043300805,0,2023-10-06
SIM8768,USER903,East,70.74839951367987,266.1987367735305,1,2023-11-07
SIM2243,USER121,East,93.57757426502575,171.09373928427402,0,2023-09-06
SIM8994,USER641,North,49.360727690187126,9.491237856334115,1,2023-04-03
SIM9525,USER311,East,53.41286963814486,26.16448045796881,0,2023-03-23
SIM3720,USER427,South,40.88243134337841,261.06338950207635,1,2023-04-04
SIM6390,USER427,East,5.726957969567587,246.61649944285196,0,2023-01-09
SIM7910,USER736,North,95.35788842005225,180.88420301992178,1,2023-02-24
SIM5396,USER805,South,55.52191268305471,81.81127822493998,0,2023-07-09
SIM5374,USER692,South,10.096940845063934,145.07238203680578,0,2023-12-30
SIM1690,USER659,South,44.54724342040046,255.3149929479962,1,2023-10-10
SIM2247,USER534,South,33.01762318450787,230.7782208734911,0,2023-12-17
SIM2852,USER542,West,26.579748855813705,67.64365235249028,0,2023-02-07
SIM3393,USER853,East,40.34783339176471,282.807010945044,1,2023-03-21
SIM9379,USER256,West,63.67727862120139,287.68876499266594,0,2023-03-13
SIM7256,USER767,West,92.68465778297414,63.222792919961066,1,2023-04-08
SIM2844,USER615,East,35.07516344946615,13.604987331024025,0,2023-03-18
SIM4594,USER386,East,44.019767532712045,9.793784393528611,0,2023-07-18
SIM9758,USER172,West,17.233422811484473,137.7103695303677,1,2023-08-01
SIM6860,USER649,West,72.20865752844011,264.39152931660925,1,2023-03-10
SIM5149,USER546,North,67.53608742315294,144.704440198422,1,2023-03-31
SIM3123,USER209,North,42.429182082511,130.91970182115227,1,2023-09-16
SIM2116,USER439,West,69.16175375254319,239.25635069392814,0,2023-04-20
SIM6177,USER846,West,84.6196958932914,56.60333432428753,0,2023-07-03
SIM3461,USER162,North,13.801514783526407,97.0199621877892,0,2023-08-15
SIM4402,USER619,South,80.45615993648113,170.99969023230943,1,2023-12-31
SIM9067,USER213,North,83.82382046595741,238.40491162232988,0,2023-02-23
SIM8348,USER605,North,23.71598521607212,70.69661022583449,0,2023-02-27
SIM9031,USER304,South,70.63575005662594,134.3533009113633,1,2023-05-31
SIM3804,USER743,West,48.03854397180707,169.64211266859866,1,2023-02-10
SIM4562,USER483,East,10.123626251430755,226.38889173722393,0,2023-08-09
SIM2604,USER380,East,29.291779252917504,28.049435752214773,0,2023-07-06
SIM5494,USER490,East,6.008395047378335,236.61151655594958,1,2023-08-10
SIM9906,USER532,South,2.1594577535555213,100.5509722287422,1,2023-06-23
SIM4998,USER149,East,8.545079473155145,228.2733276074076,0,2023-01-31
SIM2457,USER626,South,31.100300328796376,266.17158950788655,1,2023-12-25
SIM1647,USER342,West,96.23467563828116,65.71564276629304,1,2023-09-06
SIM5733,USER781,East,34.58981566197388,154.17617456679918,0,2023-01-08
SIM5847,USER112,West,47.296027682926216,8.29208312583279,0,2023-09-01
SIM8586,USER424,North,21.19592828952473,111.19384193935436,0,2023-05-22
SIM2498,USER862,West,3.8636856758981937,129.2754512736985,1,2023-10-29
SIM2008,USER504,North,60.721395401671565,59.609892850635134,1,2023-12-18
SIM4940,USER730,East,62.06452124125571,168.58627198413538,0,2023-10-17
SIM5043,USER283,East,86.85644845850895,10.796618533623574,1,2023-05-14
SIM4938,USER471,South,12.501342144685646,280.077075265725,0,2023-07-12
SIM6315,USER722,West,15.629266367042975,162.50691528224945,1,2023-03-01
SIM9079,USER565,North,53.545954149621245,196.6799236280373,0,2023-03-05
SIM4238,USER739,West,66.85088413087325,3.549592305804218,1,2023-04-02
SIM4123,USER974,North,14.201641728696563,211.20649609368195,0,2023-12-05
SIM5266,USER119,West,65.99103661323942,143.0949465645024,0,2023-07-08
SIM3576,USER944,East,36.65998993985113,262.7563266571346,0,2023-03-31
SIM5693,USER150,West,74.37097380155939,262.41975559838636,0,2023-11-14
SIM9287,USER930,East,28.96710329989707,147.03556480406147,1,2023-06-02
SIM9938,USER449,North,71.02202401254797,82.96465227768275,1,2023-05-09
SIM8564,USER654,West,20.511506121940833,219.19206144455052,0,2023-10-07
SIM5971,USER606,North,25.01953364381074,222.47774627889564,0,2023-07-15
SIM3321,USER654,East,44.93666538063423,270.17134690588455,1,2023-03-30
SIM7608,USER596,East,53.89088004682433,192.4566950512426,1,2023-01-20
SIM6389,USER514,West,72.37487425648261,144.20154048062957,1,2023-02-23
SIM7412,USER875,North,40.31336436560527,214.96019688281476,0,2023-01-14
SIM5323,USER612,West,7.157162553220903,102.13974478586161,0,2023-03-15
SIM5838,USER641,West,2.3828889181069504,192.52238729013894,0,2023-01-25
SIM8386,USER384,East,73.33767067555526,76.67970455921785,0,2023-07-15
SIM4801,USER299,South,48.5017378680271,84.41459125726055,1,2023-11-25
SIM2643,USER373,South,54.55542523720829,113.99103815876556,0,2023-08-31
SIM1944,USER805,West,46.71213790753439,57.47066422796226,1,2023-10-09
SIM1366,USER933,East,60.0435925678295,236.01828078757146,0,2023-11-24
SIM2566,USER560,West,69.4231905124255,92.08800871749034,0,2023-08-02
SIM3575,USER437,East,14.16481429877844,272.397204671145,0,2023-08-14
SIM2044,USER281,South,26.482647333958173,14.714702768991708,0,2023-07-28
SIM2769,USER421,East,75.5364708228723,180.50202520204053,0,2023-09-25
SIM8271,USER863,North,69.70459663414144,227.0482800100007,0,2023-02-16
SIM8935,USER926,South,34.99022639281028,137.81690635551854,1,2023-01-03
SIM9467,USER308,North,37.27685154184741,81.95267395212252,0,2023-04-02
SIM8124,USER950,North,56.74573449740344,38.4470335589979,0,2023-07-02
SIM8345,USER724,North,54.37409414103877,12.094731610845793,0,2023-09-20
SIM5574,USER549,North,56.740920518457315,75.49265376012791,1,2023-12-29
SIM7365,USER899,West,3.108699429584357,187.3410394263117,1,2023-11-04
SIM9034,USER160,North,54.22480179201096,266.87335278145656,0,2023-09-23
SIM6691,USER726,West,5.319092071685606,127.29491804184433,1,2023-07-11
SIM8485,USER886,East,52.85639476412887,174.21356337229787,0,2023-06-18
SIM8029,USER662,North,38.3246654002912,258.378657651834,0,2023-06-13
SIM4033,USER612,East,78.30881620334779,123.52888706744083,0,2023-04-28
SIM9662,USER548,North,88.24853433971124,111.36000070060746,0,2023-06-29
SIM9252,USER566,West,61.720376532503565,143.36021709388044,0,2023-05-04
SIM9086,USER540,South,29.973101384093876,43.97730467230152,0,2023-01-13
SIM8061,USER192,West,16.227522506463295,141.0047885416929,0,2023-05-17
SIM2338,USER672,East,40.87225735810895,288.0813799576168,1,2023-06-12
SIM4527,USER676,South,17.479395958833194,286.431815490735,0,2023-07-17
SIM6337,USER312,West,58.188098957695445,148.4220148212573,0,2023-04-25
SIM5345,USER228,North,16.697088339985132,16.699717683876948,1,2023-11-10
SIM5597,USER896,North,66.39340357483061,38.157536903301875,1,2023-02-16
SIM7085,USER523,North,3.2134356827905903,293.0542028958011,0,2023-12-04
SIM4856,USER920,East,7.179093293811974,229.6055238363979,0,2023-10-24
SIM6147,USER763,North,48.28471065125465,297.2000145210809,0,2023-10-18
SIM7957,USER834,North,90.31914067344277,96.59207540997221,0,2023-11-13
SIM2938,USER200,South,84.90074320205169,233.73746593747,1,2023-04-07
SIM7311,USER988,South,89.65197791556565,36.830533160013104,1,2023-06-01
SIM2550,USER136,South,63.598457610026216,178.71691072973132,1,2023-08-04
SIM6429,USER275,West,16.624212739122765,103.30765735767608,1,2023-09-03
SIM8172,USER992,North,60.2827279760936,191.02178433540143,1,2023-01-05
SIM1194,USER593,North,40.78696941141299,18.67535558372017,0,2023-12-14
SIM7655,USER792,South,32.3260783225077,183.99478883096216,1,2023-11-30
SIM4518,USER263,North,68.42215953615901,278.20595306923286,0,2023-05-05
SIM2305,USER592,East,33.986615074749736,138.00247559768076,0,2023-02-03
SIM5055,USER569,South,4.734580768809251,244.93938306311114,1,2023-07-05
SIM2700,USER249,North,95.09313238148623,30.271001326282256,1,2023-05-29
SIM1427,USER635,West,53.39519633454075,68.65028172203004,1,2023-10-07
SIM5067,USER456,North,14.340749269468036,261.8288454595508,1,2023-01-23
SIM9744,USER990,North,28.189136760706486,276.3599096268349,1,2023-09-08
SIM5364,USER226,West,87.82803793512474,223.23561143545948,1,2023-09-04
SIM4265,USER146,South,29.93681469055475,289.50660437553955,0,2023-01-08
SIM8160,USER536,East,3.6987950131868494,195.57080574828046,1,2023-02-20
SIM8401,USER920,West,38.659031416916164,5.88599623439253,0,2023-10-05
SIM2851,USER491,West,94.7456093987275,293.45416095963554,0,2023-06-25
SIM5951,USER130,South,4.152194790847702,237.46670472151527,1,2023-08-11
SIM7306,USER346,North,33.65263008944564,222.6948208960905,0,2023-10-19
SIM8275,USER221,East,48.18516385298817,44.15703161506908,1,2023-08-19
SIM4110,USER697,East,78.44458964507936,28.318654911178125,1,2023-08-09
SIM5376,USER196,North,56.82091029686829,142.81128999475823,0,2023-07-22
SIM3738,USER442,West,30.36696335385956,242.64163768629402,0,2023-05-14
SIM6069,USER405,South,92.25342485011745,265.8597180587144,0,2023-03-21
SIM8733,USER865,South,60.34098369592581,4.877257524216431,0,2023-01-14
SIM4297,USER225,West,32.90777072723952,112.07215218284408,0,2023-08-09
SIM7763,USER869,North,63.998106954219544,76.81867394956157,1,2023-11-25
SIM6994,USER458,East,80.81737630097697,183.28161984571778,1,2023-02-25
SIM4874,USER815,South,1.5236841535904548,113.16419870098494,0,2023-12-23
SIM8683,USER819,South,44.84735364073069,10.432783116704968,0,2023-11-29
SIM3484,USER668,North,27.568975296136937,109.97553599358044,1,2023-08-28
SIM6640,USER256,West,88.22190660491526,184.21232617502957,1,2023-10-14
SIM9830,USER420,East,60.88574831345458,30.69378682083479,0,2023-02-24
SIM9089,USER355,East,15.1309450576901,222.27579928086394,0,2023-08-29
SIM4538,USER915,East,2.4245405610907556,42.501604567395276,1,2023-06-09
SIM6440,USER288,East,64.07639772089611,219.3891292003243,1,2023-11-06
SIM1675,USER193,West,7.46468516100852,1.220731466052139,1,2023-05-31
SIM8087,USER179,West,6.242574758042253,153.3976035528757,0,2023-03-03
SIM7160,USER372,North,42.70979547309059,75.64858523448302,1,2023-10-17
SIM3322,USER434,East,60.52287661063898,250.53530364877486,1,2023-01-31
SIM6024,USER953,South,36.41934072301935,34.76155790374856,1,2023-01-08
SIM9257,USER820,South,26.58102140746051,14.984896740860535,1,2023-04-24
SIM2370,USER570,West,8.012600776600012,167.61156711326282,0,2023-09-18
SIM6867,USER297,East,99.29818347871355,69.84381312231481,0,2023-06-02
SIM4652,USER722,West,59.62438482178031,107.88280393718034,1,2023-02-16
SIM3884,USER832,South,95.03585455309549,59.9928137238669,0,2023-09-10
SIM3497,USER924,East,64.62421244811686,203.9616956919442,1,2023-03-30
SIM6347,USER917,North,76.67574476545961,4.204561355482025,0,2023-06-19
SIM5420,USER892,South,11.114694531060943,143.7107865209774,1,2023-05-12
SIM3237,USER497,West,41.30997926067859,269.29237931767716,0,2023-09-30
SIM3468,USER265,North,44.78121379153273,172.2492439170782,1,2023-12-15
SIM2441,USER584,East,81.77695022724383,194.21175357156284,0,2023-03-23
SIM5679,USER358,North,78.9955120613197,194.8996576822247,0,2023-11-11
SIM2607,USER993,South,31.10327676128245,115.52051244867452,0,2023-01-24
SIM1614,USER783,West,88.89885350340776,17.34854751586617,1,2023-04-28
SIM1389,USER970,East,42.3912915720724,200.39992271438228,1,2023-10-22
SIM6323,USER950,North,67.07002405705248,16.179081515442963,1,2023-09-16
SIM8321,USER764,North,65.46890992217868,153.57420089778054,0,2023-02-15
SIM6026,USER463,South,20.425622103945567,209.48465059822394,1,2023-02-13
SIM9846,USER519,West,67.03039722569484,169.8716973925293,0,2023-08-16
SIM2130,USER908,East,53.6842246444802,25.821042578374552,0,2023-01-20
SIM9111,USER864,North,85.02470081134535,219.6630067891076,1,2023-04-16
SIM9557,USER347,East,11.50963414760593,255.4862882190646,0,2023-09-27
SIM4902,USER126,East,12.02981383040645,61.97786420856841,0,2023-12-24
SIM5608,USER534,East,14.989553031530587,141.02948988373223,1,2023-08-29
SIM8459,USER591,East,11.025645584427096,199.07217835212546,0,2023-08-29
SIM2091,USER423,South,32.080737973978444,66.17059250677839,1,2023-10-13
SIM8574,USER677,North,87.55631879456455,106.90728643605316,1,2023-08-13
SIM9665,USER348,South,74.76655505161798,272.1011189687494,1,2023-11-17
SIM5563,USER669,South,50.066622577616876,73.9031117075966,1,2023-12-28
SIM2361,USER676,South,11.864447300131273,12.88756599438547,0,2023-05-22
SIM1087,USER224,South,46.99522730376782,282.94759242112036,1,2023-03-20
SIM2743,USER268,South,52.827661747876746,13.727349078978678,0,2023-08-17
SIM8775,USER934,South,54.779239939217305,151.9470709581569,0,2023-01-06
SIM8572,USER545,South,66.14272774517234,71.40158698048974,1,2023-09-03
SIM5492,USER813,North,3.3270344701563395,161.03595927096464,1,2023-04-09
SIM4815,USER863,North,67.81149822008354,64.8198854066477,0,2023-01-13
SIM9800,USER359,North,54.142495286332256,175.58994496983252,1,2023-03-25
SIM8487,USER532,East,0.7720322236318699,198.4072078688869,0,2023-01-08
SIM7291,USER216,North,78.54416314112787,294.8030090273622,0,2023-07-18
SIM2497,USER393,East,27.133806498042553,172.4595301976662,0,2023-06-07
SIM9623,USER713,South,32.0299418307293,102.20819710714943,0,2023-10-09
SIM7372,USER564,South,42.68493987201115,163.69652029179235,1,2023-03-22
SIM6397,USER567,South,22.409926618976332,164.50490911656013,0,2023-07-17
SIM9066,USER156,East,25.19430480608398,58.585209969399195,0,2023-05-05
SIM3421,USER456,West,70.173812897168,124.62190692561654,1,2023-09-29
SIM6450,USER759,East,24.122557690527508,56.91612695068609,0,2023-08-27
SIM8133,USER646,West,28.00591984958019,14.884009757943272,1,2023-09-06
SIM3904,USER749,South,11.567198240282815,109.79280105989702,0,2023-07-16
SIM3378,USER841,North,57.88053777932582,285.8668516846349,0,2023-07-24
SIM2851,USER971,South,65.0333684992414,25.776929429303184,0,2023-11-04
SIM7307,USER984,North,2.4209349690677935,208.68113085216774,1,2023-05-06
SIM5051,USER676,South,64.86001638953309,97.07307681730629,0,2023-02-07
SIM7104,USER305,South,54.322708475674396,233.62448604939334,0,2023-09-04
SIM2356,USER632,East,68.51010723981841,165.1264046120858,0,2023-10-19
SIM5260,USER170,South,11.61862515061186,170.09399060624628,1,2023-12-23
SIM4539,USER290,North,19.006579714818628,263.28144524773177,0,2023-05-25
SIM8510,USER980,East,45.487712396917566,168.55851421726928,0,2023-05-16
SIM3133,USER944,South,49.00714692167242,194.21008073127578,0,2023-04-02
SIM8048,USER270,West,95.64112623762955,34.723950206901414,1,2023-07-19
SIM2598,USER442,West,51.736976909630535,14.597772118878456,1,2023-04-26
SIM7275,USER942,West,94.54969420379675,66.35604057827756,1,2023-12-06
SIM5851,USER889,West,72.64956114470951,297.9038270337616,0,2023-11-05
SIM3501,USER337,West,12.661664070790772,299.25985718944395,1,2023-01-27
SIM6806,USER726,South,75.27092625274781,111.05113570980508,1,2023-08-29
SIM9402,USER900,West,42.50107822435875,226.48437795229026,1,2023-08-28
SIM9902,USER582,South,38.50306644900087,102.21266405314714,1,2023-08-01
SIM1604,USER653,West,47.133158850166645,24.118882430449773,0,2023-08-08
SIM1780,USER778,North,54.0455820948873,213.6202492074595,0,2023-05-20
SIM2876,USER563,East,22.639590714095068,70.51489258448508,0,2023-10-30
SIM3280,USER634,North,38.9889040390797,212.4907606779972,1,2023-11-01
SIM8781,USER588,North,30.410839754497104,194.08769045535,0,2023-08-01
SIM1983,USER802,South,40.022538221419666,189.3683762086017,0,2023-11-02
SIM9885,USER341,West,60.99853662811016,71.05020564693531,1,2023-02-24
SIM2579,USER660,South,5.70827252533478,198.83855626203447,1,2023-05-31
SIM2783,USER473,North,22.587434902650525,257.7604415024778,0,2023-08-17
SIM1279,USER740,East,27.1565367445533,53.91441994937095,1,2023-05-01
SIM3207,USER631,South,36.5313525279005,80.59005871778258,0,2023-05-13
SIM6466,USER755,East,8.175747054637279,177.75236230291745,1,2023-05-12
SIM8404,USER737,North,8.586423796326125,178.76600368457056,0,2023-04-22
SIM2156,USER587,West,99.31752017795407,142.81006301109034,0,2023-08-31
SIM2700,USER541,West,55.31850551123856,5.967049592676693,0,2023-02-26
SIM5228,USER690,West,91.31381684221692,289.43268616128216,1,2023-04-16
SIM9891,USER589,West,60.57191517370207,4.864181638398668,1,2023-11-23
SIM6274,USER202,East,46.791642952158675,175.69701823503075,0,2023-12-24
SIM2296,USER840,South,56.46925235546858,148.787459560891,0,2023-10-28
SIM2396,USER660,North,52.713443555129025,212.3875987093386,0,2023-05-25
SIM6443,USER948,East,85.54418617689477,105.55377475836556,0,2023-06-23
SIM3534,USER561,East,43.11465733070084,99.51480547119765,1,2023-11-10
SIM3256,USER709,North,57.016027146826815,217.8302501742948,0,2023-10-30
SIM4959,USER838,East,97.88362000837064,176.981961294269,1,2023-07-18
SIM3305,USER161,North,19.685094688600415,167.56808542110343,0,2023-09-01
SIM9975,USER932,North,71.57061557272405,98.88623385927494,1,2023-12-04
SIM8269,USER802,West,98.34361939285698,209.07650701640515,1,2023-10-09
SIM2821,USER213,West,29.563244907311127,133.97984536449587,1,2023-06-04
SIM7310,USER436,North,44.664621766415,260.47418038718115,1,2023-01-23
SIM6523,USER286,West,15.165247138923775,153.26193060486128,1,2023-05-08
SIM7985,USER880,South,54.85497067358065,229.74864496417052,0,2023-04-04
SIM3405,USER355,East,13.863723102734717,100.59034459542566,1,2023-09-08
SIM6265,USER475,West,48.97126698722962,186.3161940009812,0,2023-09-12
SIM8535,USER529,South,17.514235647699884,175.98385306805997,0,2023-06-25
SIM3561,USER687,East,21.625600109891543,175.4328128579907,1,2023-02-10
SIM8510,USER745,South,0.8475519111721289,230.15372935597208,0,2023-01-26
SIM2425,USER431,West,82.31806327134646,58.18672807849938,1,2023-01-25
SIM9190,USER241,South,76.27385865490994,102.66694673133249,1,2023-08-24
SIM8652,USER201,West,68.1585209871187,120.24848175308875,0,2023-11-11
SIM9400,USER580,North,11.872794738519504,276.89157174541583,0,2023-01-03
SIM8108,USER425,West,11.579956895695052,281.4213088513745,0,2023-02-11
SIM7950,USER424,West,60.48385645197616,299.77148951027186,0,2023-01-05
SIM4419,USER373,East,90.21555695637412,281.2644516072334,0,2023-03-11
SIM4264,USER311,North,69.68339793371938,258.6859935471493,0,2023-12-12
SIM1369,USER643,North,96.63817466489928,194.84365948485816,1,2023-10-02
SIM1470,USER195,West,63.08379071328479,297.73882830121875,0,2023-02-15
SIM2482,USER972,North,75.4209974045485,264.3600037906798,1,2023-06-15
SIM1583,USER685,East,79.4693752955174,196.4788907360246,0,2023-08-26
SIM8617,USER134,East,70.50436141445981,202.0050310001814,1,2023-04-25
SIM5858,USER950,West,9.367069698565375,153.78604074266335,0,2023-11-11
SIM4228,USER225,North,73.38763399906401,172.46522869356716,0,2023-11-25
SIM1489,USER934,South,27.432134238244096,299.68964288593605,1,2023-04-09
SIM9891,USER437,North,54.47308200117582,135.7222479404036,1,2023-06-29
SIM2252,USER724,South,33.67484893618705,9.990041304553587,1,2023-06-07
SIM6436,USER680,East,82.06683356328051,254.4425983840406,0,2023-12-17
SIM2474,USER575,East,92.53013579049573,93.00962021445706,0,2023-09-21
SIM9829,USER461,North,83.11411182104332,7.186552184528608,0,2023-12-20
SIM7852,USER670,South,41.93591761882374,38.022850037445835,1,2023-09-15
SIM9867,USER202,North,45.74255103472415,152.24826158004427,0,2023-06-20
SIM2898,USER756,East,59.8310101186868,131.69850678528456,1,2023-09-10
SIM9115,USER367,South,81.31955777177947,35.051115623256734,1,2023-03-17
SIM5429,USER111,North,81.148932592253,74.05169585921416,1,2023-10-28
SIM9843,USER191,North,67.00196150891126,140.50072792776402,1,2023-08-19
SIM1627,USER823,East,35.38758885356629,32.07311121766506,1,2023-12-22
SIM1895,USER690,North,16.148741847546628,181.593356922844,1,2023-09-23
SIM4693,USER233,South,21.884409275720746,90.37329285780125,1,2023-07-29
SIM7318,USER877,West,88.6728772230613,178.9807362302214,0,2023-02-08
SIM8984,USER149,North,14.783283532319537,193.8411934648535,0,2023-08-01
SIM5607,USER583,West,99.09368371464214,3.6896898400271354,1,2023-10-16
SIM9487,USER856,North,92.92484225618922,214.97820436086238,1,2023-07-05
SIM1819,USER335,South,57.825017890299534,135.02781090421817,1,2023-12-12
SIM4717,USER882,North,37.91470948083566,239.5764546465528,0,2023-01-03
SIM9567,USER151,North,8.989381966125565,8.983384107349405,0,2023-06-24
SIM5664,USER960,East,30.63692864950985,282.29601448341487,1,2023-09-20
SIM3123,USER457,South,72.79689838243041,172.12473530796908,0,2023-07-21
SIM1546,USER530,West,21.8269821919075,80.64366719610805,0,2023-01-02
SIM6718,USER836,North,52.91993402697512,297.62761575838795,1,2023-03-22
SIM5110,USER878,South,76.08540630477198,195.95139736100222,0,2023-08-06
SIM7696,USER210,West,32.511039090244495,189.50464031928382,1,2023-08-24
SIM1225,USER379,North,99.0685106451611,275.97594574390496,1,2023-03-28
SIM6123,USER857,North,87.28561524320077,16.357761404188846,0,2023-03-21
SIM8278,USER865,South,25.342415064521617,31.036757818295094,0,2023-01-07
SIM6893,USER766,North,37.34009024340386,233.34962193572076,1,2023-08-29
SIM5078,USER446,North,20.649084246692265,157.42611316885416,1,2023-01-19
SIM9898,USER291,North,61.559905237600574,107.69380348567402,1,2023-09-05
SIM7521,USER878,West,14.771973873991127,163.25942297585976,0,2023-11-22
SIM3905,USER379,East,21.893469688578534,267.92082516349456,1,2023-12-06
SIM4054,USER718,South,19.00343569708646,274.0693844454912,1,2023-10-16
SIM4746,USER889,East,87.4872772442182,52.12607681912981,0,2023-01-16
SIM3256,USER793,East,74.54256829687479,196.13221587913046,0,2023-04-12
SIM6011,USER372,East,11.93654600733914,121.06151356689668,1,2023-04-25
SIM3975,USER765,West,7.743616739479724,167.68738691570306,0,2023-05-22
SIM7026,USER201,East,13.773779295217283,276.49417157895,1,2023-06-27
SIM4348,USER631,North,11.028987378779233,50.82930878958971,1,2023-05-10
SIM8543,USER991,North,91.34798150470523,144.21639692978238,0,2023-11-11
SIM9891,USER246,West,95.87301509838271,46.15966888445749,0,2023-07-08
SIM3645,USER133,South,84.11840223721204,273.4186744643021,1,2023-02-06
SIM1335,USER159,North,94.86549222442879,169.53166884195176,1,2023-02-24
SIM5265,USER789,West,9.023332881642242,268.84497208542257,1,2023-12-24
SIM1294,USER667,South,60.81415032807666,203.8059206579885,0,2023-04-28
SIM4981,USER986,East,84.95661665819414,66.77512348970335,1,2023-06-11
SIM5815,USER957,East,40.32038965155475,287.48742251040795,0,2023-11-04
SIM9574,USER835,West,86.95998050603029,86.02591370086898,0,2023-03-12
SIM8495,USER667,West,91.67431333963476,298.5408203472009,0,2023-05-30
SIM1879,USER845,North,35.646068568238086,202.9624222316872,1,2023-07-19
SIM2694,USER727,North,14.544387698379351,182.78407665469024,0,2023-11-27
SIM4548,USER556,East,32.645048100092076,78.10739725825924,1,2023-05-01
SIM5174,USER962,South,2.6922992573018223,199.5087829254678,0,2023-12-16
SIM9084,USER336,West,52.815165069821965,231.69609028982094,1,2023-02-17
SIM3701,USER370,South,87.44632030287805,14.110266296079796,0,2023-05-19
SIM4471,USER751,East,62.42478859375247,31.02762621579591,0,2023-10-13
SIM3639,USER614,North,72.94860028987475,129.1964394740892,1,2023-02-23
SIM2403,USER898,East,98.24108969406377,134.8760675865272,0,2023-08-02
SIM5167,USER433,South,18.319126599907975,93.63073565496137,0,2023-03-30
SIM8985,USER418,South,26.12225728305532,251.72256215953644,0,2023-02-10
SIM6450,USER550,West,86.06222188153137,169.0068103073828,1,2023-06-21
SIM7132,USER814,West,68.99064036817667,202.0598617842251,0,2023-07-06
SIM2043,USER516,East,5.047712241957548,232.8403275675547,0,2023-05-18
SIM8365,USER797,South,46.859477166638776,212.76736847657594,1,2023-07-29
SIM2536,USER120,North,90.3780583491323,147.70453263038624,1,2023-06-02
SIM8377,USER375,South,96.41352988280333,198.31998896675225,0,2023-10-07
SIM9789,USER536,East,65.83432342152409,182.18521141511155,0,2023-12-27
SIM6770,USER517,West,58.140334190824795,75.92879251969217,0,2023-09-26
SIM6277,USER218,West,24.406958497677053,224.8813557286358,1,2023-07-07
SIM7712,USER363,West,73.74569432600119,255.1507724828387,1,2023-08-03
SIM5362,USER637,West,85.3190563402188,116.1414661926075,1,2023-11-21
SIM6771,USER516,West,38.84821048680053,260.0718738367391,1,2023-12-20
SIM3879,USER868,North,99.14137274946953,25.94058512214249,1,2023-01-12
SIM5533,USER599,East,66.07849945124912,270.69909339842326,1,2023-09-06
SIM7586,USER126,South,97.32339958040279,200.96046900406157,0,2023-06-09
SIM5154,USER856,East,90.91378219743848,155.82600753123643,0,2023-10-13
SIM4067,USER353,North,80.54499329709027,13.402351568686427,1,2023-12-26
SIM5857,USER576,South,71.72932530689921,167.29066065019302,1,2023-07-05
SIM7651,USER305,North,48.56847726597529,262.0455666105681,0,2023-09-17
SIM7753,USER831,North,66.70334028775453,278.45483526566665,0,2023-06-06
SIM7775,USER531,North,91.68443295733204,218.07082762701015,0,2023-07-18
SIM9853,USER629,West,39.07315047023067,17.782446713437846,1,2023-10-23
SIM4939,USER675,East,33.91977414760192,137.03906375925794,0,2023-07-20
SIM5605,USER103,West,22.38842733272504,154.5653839727589,0,2023-02-21
SIM9332,USER309,South,58.15898029404395,120.48967574395398,1,2023-11-04
SIM6052,USER301,North,78.13872980256346,140.23449095041295,0,2023-01-10
SIM3828,USER886,South,89.20811351180578,44.90521763905941,1,2023-07-03
SIM2344,USER285,South,56.66134223357797,85.20586702902277,0,2023-08-09
SIM3549,USER897,East,41.30684377305878,224.8588975023168,1,2023-09-19
SIM3356,USER278,South,20.414889860211023,259.1088694351234,1,2023-01-30
SIM4853,USER774,West,66.667652607664,113.46864633784554,1,2023-08-01
SIM4553,USER620,North,19.985903943658364,162.1236927023619,1,2023-11-05
SIM4402,USER401,North,41.95514162930967,163.0929136313635,1,2023-08-31
SIM1503,USER677,South,41.869376801375005,219.85591448462236,1,2023-05-05
SIM1110,USER989,North,64.14368468273821,140.10589931410772,0,2023-08-26
SIM5224,USER668,East,86.05082253225599,294.7710178726357,1,2023-04-03
SIM6380,USER128,South,37.189296537396345,3.0555188782355773,1,2023-06-16
SIM7902,USER221,North,20.23002214808826,264.36697105087666,1,2023-05-30
SIM5489,USER776,South,18.93163805075657,227.67599600733615,0,2023-08-08
SIM4995,USER437,West,35.98432278924978,208.01793296312542,1,2023-02-03
SIM5132,USER703,East,36.39080654738503,240.8903356447078,0,2023-03-10
SIM4555,USER619,South,35.41383370177718,72.65633144797167,0,2023-09-16
SIM1847,USER246,West,82.48031999737172,19.352903421259164,0,2023-07-29
SIM8207,USER323,North,96.30395584054085,222.9411961691586,1,2023-12-20
SIM6226,USER547,East,33.87729066315995,30.9163310506337,0,2023-10-26
SIM7932,USER869,West,10.550843589457013,250.75501916113012,0,2023-04-25
SIM8386,USER474,East,43.48150150399089,273.397410346234,1,2023-09-07
SIM1103,USER568,South,5.441301054703654,113.99769090272558,1,2023-05-10
SIM8717,USER421,West,54.11788557150581,28.62635909224241,1,2023-12-11
SIM9725,USER212,South,49.303355095345125,153.17333148980453,0,2023-05-21
SIM9900,USER429,North,81.81593854461842,229.0454944624391,0,2023-05-23
SIM8362,USER719,West,16.35063276092852,143.2465297170755,0,2023-02-23
SIM3053,USER829,West,13.828692342664018,241.68249570208198,1,2023-05-08
SIM8184,USER121,South,56.46021677777858,134.94968843246133,0,2023-07-07
SIM8727,USER282,East,72.84563196419182,230.40868284880293,0,2023-06-13
SIM7342,USER112,East,10.106997467607215,59.46672011985148,0,2023-09-01
SIM3118,USER954,South,45.411961971726946,263.03483816458447,0,2023-06-10
SIM1112,USER523,North,80.90317439856288,26.927926890503862,1,2023-03-09
SIM9788,USER828,South,7.536995574921135,2.3398400473126886,0,2023-08-22
SIM2432,USER376,West,83.3799063493351,248.9241622260923,1,2023-02-13
SIM6287,USER335,East,17.605904451041965,27.16245547157236,0,2023-05-20
SIM1427,USER830,East,96.10346867430856,124.29532578024609,1,2023-12-04
SIM4390,USER621,West,68.13653079885997,246.61712429498223,1,2023-09-06
SIM3418,USER126,North,14.914524277399465,34.36722472388346,1,2023-06-06
SIM5020,USER250,East,34.26962979638084,12.340384277090097,1,2023-08-10
SIM7525,USER490,South,40.09093137736147,56.91069369435547,0,2023-01-20
SIM9522,USER399,West,27.65986787204684,293.787323645648,1,2023-06-30
SIM4874,USER858,South,79.78169372866098,188.97380738955323,1,2023-10-06
SIM8667,USER269,East,12.939951313883814,235.62220767241604,1,2023-09-07
SIM4506,USER130,East,61.37802120455527,63.19219490880981,1,2023-10-07
SIM2130,USER481,East,58.62073062224644,176.39636802037867,1,2023-03-17
SIM1788,USER289,East,3.1965449241306567,49.892418354368104,0,2023-07-27
SIM8829,USER109,West,47.53557134017024,285.204645637883,0,2023-10-30
SIM1089,USER337,South,54.8868038308031,223.3826132242086,0,2023-11-11
SIM7400,USER574,North,47.75355472462483,115.10684248157206,1,2023-07-03
SIM6284,USER805,South,91.67901729145535,269.89456868686847,0,2023-02-13
SIM7558,USER223,East,14.207983599070614,119.27579394483658,0,2023-01-17
SIM5922,USER839,East,2.187278536455547,297.2036009867409,0,2023-04-30
SIM2266,USER778,North,55.576186155162915,126.76346176286648,1,2023-05-04
SIM1809,USER674,North,5.629084235936837,193.41517073491667,0,2023-12-25
SIM2934,USER353,South,3.5420224544300445,232.3778332027665,0,2023-05-17
SIM3466,USER497,East,10.908322810511963,240.7173912067449,1,2023-09-01
SIM7551,USER923,East,35.267757878929515,282.7622225259895,1,2023-08-12
SIM7307,USER458,North,57.67349064289424,271.22281639006746,0,2023-07-26
SIM2052,USER864,West,3.4012423423780898,250.9046003317333,0,2023-10-28
SIM2497,USER678,West,18.699977562348145,245.4769931128061,0,2023-11-11
SIM3181,USER787,South,83.27362637136002,203.98574641482028,0,2023-03-24
SIM8367,USER935,West,88.84149553019279,115.01093580335821,0,2023-12-06
SIM8809,USER915,North,12.545841082218802,13.089200034558452,1,2023-06-01
SIM2726,USER252,West,42.26108993088533,20.971714257873295,1,2023-05-07
SIM9922,USER396,South,86.15956673553565,219.13706363214146,1,2023-04-28
SIM8219,USER313,West,3.865555063091411,203.7989100567337,0,2023-08-19
SIM8930,USER253,West,45.35643131600463,181.73092690386645,1,2023-03-12
SIM2062,USER632,North,88.29030930102118,54.774138614589205,0,2023-05-28
SIM1360,USER167,South,64.57842998620922,4.891958769330509,1,2023-11-28
SIM5859,USER254,East,96.88239716470609,5.694781968863254,0,2023-04-23
SIM3581,USER167,North,14.97323867416656,216.54376337046403,0,2023-02-22
SIM6811,USER514,North,63.47544872284918,232.1999760501316,1,2023-08-24
SIM1305,USER109,East,72.35201014262795,148.79426982949764,0,2023-07-17
SIM9181,USER664,East,17.73433671434476,240.04602158607898,0,2023-02-05
SIM4751,USER986,West,97.8354685620714,11.84752863705992,0,2023-06-08
SIM1343,USER641,North,63.728655385721986,15.647372086907362,1,2023-05-07
SIM4515,USER714,East,48.23841259430072,99.15561112106087,1,2023-09-06
SIM4764,USER770,West,98.54266675677962,28.84730768025668,0,2023-03-29
SIM6113,USER424,South,23.57833263635257,37.34983461616692,0,2023-08-18
SIM1434,USER621,North,22.516839936139792,70.98637576047027,1,2023-07-29
SIM4715,USER980,South,21.62147247671946,44.381309193082956,0,2023-09-04
SIM8307,USER762,South,71.51220123994274,47.26559813613414,1,2023-04-25
SIM8681,USER189,North,56.868827573892894,102.97062557876372,0,2023-11-07
SIM2155,USER945,West,72.58167317771172,66.67421577972242,0,2023-11-19
SIM4800,USER428,South,21.462042056568695,196.51823056125016,0,2023-05-29
SIM7017,USER569,East,57.08171378681361,36.31645439891229,1,2023-02-05
SIM8894,USER854,North,9.276991007605355,13.648311174833806,1,2023-05-04
SIM7556,USER391,West,4.9063645394969555,236.6230946918694,0,2023-01-26
SIM1706,USER859,South,30.132212225028173,118.18113730571284,0,2023-07-09
SIM3482,USER298,South,73.81719507891339,291.31856602542257,0,2023-11-24
SIM2493,USER129,East,40.57567713835105,122.78453946296808,0,2023-02-17
SIM3081,USER778,North,14.878494617193397,25.786624373920592,0,2023-02-19
SIM1736,USER409,East,90.43897133204956,213.72470011927643,0,2023-12-14
SIM8079,USER853,East,95.4305442119338,19.699269096213563,0,2023-10-02
SIM2167,USER654,East,36.081650511143074,108.08527197407973,1,2023-01-13
SIM4119,USER613,West,39.14663549089438,280.8181818495531,1,2023-09-06
SIM6742,USER613,West,6.74229457502536,277.5338903553174,0,2023-10-08
SIM5572,USER662,East,39.32402058642127,174.73719994980866,0,2023-03-10
SIM9523,USER280,West,15.786800003382528,80.83624424077091,1,2023-10-26
SIM2076,USER950,East,16.622367100305105,175.0368123742533,1,2023-05-04
SIM3050,USER619,East,36.40453117465414,153.42635187159235,0,2023-08-03
SIM8879,USER789,North,93.92320947420174,255.52104619150023,1,2023-01-15
SIM5634,USER729,West,22.6773240688441,58.7116625531282,1,2023-08-13
SIM4353,USER961,North,81.47571755762986,270.18094929280664,1,2023-11-30
SIM4772,USER795,North,35.58954995175272,293.89803986849216,1,2023-11-27
SIM9986,USER458,South,27.778798449538073,254.19261682099452,1,2023-04-27
SIM9808,USER121,East,40.700200725751,43.7621112105514,0,2023-04-19
SIM1171,USER994,East,47.16278821770493,208.29694935875213,0,2023-12-22
SIM7857,USER405,East,62.06643722697741,273.4296709729732,0,2023-02-20
SIM9726,USER589,West,24.821412193429254,46.05199072443393,0,2023-06-30
SIM2082,USER795,North,33.47750401967025,187.10891343661072,0,2023-04-29
SIM7265,USER811,East,23.18768575030112,284.6204346878903,1,2023-03-07
SIM9228,USER435,North,97.90209454955644,195.08637804093388,0,2023-11-06
SIM8219,USER876,South,59.534960832944755,96.39389587354214,0,2023-11-28
SIM3754,USER790,North,49.2236900664293,242.8974332878627,0,2023-12-27
SIM8295,USER415,East,14.088639865401449,111.29597484543515,1,2023-05-02
SIM8848,USER970,South,59.08908157921072,282.7740490212435,0,2023-12-08
SIM4882,USER146,West,93.22058142890697,208.35179963921541,0,2023-01-15
SIM1342,USER895,South,80.9995504614889,206.19789952848265,1,2023-11-07
SIM4375,USER937,East,87.62534557867944,38.66427966669978,0,2023-11-16
SIM1714,USER680,South,53.80861254574424,198.13841793783325,0,2023-05-06
SIM2777,USER949,East,78.05331309494035,12.226485438902378,1,2023-04-04
SIM8017,USER297,South,7.2521438599706345,140.20056154717693,1,2023-08-24
SIM7808,USER853,North,13.301702907078624,27.615313674217138,1,2023-06-21
SIM2546,USER883,West,45.117116477051695,37.84872479359305,0,2023-10-14
SIM1516,USER760,West,76.27675019576,171.25267485662013,1,2023-11-10
SIM9465,USER670,East,21.70330811579154,100.37863870703765,1,2023-02-22
SIM8743,USER649,South,28.530649302825978,241.8334791188928,0,2023-03-20
SIM4955,USER692,South,9.239778090311129,57.0291128883821,0,2023-05-18
SIM6971,USER615,South,65.1480723926604,5.851892449009647,1,2023-05-11
SIM7963,USER622,West,86.37006299867782,184.02570330331156,0,2023-09-07
SIM3085,USER134,East,53.79923830591593,70.1344906988822,0,2023-02-23
SIM6831,USER935,South,53.34836278201868,254.73872982808408,0,2023-02-03
SIM1214,USER537,South,18.701676770124017,218.11323249662036,0,2023-01-04
SIM3769,USER505,East,24.75168545247392,72.96025916468747,1,2023-11-12
SIM8801,USER935,North,28.6159802977855,79.57100329888738,1,2023-07-02
SIM1636,USER308,West,26.84214129453185,191.40159927116082,0,2023-12-14
SIM5310,USER638,West,27.60842881561964,44.55462552575964,0,2023-06-24
SIM7058,USER286,North,21.93177202138472,213.07466920788823,0,2023-06-28
SIM1505,USER765,East,98.81273533540791,240.97425142447636,0,2023-05-05
SIM9306,USER426,West,87.30744331573824,183.4121092067887,0,2023-08-01
SIM3351,USER573,South,87.30604991973306,277.866021177958,1,2023-03-20
SIM6548,USER537,East,45.454549653055366,103.87212476116468,0,2023-08-24
SIM7262,USER192,South,36.037256822536946,134.47652317696014,1,2023-04-06
SIM5671,USER377,South,32.94077963684178,154.28371124484192,0,2023-09-30
SIM6595,USER478,North,15.51931483078496,212.5805036552926,1,2023-04-18
SIM1077,USER728,North,99.4364740296397,261.43162899675104,1,2023-08-20
SIM1782,USER545,West,96.88434835784955,164.54946051328682,1,2023-01-09
SIM8657,USER529,East,40.46959798470414,143.93922400884034,0,2023-06-09
SIM1301,USER900,South,18.149072813154397,33.35043696479436,0,2023-02-25
SIM6951,USER195,East,38.82695015078318,113.42511555970496,0,2023-05-07
SIM1376,USER934,West,10.657561987672496,104.95281800193938,0,2023-05-16
SIM1330,USER885,East,47.09585813305706,122.2317927775881,1,2023-05-24
SIM3046,USER121,North,93.98291012905119,85.11170326532049,0,2023-08-28
SIM1157,USER492,East,13.275579624376777,58.451480481477354,1,2023-08-13
SIM3863,USER341,West,36.527286985257994,227.09552578553007,0,2023-02-12
SIM9978,USER555,West,93.1652855179043,172.46406891100193,1,2023-05-31
SIM8163,USER542,West,11.11093289573118,240.1022212800066,0,2023-02-19
SIM2882,USER559,South,96.50644567424769,98.38900817029527,1,2023-08-08
SIM1737,USER578,East,57.894584402678284,62.01835280244734,0,2023-03-09
SIM9315,USER757,East,18.23871776768573,111.82932413851404,0,2023-05-18
SIM3222,USER884,West,43.59364558875993,292.51108823316696,0,2023-03-21
SIM9984,USER771,South,43.82904747752343,290.83446874790786,1,2023-09-19
SIM8099,USER637,North,48.86597625388234,229.89202771008624,0,2023-06-18
SIM4630,USER585,North,34.738473771960315,167.52535032047578,0,2023-03-23
SIM8414,USER936,North,34.10235752014434,263.9449797233694,0,2023-03-05
SIM7694,USER549,North,44.58471415753617,131.446213433986,1,2023-11-26
SIM9371,USER622,North,56.182996647490796,237.51723147885787,0,2023-01-08
SIM2578,USER763,East,52.21059796486238,251.57271321967156,0,2023-08-27
SIM8572,USER671,East,16.985847190191382,288.9753440249664,1,2023-03-15
SIM6342,USER472,East,46.836656921821444,205.1282196677441,1,2023-07-12
SIM6851,USER695,East,52.70573682026747,82.47287847831696,0,2023-04-18
SIM2313,USER175,East,55.903874869599505,93.11016355280343,0,2023-03-11
SIM8761,USER688,North,6.540717196989193,34.28422294394316,1,2023-09-08
SIM2640,USER151,North,53.55771335157506,294.10648663051984,1,2023-11-01
SIM1320,USER173,South,59.068594471974535,8.12400717574802,0,2023-10-30
SIM9006,USER272,East,98.91410937184854,160.9822132226674,1,2023-03-21
SIM7228,USER813,East,16.74207765618112,130.26376340597145,1,2023-03-08
SIM8827,USER754,East,96.69354460378523,37.37983822611917,1,2023-02-11
SIM8935,USER859,West,58.696432738550875,91.37820970338085,0,2023-02-23
SIM9994,USER133,North,36.135920167316826,238.42337807474703,1,2023-04-25
SIM2276,USER269,North,62.10818183274674,237.6149971326114,1,2023-08-17
SIM3790,USER453,North,94.84809190465518,157.8812538085001,0,2023-03-14
SIM5700,USER731,North,77.38029804776436,233.07970063132896,1,2023-12-09
SIM7328,USER184,North,99.27908828407665,22.897571928863172,1,2023-01-09
SIM5272,USER332,East,86.22958831722018,268.8057924667095,0,2023-08-22
SIM8400,USER184,West,30.037516227229087,131.42496584726305,1,2023-12-24
SIM9886,USER963,East,84.48708704703398,126.0239221758978,1,2023-09-15
SIM7700,USER327,North,71.7527981551514,2.6113204943086252,0,2023-08-25
SIM6328,USER310,South,10.088064659411682,130.33477173227112,1,2023-03-11
SIM8583,USER376,South,51.22448223686724,173.9098987094021,0,2023-03-20
SIM1370,USER507,South,32.78999691591302,218.95892128939414,0,2023-02-03
SIM6677,USER254,South,52.304613850135034,28.88588680951735,1,2023-02-06
SIM4128,USER314,North,53.86991719954517,65.03471355317406,0,2023-07-20
SIM6197,USER802,North,71.09712979053715,166.85572270443026,1,2023-07-14
SIM3787,USER111,South,52.87019051705755,59.80455459753319,1,2023-08-29
SIM1036,USER316,South,96.51547781342464,39.74173561712977,0,2023-03-08
SIM3037,USER513,East,14.65694512719921,168.92603768600256,1,2023-08-05
SIM1302,USER987,North,38.65705755851443,180.56438619886939,1,2023-03-18
SIM9861,USER487,East,92.2627697230715,80.46080102747749,1,2023-10-02
SIM3227,USER783,West,62.91932265152698,167.3532081441166,1,2023-03-22
SIM1622,USER371,East,65.13500331878885,24.874955037355427,0,2023-06-28
SIM9294,USER520,East,93.98137793777231,32.059683350538336,1,2023-05-07
SIM6205,USER415,North,1.9145036488837786,154.932370140705,1,2023-03-01
SIM1229,USER519,South,88.99630443289425,222.01272315114136,1,2023-02-17
SIM4974,USER260,South,43.14252422759919,167.89046673594572,0,2023-06-21
SIM5543,USER195,North,33.82563408578255,126.51734647262766,0,2023-01-14
SIM2929,USER899,South,58.899345003980315,133.0031381301035,0,2023-03-14
SIM3412,USER932,East,52.654151803926965,21.114641653757655,1,2023-05-09
SIM6342,USER410,East,87.57521532349871,61.73112492425271,1,2023-07-08
SIM7837,USER753,South,4.419365551514269,197.64379374924366,1,2023-12-04
SIM8924,USER733,North,18.46999169835987,209.14622379549212,0,2023-08-12
SIM9337,USER576,East,68.23666740795393,240.0532374803757,0,2023-08-15
SIM4528,USER346,North,94.06481516977188,271.09081290349013,0,2023-02-28
SIM1589,USER769,North,79.66914732279416,158.94223039234757,1,2023-09-11
SIM9289,USER311,South,43.59898329684669,20.108868277606835,1,2023-10-24
SIM2167,USER631,East,45.38518972927909,122.51982849657077,0,2023-07-31
SIM2766,USER202,East,53.715230860822054,169.82021598391387,0,2023-10-14
SIM8250,USER924,East,3.533265574769287,106.65751803699042,0,2023-11-17
SIM9570,USER789,West,3.299035055754702,211.30353313757988,0,2023-08-18
SIM9906,USER879,North,81.03413818683373,95.73744421328112,0,2023-05-18
SIM1750,USER379,East,4.342337775821467,267.4568761473203,0,2023-12-05
SIM4965,USER709,East,95.44597828819983,297.19660464371185,0,2023-02-23
SIM3954,USER680,South,43.659730555220825,50.64135706002594,1,2023-11-05
SIM2193,USER177,East,35.998723272137106,147.30167240933787,1,2023-11-03
SIM8083,USER847,North,89.56567535652009,238.30607734157982,1,2023-05-25
SIM2208,USER282,South,84.59289604360528,84.0702245307385,1,2023-08-16
SIM4690,USER779,West,76.62034641078888,214.13689701456798,1,2023-07-06
SIM8834,USER413,West,10.114849381806625,284.34177614197563,0,2023-02-27
SIM7295,USER135,East,40.39739731858023,219.17351273183365,1,2023-04-10
SIM7935,USER552,South,21.165299984486335,109.15878557588161,1,2023-02-13
SIM2805,USER894,East,40.900861239478616,292.81842871147484,1,2023-09-22
SIM6432,USER336,North,25.901940764960052,183.82299495708827,0,2023-01-27
SIM5501,USER591,North,56.554653452726875,68.00610415739435,1,2023-05-08
SIM5155,USER553,East,93.68975417068772,25.929119978873974,1,2023-04-18
SIM2347,USER520,South,24.464023207906482,113.294794584434,0,2023-03-14
SIM8214,USER954,West,6.4768081116313425,58.105006977280084,1,2023-09-24
SIM3989,USER322,North,73.81673971124232,126.968301299586,0,2023-01-09
SIM4504,USER123,North,50.125208094457406,225.05568903593328,1,2023-12-15
SIM7348,USER618,East,61.48210628733513,175.4042449749087,0,2023-03-29
SIM3809,USER607,North,88.25593012335902,120.10563107740407,1,2023-08-02
SIM8589,USER476,South,42.16295224284324,93.11620849459186,1,2023-02-08
SIM3551,USER284,East,44.99077948152883,299.99298990240067,0,2023-08-10
SIM8070,USER629,South,38.460050706623825,77.529381423385,0,2023-05-22
SIM9312,USER495,East,80.0259510278562,121.28446410090876,1,2023-08-05
SIM4460,USER665,North,71.65479693685874,80.06044304785091,0,2023-06-25
SIM6501,USER473,North,72.7745669574847,42.917670751307284,1,2023-04-04
SIM6444,USER466,South,84.73174728910973,155.463747223638,1,2023-08-09
SIM2115,USER362,West,52.844446737015716,202.60083204067794,0,2023-03-03
SIM5335,USER254,East,3.0135248318863055,182.12233373593412,0,2023-03-08
SIM3248,USER995,South,95.89456235834571,34.28928662153683,0,2023-02-03
SIM4551,USER609,North,16.069143708511525,125.98254977615242,0,2023-12-18
SIM5795,USER303,East,11.063523259034765,4.096564239030871,0,2023-06-09
SIM7993,USER780,East,37.767621099786496,227.33579738102665,0,2023-09-23
SIM7764,USER702,West,60.40316481231965,243.88680709761476,1,2023-11-25
SIM1237,USER304,East,91.01038691961553,281.39793035809805,0,2023-03-14
SIM3672,USER201,South,78.09062787402644,10.08170993271009,1,2023-04-03
SIM9898,USER129,West,89.84097744232207,92.7439508018025,1,2023-03-07
SIM6912,USER618,South,32.2546493982431,103.81764229323915,1,2023-09-01
SIM7016,USER185,East,59.59517002234369,56.007426111280154,0,2023-02-21
SIM7881,USER546,South,8.618734981075038,226.4683997692262,1,2023-11-24
SIM5898,USER782,West,57.08313032420318,236.93694672096194,0,2023-12-14
SIM1841,USER656,East,3.1643685746426597,65.09334668617606,0,2023-03-16
SIM1907,USER307,East,55.8551111561669,81.2152507335817,0,2023-05-21
SIM8632,USER908,West,22.910296393046718,266.80471512534604,0,2023-06-20
SIM9149,USER839,North,2.965521838940834,177.7611240525352,1,2023-04-23
SIM1396,USER143,East,29.972378215924333,257.92997513402383,1,2023-06-16
SIM6418,USER796,North,7.539106210714509,96.22455639613383,0,2023-05-21
SIM8048,USER971,North,72.04345928566849,18.581592872020106,1,2023-01-11
SIM1090,USER731,West,59.23900205365559,259.6994561219549,1,2023-01-28
SIM7500,USER638,West,34.43189783118177,146.89677499741546,1,2023-10-27
SIM6212,USER401,North,74.26475033291462,268.77354931188995,0,2023-09-09
SIM8533,USER337,South,12.004394941044843,250.61870652164546,1,2023-05-23
SIM3652,USER826,North,6.32491580884782,100.87090626068195,1,2023-07-18
SIM9015,USER500,North,55.848740142528186,115.4792003274385,0,2023-09-11
SIM2857,USER329,South,4.263302116291737,7.481619173119752,0,2023-12-06
SIM1298,USER710,North,21.15343302456629,253.81089735722733,1,2023-10-27
SIM2001,USER801,South,18.246004659018485,50.13797169804127,1,2023-06-11
SIM3249,USER911,South,41.01443444227108,127.1449226102106,1,2023-12-29
SIM2017,USER852,North,15.144249234382041,264.9314003511973,0,2023-03-30
SIM3324,USER342,South,40.169668666368295,42.84935982689588,1,2023-08-12
SIM2668,USER911,East,58.15111459201757,234.65040011000679,0,2023-06-14
SIM8844,USER196,North,26.515183812793136,46.16506256055079,1,2023-04-20
SIM6785,USER999,North,44.44267422096537,143.23432601688725,0,2023-10-11
SIM8721,USER873,East,97.46363675322166,163.4966774591839,1,2023-03-15
SIM6835,USER834,South,2.300824787608285,138.4853071714996,0,2023-03-09
SIM6278,USER539,North,79.42702020967087,140.20090553196232,1,2023-11-13
SIM2829,USER580,North,28.04908074055221,77.1800369700742,1,2023-10-03
SIM8064,USER111,South,2.1620115840190097,281.23887335950053,0,2023-12-28
SIM5367,USER676,West,97.96618685794866,78.60412026072055,1,2023-09-23
SIM7304,USER629,South,11.414221714265942,292.53003012944225,0,2023-07-01
SIM4388,USER360,East,85.11746522536205,184.91756404547573,0,2023-12-30
SIM7941,USER999,South,23.649429680832096,50.89138122865928,1,2023-02-22
SIM1488,USER903,East,6.432014492952292,264.13356494559906,0,2023-01-28
SIM8825,USER675,South,90.91273250059271,89.39909669435121,1,2023-04-21
SIM3278,USER282,North,15.224508071477706,30.463509329133483,0,2023-04-12
SIM7221,USER920,East,25.612696295641875,88.89241901508785,0,2023-11-17
SIM3399,USER697,West,96.06217968782336,86.35700786408184,0,2023-06-07
SIM7819,USER374,West,22.68880197469431,256.7591190820396,0,2023-08-25
SIM1437,USER480,South,76.551757637753,247.7230193226872,0,2023-09-07
SIM4431,USER731,East,5.208466109279549,17.45834765682557,0,2023-11-17
SIM9620,USER580,East,1.8419026127717206,224.40569419916497,1,2023-04-18
SIM2308,USER246,East,93.76663646430978,119.49587460367623,1,2023-01-21
SIM3682,USER877,North,29.05700701373925,72.65179057304454,1,2023-09-11
SIM9274,USER683,West,62.36706312145471,209.26149616442842,0,2023-02-26
SIM9084,USER298,South,24.37046952125664,167.58646652935232,0,2023-07-04
SIM1207,USER496,North,92.70402239817238,58.89581321172575,0,2023-04-14
SIM6986,USER860,East,75.91936236631473,118.10838878443592,0,2023-01-02
SIM9753,USER907,East,32.03197936885622,113.24181554976815,1,2023-02-15
SIM6156,USER944,East,21.15801348345822,9.819567233486978,1,2023-02-10
SIM7117,USER787,East,49.010506298461294,273.9897429748119,0,2023-09-15
SIM7800,USER436,East,72.60036916454241,292.8109048723708,1,2023-07-05
SIM1753,USER942,North,76.98152207255828,118.3677386410424,0,2023-03-05
SIM9888,USER325,North,24.2621319524622,214.52173908014814,0,2023-09-23
SIM3871,USER874,North,92.97241093943293,137.50865983976092,1,2023-03-11
SIM6520,USER985,East,67.08004253088819,164.6845719496703,0,2023-11-18
SIM4694,USER765,West,46.640046215988015,263.802650187518,1,2023-01-22
SIM9450,USER540,South,40.707926730811636,42.05035624796139,1,2023-05-01
SIM1610,USER288,East,24.490093936231258,120.74907188407877,1,2023-08-02
SIM9038,USER200,South,67.75799418065458,42.62337036439587,1,2023-02-09
SIM5390,USER219,North,82.65769051084172,252.27167456517108,0,2023-02-24
SIM3444,USER437,North,46.6470572244873,200.0781069967856,0,2023-02-08
SIM2517,USER356,East,25.00022602745643,97.81651623420439,1,2023-11-02
SIM6304,USER363,North,25.44034513794057,113.47330968647951,1,2023-03-24
SIM9134,USER845,West,16.40206850619192,127.86571597727914,0,2023-12-21
SIM4209,USER636,West,70.43034089612544,277.6056895179862,0,2023-03-24
SIM1799,USER238,South,10.45353240236559,199.7229702550622,0,2023-10-25
SIM7880,USER683,South,87.46677464231892,1.5653897878287242,0,2023-05-04
SIM8920,USER356,East,94.41844929795491,242.66888857489232,1,2023-06-15
SIM3245,USER598,East,19.026372227886267,270.8846452687403,1,2023-09-13
SIM7208,USER492,North,28.804720768383344,199.88539787335694,0,2023-06-07
SIM5219,USER287,South,82.96431071644751,185.21295682281593,1,2023-04-14
SIM9079,USER131,South,53.714012556822254,204.30344925107613,1,2023-08-05
SIM2039,USER396,South,83.27360647401552,198.66570845841676,0,2023-07-19
SIM6335,USER299,East,33.87025796474125,20.285716765166725,0,2023-11-16
SIM7693,USER372,South,8.448119880146448,119.0095919950358,0,2023-04-28
SIM9416,USER339,East,80.60585673619266,45.427751291719325,1,2023-08-26
SIM3987,USER266,North,22.078309802009805,211.71381288167444,1,2023-07-05
SIM5831,USER483,South,90.85306565131873,194.4683228125939,1,2023-05-21
SIM8032,USER677,South,16.553218061682887,177.4305117732762,1,2023-05-15
SIM5717,USER960,South,77.17167821892392,90.30793432895898,1,2023-09-28
SIM9844,USER338,West,70.67245219470797,200.29233020923917,0,2023-02-02
SIM8256,USER259,East,40.46267441331781,208.75879959134863,1,2023-07-20
SIM4716,USER103,South,60.38471778237228,122.37029375072788,0,2023-06-05
SIM8197,USER630,East,18.33308937758886,195.6271023901719,1,2023-01-28
SIM3268,USER172,East,52.74253293050343,145.4315569357989,0,2023-10-09
SIM4926,USER438,East,29.30197067037843,275.5091620895907,1,2023-07-23
SIM8227,USER104,West,74.99010580003184,124.85755094977482,1,2023-11-29
SIM6387,USER528,East,91.91976318390331,258.4812243577603,0,2023-06-28
SIM7140,USER488,East,13.896295541715695,255.541776481037,1,2023-05-10
SIM9742,USER911,West,17.53433259884363,30.02054560375925,0,2023-06-30
SIM4142,USER958,South,40.63006227703379,187.42657415738432,1,2023-09-06
SIM3255,USER297,East,71.65321131460318,159.03972077204278,1,2023-02-18
SIM3160,USER413,South,54.70835826640839,249.78747937457317,1,2023-08-14
SIM4807,USER869,West,40.64791597914138,217.30913726664025,1,2023-05-11
SIM1246,USER998,North,45.13806610355085,173.24966744465397,1,2023-02-01
SIM7813,USER333,East,65.40323742577262,146.86419313586364,0,2023-11-28
SIM8025,USER265,South,26.414886258574935,22.082143451527553,1,2023-05-18
SIM6272,USER614,West,63.15624769840288,291.82099997768205,1,2023-11-14
SIM8677,USER550,South,57.24305505129504,100.675619873199,1,2023-08-18
SIM9706,USER626,West,38.587379403302315,69.20919643937731,1,2023-09-18
SIM5404,USER167,North,49.96056971249084,161.49608226137693,0,2023-07-08
SIM6051,USER868,East,28.01353612725744,233.38245067982845,0,2023-08-17
SIM1083,USER402,West,3.665013343773999,159.23387336666212,1,2023-06-03
SIM3264,USER930,East,87.56858419519165,200.75764627661056,1,2023-02-05
SIM3111,USER335,West,45.19595960309317,280.54172719065684,0,2023-03-03
SIM9794,USER216,South,82.15790653366611,187.78445764531338,0,2023-04-22
SIM4802,USER724,South,69.02136702999093,37.37103031905742,0,2023-02-19
SIM1210,USER826,East,6.8590894134634475,19.957760746802695,0,2023-05-25
SIM9648,USER761,North,14.320029914565572,153.20304757052347,0,2023-12-21
SIM4224,USER462,East,51.23892962308658,216.48633145168168,1,2023-03-11
SIM8764,USER515,West,78.6023489369752,178.92181834363447,0,2023-04-09
SIM2480,USER393,South,47.618839314327786,104.89294361443989,1,2023-05-26
SIM3510,USER515,South,72.73305111970167,235.4012511506699,1,2023-08-28
SIM7425,USER792,East,82.98020425738912,148.03228427281482,1,2023-11-18
SIM6068,USER377,North,39.712655533059525,58.170374499591055,0,2023-02-07
SIM2667,USER922,West,39.86420411486831,262.43003155254934,1,2023-01-16
SIM8058,USER147,South,79.3731330011854,145.60910643232486,1,2023-01-30
SIM5919,USER112,East,94.11311447447348,124.28733178415662,1,2023-10-08
SIM9796,USER419,South,46.13234395095352,260.72141449208516,1,2023-09-11
SIM1501,USER773,North,87.6644007753021,53.642976852883486,1,2023-01-22
SIM8445,USER878,West,32.98598636689841,150.4384955973987,1,2023-01-09
SIM9291,USER503,South,7.585712157640826,240.14952212001143,1,2023-06-07
SIM4570,USER994,South,91.37569412937772,292.25246476469755,0,2023-09-18
SIM1310,USER239,East,19.033200295758867,44.2142154416708,1,2023-10-04
SIM4482,USER651,West,40.68910502120185,69.60596258159798,1,2023-09-04
SIM6422,USER959,South,80.24558612860457,102.81254575249122,0,2023-01-12
SIM9598,USER523,West,79.22779668801806,32.80454465336617,0,2023-11-13
SIM5630,USER467,East,52.3143626030391,232.33424800514535,0,2023-04-08
SIM5701,USER383,West,40.490449313806266,167.2527317398929,0,2023-09-21
SIM7065,USER202,North,42.547254820652476,162.66337842603167,1,2023-03-08
SIM9791,USER256,South,92.62765234384769,235.92587605294565,1,2023-11-09
SIM9927,USER111,East,92.43792547297961,252.4755783987823,0,2023-02-03
SIM3830,USER725,West,68.69033476099605,4.506408725181006,0,2023-04-12
SIM3133,USER267,North,11.974762685044041,65.8742013294788,0,2023-10-04
SIM7571,USER810,South,29.313546090978107,167.8540452022134,1,2023-07-05
SIM1777,USER810,West,62.05030867174234,239.16705838385624,0,2023-09-25
SIM2763,USER601,North,50.87994490880641,62.87007783280846,0,2023-05-11
SIM6733,USER502,South,35.083638207274554,263.4886863869359,0,2023-10-22
SIM8273,USER127,North,77.68499252979412,47.816795305897585,0,2023-04-22
SIM6791,USER342,East,16.33271074871271,22.93592663694988,0,2023-07-05
SIM8266,USER859,West,37.94269930437086,60.307590788693076,0,2023-04-12
SIM6813,USER592,South,28.268143377366993,65.03176485232666,0,2023-01-14
SIM5099,USER152,North,67.98336924933163,167.50395208583708,0,2023-03-24
SIM6400,USER274,East,91.74549246227322,271.6427306818402,1,2023-05-22
SIM9009,USER205,South,21.283944485191423,194.8458170032137,1,2023-09-25
SIM7995,USER138,North,90.78854178791494,206.29561651187865,0,2023-10-05
SIM8100,USER913,North,47.01298169698094,198.71813511346448,1,2023-12-14
SIM5057,USER981,North,66.47896748520353,188.09495488307047,0,2023-12-21
SIM8114,USER873,North,8.247309736152165,123.60893102548889,0,2023-08-08
SIM4600,USER367,East,86.98126241291257,39.86693163513004,0,2023-06-25
SIM5986,USER781,North,57.94352309733241,186.32005726669766,1,2023-04-08
SIM3408,USER837,East,7.716322343474718,155.46491562506174,0,2023-07-19
SIM4153,USER851,North,10.686765039475809,202.3027474494211,0,2023-01-14
SIM4396,USER749,West,30.730595691324883,178.9809488736096,1,2023-07-05
SIM1772,USER501,South,19.35346891859467,108.89012729607256,1,2023-12-22
SIM8900,USER370,North,60.22328182864453,255.1310433962024,0,2023-02-15
SIM9372,USER224,North,40.008955281872645,34.817816663761015,1,2023-05-26
SIM1870,USER863,West,6.5728141495819115,278.4273171461233,1,2023-01-13
SIM9454,USER459,South,78.8198516591778,183.01350094402326,0,2023-12-18
SIM3696,USER766,South,24.195176401980845,252.47044987991026,1,2023-12-07
SIM2642,USER662,South,10.592907855671495,122.08408629940881,0,2023-11-05
SIM6876,USER725,South,6.674183752513028,34.58852492020602,1,2023-07-29
SIM5353,USER461,North,12.059022995944176,7.230662667653919,0,2023-03-16
SIM5914,USER294,East,44.95642782814493,134.79651126212556,0,2023-09-30
SIM3691,USER989,South,83.54194216035171,257.1980088400678,0,2023-10-14
SIM4040,USER788,North,35.521320215831615,5.778860118600304,0,2023-07-18
SIM1392,USER116,West,33.40203449372564,294.5515502174373,0,2023-04-16
SIM2434,USER963,East,13.910710739603724,274.2972907422272,0,2023-06-28
SIM1318,USER741,North,56.274608116954425,37.304061382973565,0,2023-07-10
SIM5100,USER957,North,34.189679932952,233.65408322088322,1,2023-07-08
SIM1261,USER480,North,50.36931180509749,178.9497403623073,1,2023-04-06
SIM8981,USER229,South,2.265072143510722,245.21301357799004,1,2023-06-14
SIM9387,USER433,West,7.659956077662584,241.89364373062855,1,2023-10-30
SIM4673,USER285,North,2.620842305816588,229.10737531611505,1,2023-03-18
SIM4532,USER691,South,79.36118683273482,283.4338992103909,1,2023-09-30
SIM7653,USER873,West,22.47517988540994,88.72595623916752,1,2023-06-06
SIM3103,USER874,West,49.592257975936086,159.98380162818555,1,2023-03-18
SIM9169,USER674,East,52.64021996393562,22.946142773836556,0,2023-06-04
SIM3291,USER786,West,25.685085859723067,294.9889770264994,0,2023-10-17
SIM9801,USER940,South,24.376527142878857,296.88901385851335,1,2023-05-22
SIM2910,USER783,East,44.245131294812516,193.77152097918128,1,2023-05-13
SIM6682,USER629,East,65.76767580743494,280.4784512062164,0,2023-05-29
SIM3040,USER444,South,48.06079367340301,188.05335383245207,0,2023-03-06
SIM5604,USER816,East,62.398854178881166,295.21053989802255,1,2023-09-08
SIM1450,USER122,East,24.15036258503604,38.570261773501734,0,2023-08-01
SIM9342,USER842,South,15.015097289934076,278.1515436413118,0,2023-03-17
SIM4826,USER792,West,34.94779114731599,267.1392014128364,1,2023-01-31
SIM6165,USER595,South,93.81636089695625,63.06276130877504,1,2023-09-11
SIM9046,USER219,East,23.986625627802283,184.26111791467775,0,2023-11-13
SIM5915,USER539,North,29.440912195953146,284.6119841980023,0,2023-01-04
SIM9525,USER396,South,72.54511328879384,60.58905518384752,0,2023-09-06
SIM7457,USER347,East,18.661924765251268,125.71757589134369,1,2023-09-17
SIM7756,USER926,East,79.63388641503076,211.2907283346618,0,2023-07-08
SIM5685,USER514,South,41.721347454501206,162.41585497268434,0,2023-08-04
SIM1867,USER600,East,62.0221362394645,98.95438231850689,1,2023-12-13
SIM2818,USER458,North,12.028178575974097,116.86442222499807,0,2023-02-08
SIM3209,USER553,East,44.55044961854526,238.9295921965875,1,2023-01-10
SIM6978,USER115,West,88.58573633755091,208.19584714558516,0,2023-04-08
SIM2259,USER114,East,10.603788320757065,77.52480070021731,0,2023-11-02
SIM9205,USER852,East,28.12403463958956,212.10444581594177,0,2023-08-13
SIM9777,USER550,North,33.949133615698635,118.38737894776553,0,2023-04-25
SIM9591,USER157,South,85.48316012528014,218.6086075512756,0,2023-07-03
SIM3141,USER828,West,52.38999305765616,169.20710009599114,0,2023-07-15
SIM2560,USER452,South,55.77493503470704,268.7469447223799,1,2023-07-13
SIM3032,USER548,East,9.98499851427888,170.80165546164937,0,2023-02-11
SIM1792,USER580,East,13.949066929824198,174.63084069588103,0,2023-10-30
SIM8398,USER637,East,81.60962639184818,168.03356860932843,0,2023-03-26
SIM5631,USER471,East,24.796949354939102,20.774682647869994,0,2023-09-11
SIM8004,USER609,South,28.358628453029752,201.39024310384715,1,2023-11-22
SIM9767,USER188,North,70.39383266499505,246.73119945248538,1,2023-12-22
SIM9837,USER854,South,39.0651676390367,35.55692195938664,1,2023-12-29
SIM1908,USER193,North,97.70398946126802,118.63981901267779,0,2023-05-18
SIM8062,USER406,East,62.57645989507269,255.21666662687193,0,2023-04-17
SIM4561,USER320,West,39.16402154006265,220.48142195298266,0,2023-11-23
SIM2020,USER830,East,63.676263374150864,58.14996789986998,1,2023-04-11
SIM8533,USER804,North,21.85891578384908,85.73511253144045,0,2023-03-13
SIM2358,USER899,East,85.63897102205587,3.669121994254512,1,2023-02-27
SIM1202,USER747,North,11.79775797120819,18.510633799347985,1,2023-09-28
SIM9926,USER918,West,6.3928919294974795,70.78600069054507,0,2023-01-07
SIM2236,USER832,South,61.80658456384567,188.04953421711377,0,2023-12-20
SIM5183,USER126,East,56.08048049702465,294.2536181240936,0,2023-10-14
SIM2889,USER372,South,26.29331949831714,217.41586829812067,1,2023-04-20
SIM2431,USER222,South,31.036935641745476,266.2065686739456,1,2023-01-10
SIM1079,USER107,East,78.07067660494138,252.15784359295344,1,2023-06-11
SIM1101,USER481,South,9.869595165099579,173.6107806444803,0,2023-08-27
SIM7280,USER467,West,89.56522156588395,193.56872710187642,0,2023-02-19
SIM4707,USER333,West,51.23016843066563,23.619880084721576,0,2023-12-15
SIM3602,USER709,North,73.05338387816941,177.68209549990408,1,2023-09-11
SIM4377,USER727,East,32.90460522998802,111.58628732860251,0,2023-12-02
SIM1832,USER546,North,45.42413977443053,163.89621480802822,1,2023-12-16
SIM6412,USER484,South,71.09706051530898,30.75640471659431,0,2023-07-13
SIM4762,USER509,South,28.753161736473793,94.85603195893277,1,2023-05-08
SIM7959,USER636,South,46.99093627883475,175.0359710154396,0,2023-03-15
SIM4118,USER267,East,10.217717069982447,239.24666252139247,0,2023-06-30
SIM9922,USER126,South,41.13169638185692,90.42275947612698,1,2023-03-28
SIM6346,USER418,East,50.05149140781428,84.7002514107692,0,2023-03-18
SIM4904,USER612,East,78.46903154831273,141.020987161328,1,2023-07-28
SIM4007,USER381,South,95.84793242903928,81.94180612794248,1,2023-12-04
SIM1946,USER298,South,73.34294601465844,41.81131633691632,1,2023-08-02
SIM7826,USER761,South,2.8967285915850707,266.53724190963266,0,2023-12-11
SIM4415,USER817,East,60.91521800193389,8.737588638159568,1,2023-06-21
SIM4411,USER375,South,56.220528691845196,127.54260181700619,0,2023-05-13
SIM1381,USER198,South,34.30415959043087,15.294043494007289,1,2023-02-21
SIM4783,USER782,South,91.76359573480126,185.46280607533768,0,2023-10-22
SIM3661,USER706,West,80.75625294896176,121.72930191483991,0,2023-02-05
SIM6010,USER392,East,44.62148355746535,269.6183867229521,1,2023-07-30
SIM4335,USER672,North,38.579238587236624,252.50252984464282,0,2023-02-05
SIM8070,USER202,North,83.30512247129163,288.21404001768417,0,2023-05-14
SIM8320,USER320,West,69.61002788698384,298.73883254766196,1,2023-10-24
SIM7145,USER421,South,57.353146825459355,10.947607780151973,0,2023-08-06
SIM1588,USER324,West,81.26235031268462,144.8290832656755,1,2023-06-27
SIM9834,USER490,East,42.76401179939674,21.71126865731638,1,2023-02-03
SIM2897,USER520,West,79.9460902923864,154.79488448573093,0,2023-10-07
SIM2810,USER590,East,60.611753727997794,198.29139931459744,0,2023-05-01
SIM7171,USER935,West,80.53914773062368,146.28551161218041,1,2023-11-01
SIM1871,USER437,South,64.69499395244738,233.80220564457204,1,2023-03-26
SIM4613,USER352,South,65.61735338603792,202.4452783368751,0,2023-11-04
SIM4079,USER476,North,83.4224565619108,241.02568435216222,0,2023-09-21
SIM1966,USER614,North,30.373811497740792,79.75273634482174,0,2023-08-20
SIM7053,USER432,East,85.16016986114192,270.4548923681688,1,2023-12-30
SIM7263,USER732,West,3.541448305000763,18.316217854694173,1,2023-11-19
SIM7709,USER629,South,44.932245037356914,233.08759674811608,0,2023-05-24
SIM6883,USER727,West,87.62329873887057,148.275551484379,1,2023-02-20
SIM3258,USER236,South,8.320980550323815,61.39164340108462,0,2023-08-25
SIM3302,USER351,West,9.321795004469656,254.57679477430202,0,2023-03-19
SIM5913,USER891,North,84.18964836787578,149.58218467732874,0,2023-05-14
SIM8833,USER304,East,83.68803551257692,231.8965222682891,0,2023-03-01
SIM1314,USER339,North,59.471916373051975,69.39965143566059,0,2023-04-01
SIM5758,USER704,South,87.77569818232224,241.55818476623494,0,2023-03-22
SIM6746,USER921,North,60.02065800352637,244.80592557260707,0,2023-04-06
SIM1980,USER859,North,13.86571189287511,288.0318784933925,1,2023-03-19
SIM4231,USER901,North,9.731077255756832,103.4535217795668,0,2023-04-02
SIM2724,USER732,North,33.07269865919931,166.2484776719143,1,2023-10-27
SIM8509,USER997,East,49.708433812119175,205.8636980619442,0,2023-06-02
SIM1935,USER910,East,38.488253707744896,220.4911982397539,0,2023-01-18
SIM8064,USER961,North,28.090708280063907,28.607822872771553,0,2023-09-10
SIM2976,USER689,North,23.91610927813057,230.27150231687017,0,2023-10-19
SIM4799,USER378,North,98.24640493289843,242.2853908206148,0,2023-11-16
SIM7901,USER344,East,93.83137413941837,31.257502676438968,0,2023-10-18
SIM3040,USER365,North,23.70062335162965,94.17281817635842,0,2023-10-02
SIM8497,USER405,South,29.642697508024508,198.42431050929045,1,2023-06-07
SIM6585,USER334,East,42.902493378328955,101.11286024699353,1,2023-08-28
SIM9782,USER421,East,33.73066384856379,49.48699110164991,0,2023-03-11
SIM9249,USER827,East,17.2563440167401,170.45216062278806,1,2023-04-06
SIM2727,USER174,South,28.180212879528554,238.09579863893129,1,2023-08-28
SIM8662,USER851,North,82.75561768235372,118.29489127587914,1,2023-06-30
SIM6319,USER926,West,17.081887471841796,141.02326337982635,0,2023-11-15
SIM3806,USER648,East,14.382152656974798,293.6654263337579,1,2023-05-11
SIM9378,USER569,North,34.12002748407119,262.3681060673905,1,2023-02-11
SIM9308,USER916,South,68.73440270288232,118.98295230900247,0,2023-04-24
SIM4483,USER772,East,73.54850302661497,52.30656860083874,1,2023-04-01
SIM2353,USER795,East,76.6171623091788,195.58856315550142,1,2023-12-02
SIM1106,USER187,West,12.384447582297264,61.288782593011426,0,2023-02-15
SIM1223,USER272,North,94.9032244559195,22.45968552681378,1,2023-12-18
SIM1663,USER829,East,91.73119130379892,234.33409618645564,0,2023-10-20
SIM7150,USER323,East,61.92725991774009,39.637198684498294,0,2023-05-15
SIM3876,USER828,North,93.86278363898346,48.189332829835095,0,2023-05-20
SIM2587,USER650,East,84.89385643560891,188.1499706810195,1,2023-02-26
SIM1062,USER353,North,98.25618044856732,285.03903416610996,0,2023-01-23
SIM2507,USER302,West,22.0968009771173,224.8218732093954,1,2023-09-09
SIM3533,USER319,East,52.75814478789745,286.81675107748663,1,2023-07-24
SIM9465,USER857,East,49.881598778976986,299.0926868963703,1,2023-09-23
SIM3719,USER744,East,71.50089784942499,252.0209285198174,1,2023-05-20
SIM4781,USER276,North,87.53634671668343,102.3561657782573,1,2023-09-28
SIM3363,USER693,South,87.62461541647944,212.5561413346255,1,2023-01-31
SIM3603,USER643,East,66.70553183654687,136.99157977845402,1,2023-12-12
SIM1715,USER997,West,49.2344254867312,33.642257892733056,1,2023-10-11
SIM1943,USER824,North,72.96957726359534,25.715144862000034,1,2023-11-22
SIM5287,USER370,North,34.8539614074935,37.12721566464434,0,2023-05-10
SIM5997,USER272,South,69.9133254631473,218.43738953608448,1,2023-05-09
SIM8738,USER627,North,70.62440879013322,200.64430133356308,1,2023-04-26
SIM7425,USER298,West,95.38916196332713,246.460539180182,1,2023-08-25
SIM3471,USER189,West,33.925645094910365,284.4576141787853,1,2023-09-18
SIM4654,USER520,West,35.201856114910406,289.6621625488794,0,2023-02-07
SIM6025,USER621,North,23.92558071961582,123.83195121962414,0,2023-12-28
SIM9431,USER574,North,17.853943756281062,236.16470815847268,0,2023-02-22
SIM2901,USER876,North,37.56343739056382,148.07516918023774,1,2023-04-06
SIM4695,USER490,West,68.05281619129264,44.88510073416166,0,2023-10-15
SIM4315,USER203,West,96.26375742634936,139.8693990148302,1,2023-10-28
SIM3482,USER254,West,67.77752073122164,266.52791735230505,1,2023-06-20
SIM1525,USER956,South,38.01040049092822,177.92469608556945,1,2023-01-18
SIM4082,USER548,East,64.05158265110008,39.02775835059503,0,2023-03-30
SIM3813,USER654,South,52.16600574386542,299.8012770421464,0,2023-09-21
SIM8294,USER965,East,66.12886857748944,129.7378643385001,0,2023-12-14
SIM1333,USER385,North,18.0443292139805,227.25767055076818,1,2023-10-06
SIM7638,USER442,West,87.45494325796267,220.51430759324123,1,2023-02-14
SIM2175,USER113,South,30.269836887632817,173.6922827709193,1,2023-10-29
SIM5642,USER807,West,53.06089757745781,264.91119910239587,0,2023-09-01
