outage_id,region,outage_duration,outage_cause,weather_condition,maintenance_flag,timestamp
OUT1222,North,32.38998685238734,Hardware Failure,Stormy,0,2023-04-03
OUT1231,North,1.6212665620728066,Hardware Failure,Cloudy,0,2023-05-08
OUT6538,West,19.384171277118767,Hardware Failure,Sunny,1,2023-08-13
OUT5453,South,25.62284728991728,Weather,Cloudy,1,2023-11-19
OUT1289,East,18.505700776123774,Hardware Failure,Sunny,1,2023-11-01
OUT5198,East,31.914198513894384,Weather,Cloudy,0,2023-09-25
OUT6437,East,12.403912279819092,Weather,Sunny,0,2023-03-17
OUT6856,East,12.58183737030567,Hardware Failure,Rainy,0,2023-02-05
OUT5690,South,47.2389549343923,Maintenance,Cloudy,0,2023-01-09
OUT2109,West,26.65680186194754,Weather,Sunny,1,2023-04-04
OUT5559,West,30.53497860286094,Hardware Failure,Rainy,0,2023-04-23
OUT9423,East,27.29165196078672,Weather,Stormy,1,2023-07-31
OUT9275,North,18.99718789934376,Weather,Rainy,0,2023-06-19
OUT9587,West,2.0436244223243625,Hardware Failure,Sunny,0,2023-04-26
OUT9729,West,36.28717013839761,Maintenance,Rainy,0,2023-12-14
OUT8579,West,3.365499246277745,Weather,Stormy,0,2023-03-15
OUT2045,South,10.850572069450763,Unknown,Rainy,1,2023-05-17
OUT3549,East,40.18610839031384,Hardware Failure,Sunny,1,2023-03-08
OUT1677,West,33.30517798717278,Unknown,Rainy,0,2023-08-21
OUT5254,North,22.860833183106685,Unknown,Rainy,0,2023-07-29
OUT5333,North,32.22847618271251,Unknown,Stormy,0,2023-11-01
OUT5451,West,2.30202317444404,Weather,Sunny,0,2023-02-11
OUT5168,West,5.757071650103696,Weather,Rainy,1,2023-05-28
OUT4395,West,2.5300758623787987,Maintenance,Sunny,1,2023-07-06
OUT5440,West,12.971483331392205,Unknown,Sunny,0,2023-03-13
OUT4494,South,27.675863481386866,Unknown,Rainy,0,2023-09-16
OUT1200,South,22.18791429150302,Maintenance,Stormy,0,2023-09-02
OUT1165,East,29.189637388414127,Maintenance,Sunny,0,2023-11-27
OUT9996,East,39.74881599280569,Maintenance,Cloudy,1,2023-10-21
OUT8515,East,2.3538308649546553,Weather,Sunny,1,2023-01-02
OUT9486,West,20.477802928340818,Weather,Stormy,0,2023-09-06
OUT2279,West,19.32094410685992,Weather,Cloudy,1,2023-08-04
OUT6579,South,9.524041304925907,Weather,Cloudy,1,2023-02-13
OUT5084,West,13.349123518264763,Maintenance,Cloudy,1,2023-10-04
OUT6075,South,43.904141555089566,Weather,Stormy,1,2023-02-03
OUT4631,East,17.293725273943185,Maintenance,Sunny,0,2023-01-06
OUT3600,West,1.8008037989316412,Maintenance,Cloudy,1,2023-08-06
OUT3026,South,14.209819858371711,Weather,Sunny,1,2023-02-07
OUT1647,East,36.70542216696795,Weather,Sunny,0,2023-09-13
OUT3418,South,14.344495077280293,Hardware Failure,Rainy,1,2023-02-22
OUT2419,North,23.393716983920843,Maintenance,Cloudy,0,2023-04-22
OUT6012,South,24.23170911476105,Maintenance,Sunny,0,2023-04-02
OUT4279,North,38.43505043571378,Maintenance,Stormy,1,2023-04-17
OUT9539,North,45.945499286717286,Hardware Failure,Stormy,0,2023-08-15
OUT1251,West,5.708140392341506,Weather,Rainy,1,2023-06-25
OUT7073,West,11.387210134211719,Weather,Stormy,1,2023-05-01
OUT1620,East,29.50473186964582,Hardware Failure,Stormy,1,2023-03-11
OUT1052,South,1.1561793626113943,Maintenance,Rainy,1,2023-01-07
OUT2247,East,29.59957034731233,Hardware Failure,Sunny,0,2023-11-24
OUT8449,North,12.062415697710183,Weather,Sunny,1,2023-02-24
OUT5504,South,25.189441484251514,Unknown,Rainy,0,2023-11-26
OUT4262,West,2.072208056935018,Maintenance,Rainy,1,2023-09-08
OUT1082,West,46.697289644644776,Unknown,Rainy,1,2023-12-29
OUT6132,South,16.660115171675997,Weather,Cloudy,1,2023-12-01
OUT6741,East,29.82138277611657,Weather,Rainy,1,2023-08-26
OUT2593,West,14.753225950000028,Maintenance,Sunny,0,2023-11-22
OUT7751,North,33.94625428549332,Unknown,Rainy,0,2023-05-12
OUT3345,East,25.473692498562293,Hardware Failure,Cloudy,1,2023-12-11
OUT7818,South,11.603232322339077,Maintenance,Rainy,1,2023-06-22
OUT6940,North,28.30801176008906,Hardware Failure,Sunny,0,2023-07-05
OUT1953,South,4.869552321164061,Unknown,Sunny,1,2023-11-23
OUT5387,West,32.94998916617676,Hardware Failure,Cloudy,0,2023-06-05
OUT6739,North,46.20575736874006,Weather,Sunny,1,2023-09-14
OUT6637,East,22.019985827361662,Unknown,Sunny,0,2023-09-04
OUT2922,East,3.563242814146444,Weather,Sunny,1,2023-03-04
OUT7404,West,2.1078770379030565,Hardware Failure,Rainy,1,2023-09-08
OUT4918,West,17.84827119614167,Hardware Failure,Rainy,1,2023-03-31
OUT1309,South,31.6078167520223,Maintenance,Rainy,0,2023-02-13
OUT1357,South,26.325638613674897,Maintenance,Rainy,1,2023-09-06
OUT8017,North,23.076288565007072,Weather,Stormy,0,2023-07-04
OUT5391,West,40.36325607675672,Hardware Failure,Stormy,0,2023-02-12
OUT2234,West,8.810073189019413,Hardware Failure,Rainy,0,2023-12-29
OUT5927,West,2.4186484603408926,Unknown,Stormy,0,2023-04-17
OUT3380,North,41.0928351946181,Weather,Cloudy,1,2023-07-19
OUT3075,East,38.436012630688225,Unknown,Cloudy,1,2023-03-29
OUT3780,South,34.03723128168297,Hardware Failure,Rainy,0,2023-02-11
OUT7064,North,39.25663638501849,Unknown,Stormy,1,2023-11-27
OUT1686,North,44.522140613285714,Unknown,Cloudy,1,2023-03-19
OUT9655,East,46.15662099152889,Hardware Failure,Stormy,0,2023-10-25
OUT8629,East,33.229562879729876,Weather,Cloudy,0,2023-11-22
OUT7069,East,28.502045999502812,Unknown,Rainy,1,2023-04-18
OUT3749,North,28.042610356640434,Unknown,Stormy,1,2023-02-03
OUT7150,East,46.24106332950012,Hardware Failure,Rainy,1,2023-12-16
OUT7717,South,12.492223878901095,Hardware Failure,Stormy,1,2023-04-06
OUT6197,West,27.307669590290264,Hardware Failure,Stormy,1,2023-02-11
OUT6803,South,37.852392096406085,Unknown,Stormy,0,2023-08-17
OUT5345,South,18.35535287052226,Maintenance,Sunny,0,2023-01-11
OUT4463,West,42.638091031529285,Maintenance,Rainy,1,2023-10-25
OUT6405,South,6.349695850900311,Hardware Failure,Stormy,0,2023-08-24
OUT9587,East,41.730767383762185,Unknown,Stormy,1,2023-03-14
OUT9337,East,33.369657857592,Weather,Cloudy,1,2023-02-08
OUT8180,East,1.3406832036919785,Hardware Failure,Cloudy,0,2023-05-20
OUT9289,North,18.30134454458345,Weather,Cloudy,1,2023-04-30
OUT6561,West,41.79119784556959,Maintenance,Cloudy,0,2023-12-10
OUT9238,North,28.97459167556378,Unknown,Rainy,1,2023-08-20
OUT6577,North,5.424315255148097,Unknown,Sunny,1,2023-02-23
OUT8538,North,25.428864704186417,Unknown,Cloudy,1,2023-05-31
OUT5156,West,13.106974805212179,Hardware Failure,Rainy,1,2023-12-16
OUT8879,North,30.301235198210556,Hardware Failure,Cloudy,1,2023-02-01
OUT1872,East,29.3555001890683,Unknown,Sunny,1,2023-06-24
OUT4348,South,17.862578955788088,Weather,Sunny,1,2023-04-10
OUT2687,North,47.40308500829652,Unknown,Sunny,0,2023-03-24
OUT3538,South,3.1712627728700222,Unknown,Sunny,1,2023-10-10
OUT7708,East,13.625700711891527,Weather,Rainy,1,2023-11-30
OUT8411,East,33.38608714426999,Weather,Sunny,1,2023-01-26
OUT3495,South,47.47832999341176,Weather,Cloudy,1,2023-01-31
OUT8417,South,9.391247114022347,Weather,Cloudy,1,2023-03-27
OUT2092,East,45.88466569763182,Hardware Failure,Rainy,0,2023-12-21
OUT4662,South,27.908804500879505,Unknown,Sunny,1,2023-11-26
OUT4265,South,2.4603045144861055,Maintenance,Stormy,0,2023-01-16
OUT9056,East,32.31751020753099,Unknown,Stormy,0,2023-12-04
OUT7644,South,44.54218480787904,Weather,Cloudy,1,2023-09-10
OUT7795,East,31.553891387671055,Unknown,Rainy,0,2023-07-15
OUT5278,West,3.511320199903446,Hardware Failure,Stormy,0,2023-04-04
OUT1649,North,13.53077928601319,Maintenance,Stormy,1,2023-01-04
OUT1953,West,6.84344635568169,Unknown,Sunny,0,2023-08-23
OUT4462,West,3.7206203587542452,Maintenance,Cloudy,0,2023-10-06
OUT1986,South,20.87068931599254,Weather,Stormy,0,2023-02-25
OUT7858,East,28.46898958667875,Hardware Failure,Rainy,0,2023-12-23
OUT3357,North,5.143708205132431,Unknown,Cloudy,1,2023-01-16
OUT6359,South,38.588010547924796,Weather,Sunny,1,2023-06-01
OUT8000,North,4.4843071583270095,Unknown,Sunny,0,2023-01-30
OUT6779,South,21.82203348141202,Unknown,Rainy,0,2023-12-14
OUT6790,West,33.14127721437885,Maintenance,Rainy,1,2023-07-03
OUT7547,West,13.392984338885547,Weather,Rainy,1,2023-04-12
OUT2805,South,31.87570387546684,Unknown,Rainy,1,2023-12-14
OUT7694,South,1.0672875683088505,Weather,Stormy,0,2023-08-12
OUT1657,South,6.190349082266454,Hardware Failure,Sunny,1,2023-12-18
OUT9984,West,6.430746588544499,Hardware Failure,Stormy,0,2023-04-21
OUT2817,East,47.562029868414164,Maintenance,Cloudy,0,2023-12-25
OUT1843,East,3.4236148845333854,Hardware Failure,Rainy,1,2023-06-17
OUT1752,East,24.07607022908321,Hardware Failure,Stormy,0,2023-07-24
OUT5730,North,6.489268299461624,Hardware Failure,Rainy,0,2023-05-13
OUT3883,South,33.412544151041494,Unknown,Stormy,1,2023-03-23
OUT4288,East,13.51049008116127,Unknown,Sunny,0,2023-03-19
OUT5513,South,8.94226515308438,Unknown,Rainy,0,2023-09-09
OUT4569,East,31.102025114156966,Unknown,Rainy,1,2023-12-13
OUT8241,South,3.981897217804053,Unknown,Stormy,0,2023-10-15
OUT6455,West,45.86077650916819,Unknown,Rainy,0,2023-05-22
OUT6953,East,41.992873658014695,Maintenance,Rainy,1,2023-08-02
OUT4920,North,24.614644456533586,Unknown,Stormy,0,2023-11-14
OUT1936,South,27.53233365577135,Hardware Failure,Stormy,0,2023-09-05
OUT9186,West,14.110319608165478,Maintenance,Stormy,1,2023-08-18
OUT5109,North,3.882234132298057,Unknown,Stormy,0,2023-04-19
OUT3232,East,9.728397097846551,Unknown,Cloudy,1,2023-01-19
OUT3047,North,47.5701520142974,Hardware Failure,Sunny,1,2023-09-24
OUT3855,South,46.87311259163892,Hardware Failure,Sunny,0,2023-05-12
OUT8463,West,45.66966547662067,Unknown,Stormy,1,2023-05-31
OUT4684,East,7.777276291833184,Maintenance,Sunny,1,2023-05-11
OUT8442,South,41.31282527017614,Weather,Stormy,1,2023-10-20
OUT1899,South,12.63053344249408,Weather,Cloudy,0,2023-02-18
OUT7496,West,21.845275687155087,Maintenance,Sunny,1,2023-11-26
OUT9346,West,44.42734121719544,Unknown,Sunny,0,2023-09-06
OUT5199,East,6.408215220584035,Unknown,Stormy,0,2023-06-27
OUT1040,South,2.083901505393781,Hardware Failure,Sunny,0,2023-05-02
OUT1716,South,20.962112567738725,Maintenance,Rainy,0,2023-08-07
OUT3485,North,2.400516307941002,Unknown,Sunny,1,2023-04-25
OUT7052,East,42.31095962029824,Weather,Rainy,1,2023-06-24
OUT9912,North,1.5965392266903358,Unknown,Sunny,1,2023-05-05
OUT2278,North,41.935495201750314,Maintenance,Cloudy,0,2023-08-26
OUT2461,West,1.222377270317598,Hardware Failure,Rainy,1,2023-08-13
OUT1749,South,29.864564383868768,Hardware Failure,Stormy,1,2023-02-14
OUT7607,East,42.277415583927706,Unknown,Rainy,1,2023-10-10
OUT1540,South,18.35297578120926,Maintenance,Rainy,1,2023-12-14
OUT4196,South,47.94089271633103,Hardware Failure,Cloudy,0,2023-07-05
OUT3275,North,35.486084610884745,Unknown,Stormy,1,2023-09-30
OUT3942,West,16.786223323136085,Maintenance,Rainy,0,2023-08-09
OUT3342,East,42.24655119041504,Maintenance,Sunny,0,2023-03-31
OUT5197,East,1.0904035944145902,Weather,Sunny,1,2023-04-08
OUT8640,North,21.149414931116837,Maintenance,Cloudy,0,2023-03-20
OUT5959,East,17.82577096329061,Maintenance,Sunny,0,2023-02-02
OUT1775,North,37.252274643790784,Unknown,Rainy,0,2023-07-05
OUT9115,North,41.12999511875922,Unknown,Sunny,1,2023-06-21
OUT7060,West,46.601019044870995,Maintenance,Rainy,0,2023-01-30
OUT7865,North,15.823329931998494,Unknown,Sunny,0,2023-05-04
OUT9294,West,23.373647643038485,Maintenance,Rainy,1,2023-12-12
OUT9222,South,46.402633084438236,Unknown,Cloudy,0,2023-02-24
OUT5061,West,11.10674501902295,Unknown,Cloudy,0,2023-01-22
OUT1023,North,6.754423859655557,Unknown,Cloudy,0,2023-08-27
OUT8242,West,44.93530564782106,Maintenance,Stormy,0,2023-03-01
OUT2285,West,14.015370418051955,Unknown,Cloudy,0,2023-01-21
OUT2292,East,22.119983170780465,Maintenance,Sunny,0,2023-05-24
OUT5719,North,13.678709664087389,Maintenance,Stormy,1,2023-05-18
OUT3046,South,8.288538565382844,Maintenance,Rainy,0,2023-10-17
OUT7161,North,37.12482992967968,Weather,Stormy,1,2023-11-13
OUT7361,East,41.448158859205485,Maintenance,Cloudy,0,2023-12-24
OUT5158,West,27.74704793573361,Unknown,Sunny,1,2023-11-12
OUT9495,South,35.4308562166702,Maintenance,Sunny,0,2023-10-01
OUT6918,East,28.22542232451976,Weather,Rainy,0,2023-05-21
OUT6813,West,38.569539564649276,Weather,Rainy,1,2023-05-21
OUT4653,West,41.76244345002615,Hardware Failure,Stormy,0,2023-01-19
OUT6892,South,38.37179158164822,Unknown,Sunny,0,2023-08-13
OUT9652,East,19.4114102280693,Weather,Rainy,1,2023-03-30
OUT5275,East,41.04563229702341,Unknown,Cloudy,1,2023-03-02
OUT9172,West,38.68363343132205,Unknown,Stormy,1,2023-01-03
OUT2664,North,38.39222797918902,Unknown,Stormy,0,2023-05-05
OUT8188,West,4.704203056360254,Unknown,Cloudy,0,2023-02-16
OUT2258,East,15.475490403076627,Maintenance,Cloudy,0,2023-04-24
OUT7032,West,46.40740038817404,Maintenance,Rainy,0,2023-11-08
OUT2992,East,34.49003294925071,Weather,Stormy,1,2023-09-12
OUT1911,West,47.64276538985105,Unknown,Cloudy,1,2023-06-06
OUT6985,East,31.64498140565809,Weather,Rainy,1,2023-01-25
OUT4021,South,2.8685712339421845,Hardware Failure,Sunny,1,2023-06-29
OUT5833,East,21.503396856284553,Maintenance,Rainy,1,2023-10-29
OUT4426,West,9.91153151392691,Hardware Failure,Sunny,1,2023-07-11
OUT3990,West,26.57546531045854,Unknown,Cloudy,0,2023-05-04
OUT8910,North,44.505656554629084,Maintenance,Cloudy,1,2023-12-11
OUT9276,East,5.320053091500489,Weather,Stormy,0,2023-05-08
OUT5824,North,2.7154345639148563,Unknown,Stormy,0,2023-01-03
OUT4505,North,33.52384397954811,Maintenance,Sunny,0,2023-03-24
OUT6407,West,45.91282923628775,Hardware Failure,Rainy,0,2023-09-28
OUT1039,East,3.196760590321277,Weather,Cloudy,1,2023-03-08
OUT4795,South,25.82259782662197,Hardware Failure,Rainy,0,2023-12-25
OUT3271,East,12.274777651288277,Weather,Sunny,1,2023-08-09
OUT4431,East,42.148831156813436,Hardware Failure,Cloudy,1,2023-02-13
OUT9513,North,29.193233093881766,Maintenance,Cloudy,1,2023-08-22
OUT4084,North,34.95188427927644,Maintenance,Stormy,0,2023-11-03
OUT1152,West,46.67710886081052,Hardware Failure,Stormy,1,2023-11-24
OUT5871,South,4.525614309948722,Unknown,Rainy,0,2023-04-17
OUT6778,South,45.47121240562177,Weather,Stormy,0,2023-01-21
OUT3270,West,19.30533314311807,Unknown,Cloudy,0,2023-07-06
OUT6784,West,22.70156686906443,Weather,Cloudy,0,2023-04-30
OUT2575,West,25.699391189973277,Unknown,Sunny,0,2023-07-21
OUT4970,West,41.94997436096935,Unknown,Sunny,0,2023-07-09
OUT5251,South,3.9363098447748563,Hardware Failure,Rainy,1,2023-10-03
OUT8277,West,12.422989763651417,Unknown,Rainy,0,2023-08-20
OUT3601,North,19.125921701612107,Maintenance,Cloudy,1,2023-07-12
OUT6300,East,37.97523174187172,Maintenance,Cloudy,1,2023-06-16
OUT5528,North,25.263963731272646,Weather,Sunny,1,2023-03-14
OUT5088,South,38.958259792039,Weather,Rainy,1,2023-12-12
OUT7898,South,4.902174462913352,Hardware Failure,Rainy,0,2023-01-05
OUT2378,East,25.905329749354582,Maintenance,Sunny,0,2023-06-05
OUT3680,East,41.92860730270884,Unknown,Stormy,1,2023-09-09
OUT3417,East,39.28207383676433,Weather,Sunny,0,2023-03-09
OUT7928,West,13.92305384153716,Weather,Stormy,1,2023-12-15
OUT2874,South,31.89046840486513,Maintenance,Cloudy,0,2023-01-06
OUT1399,South,41.38611589674741,Unknown,Stormy,0,2023-07-03
OUT3048,North,42.508924401079675,Maintenance,Stormy,0,2023-08-11
OUT6008,North,5.631309595377269,Weather,Rainy,1,2023-09-27
OUT7218,East,4.516903836416664,Weather,Rainy,0,2023-02-05
OUT1186,East,2.7173771039609265,Weather,Rainy,0,2023-05-17
OUT6462,West,9.501134085196115,Unknown,Sunny,1,2023-06-20
OUT7959,West,3.456776799338198,Unknown,Sunny,0,2023-04-12
OUT2494,North,25.378836245402717,Unknown,Stormy,0,2023-05-29
OUT8638,South,15.716692249778827,Maintenance,Sunny,0,2023-12-24
OUT3667,North,3.0315196274610945,Weather,Cloudy,1,2023-07-20
OUT3498,South,45.74498110070901,Unknown,Rainy,1,2023-09-29
OUT3409,West,3.5785116713162837,Weather,Cloudy,1,2023-01-01
OUT3639,East,31.10020518251912,Weather,Sunny,1,2023-07-01
OUT5492,South,24.63536622050064,Weather,Rainy,1,2023-03-06
OUT1285,West,5.467743333819671,Unknown,Sunny,0,2023-11-28
OUT4882,West,43.42276416920013,Maintenance,Rainy,0,2023-06-22
OUT1197,West,22.700061640953,Unknown,Cloudy,1,2023-04-21
OUT8862,East,10.801142699966285,Weather,Stormy,0,2023-06-19
OUT8240,East,44.228894750854415,Maintenance,Sunny,1,2023-07-23
OUT9374,South,28.471034716002578,Hardware Failure,Cloudy,1,2023-04-28
OUT3604,West,11.371839504521033,Unknown,Sunny,0,2023-10-25
OUT9120,South,44.46071850841093,Maintenance,Cloudy,0,2023-08-19
OUT6850,South,39.95516908344945,Maintenance,Stormy,0,2023-10-30
OUT4892,North,3.623998813716349,Weather,Cloudy,1,2023-04-07
OUT4172,West,4.454911202375586,Weather,Stormy,0,2023-05-27
OUT7859,South,24.610347360388463,Weather,Stormy,1,2023-12-03
OUT9349,North,27.36402806369103,Unknown,Cloudy,0,2023-03-28
OUT2601,West,1.0620510996612862,Weather,Sunny,1,2023-06-23
OUT5082,South,34.85344837285487,Weather,Stormy,1,2023-04-29
OUT1259,West,6.4165291417673895,Maintenance,Rainy,1,2023-07-04
OUT5424,North,36.91820993493644,Hardware Failure,Cloudy,1,2023-01-09
OUT4010,South,17.04185603252477,Weather,Cloudy,1,2023-11-09
OUT9751,West,36.328607510132755,Unknown,Stormy,0,2023-07-02
OUT9277,East,8.403720576981211,Unknown,Stormy,0,2023-01-15
OUT8221,South,43.47365543792956,Maintenance,Cloudy,0,2023-11-27
OUT1675,North,5.563335005047453,Maintenance,Sunny,1,2023-12-23
OUT5216,East,45.899649916195806,Hardware Failure,Stormy,0,2023-12-23
OUT6021,South,45.53608471283969,Unknown,Stormy,1,2023-05-30
OUT7448,West,4.419022200780684,Weather,Rainy,0,2023-10-12
OUT2701,North,4.18643475055739,Maintenance,Sunny,0,2023-11-29
OUT6812,East,28.888034101025866,Maintenance,Cloudy,0,2023-08-28
OUT8010,East,20.62768439337499,Weather,Stormy,1,2023-12-01
OUT4045,East,36.05924392615792,Unknown,Sunny,1,2023-11-12
OUT8048,West,24.2185367389189,Weather,Cloudy,0,2023-12-27
OUT8329,East,32.687356665082504,Weather,Sunny,0,2023-11-05
OUT1174,West,8.754985948058026,Unknown,Rainy,1,2023-04-10
OUT1294,South,19.71015886196702,Unknown,Rainy,0,2023-11-29
OUT4755,North,40.993290814024014,Maintenance,Sunny,1,2023-10-02
OUT8032,South,33.30973773989565,Hardware Failure,Rainy,1,2023-07-06
OUT8207,West,16.578864482603286,Weather,Stormy,1,2023-12-12
OUT8422,West,2.3939181502153613,Unknown,Cloudy,0,2023-04-06
OUT7571,East,19.111399332569377,Weather,Sunny,1,2023-08-31
OUT8418,South,16.6672947425373,Hardware Failure,Stormy,1,2023-06-28
OUT3467,North,2.000365789189346,Maintenance,Rainy,1,2023-11-15
OUT6016,North,7.944584358212653,Maintenance,Cloudy,1,2023-12-12
OUT8338,West,36.523840029555586,Maintenance,Sunny,1,2023-11-17
OUT1245,North,42.870819278766746,Maintenance,Rainy,1,2023-05-02
OUT4597,West,44.04188583883356,Weather,Rainy,1,2023-10-13
OUT3783,South,26.714975882520868,Maintenance,Rainy,0,2023-03-05
OUT8017,North,41.098158774997174,Unknown,Stormy,0,2023-08-30
OUT4557,South,26.904884888423076,Unknown,Stormy,0,2023-10-01
OUT2028,North,34.1404112148039,Hardware Failure,Cloudy,0,2023-10-12
OUT2357,West,22.304708298072985,Unknown,Sunny,0,2023-04-05
OUT2354,North,43.823502755382854,Weather,Rainy,0,2023-06-11
OUT3264,East,45.636197245459584,Maintenance,Cloudy,0,2023-08-13
OUT2099,West,1.235194968130286,Weather,Rainy,1,2023-11-11
OUT3843,West,27.736693752568257,Weather,Stormy,1,2023-08-31
OUT1515,West,32.11708989648577,Weather,Rainy,0,2023-02-04
OUT9673,South,17.63426173515231,Weather,Cloudy,0,2023-09-21
OUT1791,South,42.208494362495856,Hardware Failure,Rainy,0,2023-12-13
OUT4586,South,3.242702483955106,Hardware Failure,Sunny,1,2023-11-01
OUT1512,North,19.14006664475405,Hardware Failure,Stormy,1,2023-09-12
OUT6193,North,40.154506522126894,Unknown,Sunny,1,2023-08-27
OUT6907,West,34.699000998484934,Weather,Sunny,1,2023-08-10
OUT6861,South,22.526760927161607,Unknown,Stormy,0,2023-02-26
OUT1765,West,23.759498105199633,Unknown,Rainy,0,2023-08-28
OUT9533,South,16.302966772615335,Unknown,Stormy,1,2023-06-26
OUT6822,North,37.74948536236345,Unknown,Cloudy,1,2023-12-09
OUT6206,East,15.409970744901075,Hardware Failure,Sunny,1,2023-08-14
OUT3049,South,31.72482303166916,Unknown,Stormy,0,2023-10-21
OUT9113,East,33.98897617462688,Hardware Failure,Stormy,1,2023-11-05
OUT2168,North,8.256930953704309,Unknown,Sunny,0,2023-12-20
OUT1265,West,38.95829167597669,Hardware Failure,Rainy,1,2023-02-05
OUT9739,East,36.642393845313684,Weather,Sunny,1,2023-11-15
OUT7835,South,2.4353565039366316,Hardware Failure,Sunny,0,2023-03-02
OUT1062,South,17.34395869966502,Hardware Failure,Stormy,1,2023-06-07
OUT8268,East,9.63906727220084,Hardware Failure,Rainy,1,2023-12-25
OUT2021,North,35.841610374504036,Unknown,Sunny,1,2023-12-06
OUT3181,South,34.27733702762101,Maintenance,Cloudy,0,2023-06-18
OUT7395,South,3.6149994034355535,Weather,Sunny,1,2023-09-03
OUT9262,South,15.126809581953696,Weather,Stormy,1,2023-12-14
OUT7135,East,32.749047752760305,Maintenance,Rainy,0,2023-12-03
OUT3549,East,4.904722029698328,Weather,Sunny,0,2023-04-04
OUT9714,South,14.482050525865107,Hardware Failure,Rainy,0,2023-11-02
OUT8460,South,46.89568280803563,Weather,Sunny,1,2023-12-04
OUT8128,North,18.668875239502075,Weather,Stormy,1,2023-03-20
OUT3817,South,14.532121308181589,Unknown,Rainy,1,2023-03-10
OUT5537,West,42.80770864330933,Hardware Failure,Sunny,0,2023-05-23
OUT7972,West,18.801657451847593,Maintenance,Stormy,0,2023-04-08
OUT7371,South,2.7340111929619573,Weather,Stormy,1,2023-06-11
OUT9424,South,26.102960741599777,Maintenance,Rainy,1,2023-03-01
OUT4075,North,32.73949227838662,Hardware Failure,Sunny,0,2023-05-14
OUT5142,East,18.126304301627677,Hardware Failure,Cloudy,0,2023-05-20
OUT8165,West,10.429219911248845,Unknown,Cloudy,0,2023-10-15
OUT1661,West,41.16781970506038,Unknown,Cloudy,1,2023-05-01
OUT9397,South,25.051481907375155,Hardware Failure,Rainy,1,2023-12-26
OUT1002,West,46.069357756400215,Hardware Failure,Cloudy,0,2023-08-06
OUT7965,South,14.341849854339529,Weather,Cloudy,0,2023-09-09
OUT7268,East,26.382081497067226,Hardware Failure,Rainy,1,2023-03-20
OUT3885,South,36.533791947369004,Maintenance,Rainy,0,2023-04-16
OUT9641,West,41.94438113466392,Hardware Failure,Sunny,1,2023-05-10
OUT8384,East,23.36074050790747,Maintenance,Sunny,0,2023-10-10
OUT1960,North,22.529935612040948,Maintenance,Stormy,0,2023-06-07
OUT3871,North,44.14989493208945,Maintenance,Cloudy,0,2023-06-29
OUT7065,North,42.052926733418104,Weather,Stormy,0,2023-08-14
OUT9939,East,31.04006000048276,Maintenance,Stormy,1,2023-08-07
OUT7282,East,22.86174286236881,Hardware Failure,Sunny,1,2023-02-15
OUT4218,East,23.079180358573158,Weather,Sunny,0,2023-08-13
OUT5267,West,6.258479247700889,Unknown,Stormy,1,2023-07-15
OUT3970,West,5.563451335807241,Weather,Stormy,0,2023-08-03
OUT9284,East,11.873065980749669,Unknown,Cloudy,1,2023-07-12
OUT6137,South,3.8431902978154078,Hardware Failure,Sunny,1,2023-09-18
OUT2773,North,26.853084042056015,Maintenance,Rainy,0,2023-12-10
OUT2984,West,1.701973921507483,Maintenance,Cloudy,0,2023-01-16
OUT8979,South,40.33158465244591,Hardware Failure,Sunny,0,2023-06-13
OUT7160,South,41.02738376567028,Maintenance,Rainy,0,2023-10-17
OUT1160,North,30.909491339317263,Weather,Stormy,0,2023-05-10
OUT8553,North,11.805889062196394,Unknown,Rainy,1,2023-09-22
OUT6183,South,32.869220064101206,Weather,Cloudy,0,2023-09-07
OUT2961,East,27.605253859259836,Weather,Sunny,1,2023-10-16
OUT9160,North,12.427136821295337,Weather,Cloudy,1,2023-07-15
OUT4792,West,24.40092867140697,Unknown,Rainy,1,2023-02-05
OUT1091,East,0.5260799752807944,Maintenance,Sunny,1,2023-02-20
OUT5500,South,3.734305013073759,Maintenance,Sunny,0,2023-05-19
OUT1670,North,4.642698565394287,Maintenance,Sunny,0,2023-04-10
OUT4933,West,2.7412778069006936,Hardware Failure,Stormy,0,2023-08-21
OUT2658,East,24.35145927733522,Unknown,Rainy,1,2023-02-25
OUT8192,South,4.552632105402016,Maintenance,Rainy,1,2023-09-14
OUT3769,West,11.571686675916137,Unknown,Sunny,0,2023-01-18
OUT6987,North,41.82064425636145,Maintenance,Rainy,0,2023-10-10
OUT5928,West,4.459395052282156,Weather,Rainy,1,2023-01-10
OUT6632,South,17.334988298917693,Unknown,Sunny,0,2023-08-09
OUT1525,East,40.58105441164465,Unknown,Sunny,0,2023-01-13
OUT6225,South,35.496150099844755,Unknown,Cloudy,1,2023-02-16
OUT6153,East,4.7434133292541505,Hardware Failure,Cloudy,0,2023-12-15
OUT8103,South,6.216782522728209,Maintenance,Sunny,0,2023-03-12
OUT5129,East,8.869642249269765,Hardware Failure,Stormy,1,2023-08-13
OUT4715,East,47.061646954531085,Hardware Failure,Rainy,1,2023-05-21
OUT2884,East,23.94637306971344,Hardware Failure,Cloudy,1,2023-01-04
OUT5925,West,37.322226174529796,Unknown,Sunny,1,2023-02-24
OUT8853,South,46.2413004091473,Maintenance,Sunny,1,2023-03-01
OUT4002,South,33.14796953958927,Hardware Failure,Stormy,1,2023-10-28
OUT1383,East,5.532097820309633,Unknown,Cloudy,0,2023-05-24
OUT1700,South,6.124285305874966,Unknown,Rainy,1,2023-01-21
OUT7898,East,21.65047998192558,Hardware Failure,Stormy,1,2023-04-13
OUT9860,East,33.941096596993766,Weather,Cloudy,0,2023-12-24
OUT9642,West,4.791768204395379,Maintenance,Cloudy,1,2023-02-16
OUT3022,West,14.279801769909493,Hardware Failure,Stormy,1,2023-04-22
OUT5170,South,42.20071293438123,Weather,Sunny,1,2023-06-19
OUT6338,East,16.723404378196545,Unknown,Cloudy,0,2023-09-13
OUT1469,West,8.503029365023453,Hardware Failure,Rainy,0,2023-06-05
OUT9963,East,4.83407448083293,Hardware Failure,Stormy,1,2023-04-30
OUT6510,West,38.87259276444152,Unknown,Stormy,0,2023-06-10
OUT9338,South,13.182129221648243,Hardware Failure,Stormy,0,2023-07-02
OUT8118,West,16.029929695105295,Weather,Rainy,0,2023-12-13
OUT5271,South,16.864983058572612,Maintenance,Rainy,1,2023-08-01
OUT1737,South,29.142382751144833,Weather,Cloudy,0,2023-02-06
OUT4657,East,25.40035584426183,Unknown,Rainy,1,2023-04-03
OUT4265,South,24.08894167086382,Unknown,Stormy,1,2023-12-25
OUT6254,East,10.147314156915284,Hardware Failure,Cloudy,1,2023-01-27
OUT7779,North,11.173807719941173,Maintenance,Sunny,0,2023-05-10
OUT2942,North,31.690900604382957,Maintenance,Cloudy,1,2023-08-01
OUT3056,East,39.68609782266349,Maintenance,Sunny,1,2023-04-20
OUT2914,West,38.98622520714764,Hardware Failure,Sunny,1,2023-01-18
OUT5095,North,37.45696205381982,Unknown,Rainy,1,2023-08-20
OUT3267,North,0.8140266903374309,Hardware Failure,Cloudy,1,2023-10-28
OUT5275,West,28.059864537076272,Hardware Failure,Rainy,0,2023-09-08
OUT7086,West,40.710205360329574,Maintenance,Stormy,1,2023-06-20
OUT4711,East,2.816938494612042,Weather,Rainy,0,2023-03-02
OUT6336,North,39.11563109409297,Unknown,Rainy,1,2023-02-12
OUT3737,East,34.41209691550707,Hardware Failure,Stormy,0,2023-09-22
OUT4718,West,46.6866231482934,Weather,Sunny,1,2023-09-14
OUT2572,South,11.81209719923736,Weather,Rainy,1,2023-06-20
OUT8458,South,24.617897789883337,Weather,Stormy,0,2023-02-21
OUT6123,South,1.0728220458138296,Unknown,Sunny,0,2023-03-05
OUT6534,South,16.229982229666426,Hardware Failure,Rainy,0,2023-05-02
OUT3563,West,14.569424183501956,Unknown,Sunny,0,2023-10-26
OUT9512,North,44.24840078528886,Unknown,Stormy,0,2023-04-29
OUT2784,West,23.52900923311305,Maintenance,Stormy,0,2023-02-22
OUT1060,East,24.334330999548936,Maintenance,Rainy,0,2023-03-28
OUT2295,West,32.21995580495035,Maintenance,Cloudy,1,2023-01-14
OUT9116,West,10.59161934813574,Unknown,Sunny,1,2023-10-23
OUT4673,East,27.653835581414686,Weather,Cloudy,0,2023-10-27
OUT1865,East,4.205649906140907,Hardware Failure,Cloudy,0,2023-06-26
OUT3361,East,33.041302560553305,Unknown,Sunny,1,2023-11-19
OUT6449,South,19.256023740285524,Maintenance,Sunny,1,2023-09-07
OUT2740,West,27.733698661690532,Unknown,Sunny,0,2023-06-20
OUT4436,North,43.87026204019912,Maintenance,Cloudy,0,2023-01-26
OUT6344,East,26.955267691630972,Unknown,Stormy,1,2023-03-08
OUT6989,South,37.67925200263105,Hardware Failure,Stormy,0,2023-03-20
OUT1824,South,36.178076430642044,Weather,Cloudy,0,2023-07-27
OUT2775,East,13.54722423886622,Hardware Failure,Stormy,0,2023-01-12
OUT4904,East,3.3431681839667657,Unknown,Cloudy,1,2023-03-19
OUT8292,East,25.988929970602836,Unknown,Cloudy,1,2023-09-01
OUT1174,West,34.12699207700424,Unknown,Rainy,0,2023-05-20
OUT4544,East,32.17934972116232,Unknown,Stormy,1,2023-10-02
OUT8708,South,26.199391160408776,Hardware Failure,Cloudy,1,2023-12-25
OUT6023,East,15.102866210087132,Unknown,Sunny,0,2023-11-24
OUT8096,West,8.741895360428165,Weather,Stormy,0,2023-10-19
OUT2535,West,45.008501707889,Weather,Cloudy,0,2023-08-12
OUT5612,West,35.938264071167275,Hardware Failure,Stormy,1,2023-12-22
OUT9232,East,33.091514701129846,Maintenance,Rainy,0,2023-04-15
OUT8526,East,16.55012492385455,Maintenance,Cloudy,1,2023-06-20
OUT3934,North,23.644199876898544,Hardware Failure,Cloudy,0,2023-01-29
OUT5016,North,30.036096178552402,Hardware Failure,Stormy,1,2023-05-28
OUT8078,West,40.19530165951091,Maintenance,Rainy,1,2023-01-25
OUT5990,West,5.174755901466135,Weather,Rainy,1,2023-05-28
OUT1971,South,23.864176488241117,Maintenance,Cloudy,0,2023-07-19
OUT3750,South,21.368422063335075,Hardware Failure,Cloudy,0,2023-09-24
OUT9858,West,5.564415447972156,Hardware Failure,Rainy,1,2023-10-15
OUT7598,South,16.904023998762927,Maintenance,Sunny,0,2023-10-11
OUT8279,West,14.888327871994314,Maintenance,Stormy,1,2023-10-07
OUT2271,East,23.53687558118287,Hardware Failure,Stormy,1,2023-02-02
OUT4333,West,15.038033402856788,Maintenance,Sunny,0,2023-11-24
OUT6348,East,41.34572855600085,Maintenance,Cloudy,1,2023-02-13
OUT6807,North,12.009988236224968,Unknown,Stormy,1,2023-08-09
OUT6586,North,47.66322638183508,Maintenance,Cloudy,1,2023-04-10
OUT2499,West,20.766470574513455,Unknown,Stormy,0,2023-04-13
OUT1551,West,47.53868163680813,Hardware Failure,Rainy,1,2023-07-26
OUT5701,East,6.695089953138431,Weather,Cloudy,0,2023-07-04
OUT7111,North,4.156342540117464,Unknown,Cloudy,0,2023-10-14
OUT5063,North,12.095134592355214,Hardware Failure,Stormy,1,2023-04-24
OUT7795,North,19.531612731899926,Maintenance,Stormy,0,2023-10-29
OUT7653,East,8.529553137119995,Maintenance,Cloudy,0,2023-03-02
OUT6956,East,17.600131320185717,Weather,Stormy,0,2023-05-27
OUT7477,North,31.381121792839735,Weather,Stormy,1,2023-12-25
OUT2153,North,14.173770792562427,Maintenance,Stormy,0,2023-07-09
OUT3356,South,35.18830826959409,Weather,Stormy,1,2023-09-26
OUT7109,South,32.03735125126991,Weather,Sunny,0,2023-07-14
OUT7593,South,45.21942775824865,Unknown,Sunny,0,2023-08-04
OUT3195,North,13.25021410464055,Hardware Failure,Sunny,0,2023-02-17
OUT7421,East,44.712743307607965,Maintenance,Cloudy,0,2023-03-21
OUT7764,West,25.702541256581856,Unknown,Sunny,0,2023-01-28
OUT6180,North,16.368911987851916,Unknown,Stormy,1,2023-01-17
OUT4974,West,16.0633232248154,Maintenance,Cloudy,1,2023-09-12
OUT2950,West,24.121818546420382,Unknown,Sunny,1,2023-11-25
OUT7130,West,2.673308019950766,Weather,Sunny,1,2023-04-15
OUT9868,East,13.217249927560808,Maintenance,Sunny,1,2023-01-29
OUT7582,West,42.850155115405435,Weather,Cloudy,1,2023-07-09
OUT5954,East,34.162005548320096,Unknown,Cloudy,1,2023-12-31
OUT8769,North,5.239335556504489,Maintenance,Stormy,1,2023-07-25
OUT1719,West,5.29231857847961,Weather,Cloudy,0,2023-09-07
OUT5582,North,16.918808612365183,Maintenance,Cloudy,1,2023-04-30
OUT8203,West,2.9648716409743194,Weather,Stormy,1,2023-11-07
OUT7413,East,47.14795751294384,Unknown,Stormy,1,2023-12-23
OUT8969,West,2.919056683640194,Unknown,Sunny,0,2023-11-19
OUT4617,East,32.29012514698833,Maintenance,Stormy,0,2023-05-03
OUT9566,South,5.978509226500261,Unknown,Stormy,1,2023-01-04
OUT9259,North,18.402089963584427,Maintenance,Stormy,1,2023-03-01
OUT9903,North,16.06651623433956,Maintenance,Stormy,0,2023-07-26
OUT6371,West,30.225386118571492,Hardware Failure,Rainy,0,2023-12-10
OUT9785,East,46.30072942341762,Maintenance,Stormy,1,2023-01-10
OUT8962,East,24.41941755225393,Unknown,Sunny,1,2023-03-23
OUT6787,North,30.93677565681018,Weather,Stormy,0,2023-10-09
OUT7032,East,22.581188881243815,Hardware Failure,Cloudy,1,2023-03-21
OUT8458,North,6.981478537777051,Weather,Sunny,1,2023-10-15
OUT4170,West,31.462565183503063,Unknown,Sunny,1,2023-05-24
OUT2848,North,11.956889833947809,Hardware Failure,Rainy,0,2023-05-12
OUT2572,South,5.8478561723489895,Hardware Failure,Sunny,0,2023-09-16
OUT6708,South,30.241077867604034,Unknown,Rainy,1,2023-07-12
OUT5973,North,29.5290712070323,Unknown,Cloudy,0,2023-08-23
OUT2535,South,47.75692853473513,Weather,Sunny,1,2023-01-04
OUT2691,South,13.858577577380535,Hardware Failure,Stormy,1,2023-09-21
OUT1364,North,23.97197622523232,Unknown,Cloudy,1,2023-01-20
OUT2080,South,12.801013136897653,Weather,Cloudy,1,2023-05-24
OUT9840,East,34.89358087537914,Hardware Failure,Sunny,1,2023-07-05
OUT6174,South,21.801905524545678,Hardware Failure,Sunny,0,2023-05-21
OUT2023,South,38.85075349516402,Unknown,Rainy,1,2023-08-16
OUT4340,East,31.777919381185274,Maintenance,Cloudy,1,2023-02-21
OUT5550,West,21.616465662096022,Hardware Failure,Sunny,1,2023-02-26
OUT6037,West,44.8972485655878,Weather,Sunny,0,2023-02-01
OUT9599,East,32.98593828517493,Weather,Rainy,0,2023-02-10
OUT7235,West,42.81681765278534,Weather,Cloudy,0,2023-06-05
OUT9451,South,47.05752276697877,Unknown,Stormy,0,2023-08-31
OUT7330,South,9.059986385088983,Weather,Rainy,1,2023-02-20
OUT8601,East,46.2987059790942,Unknown,Rainy,0,2023-06-16
OUT1496,West,18.640795349989745,Weather,Cloudy,0,2023-09-17
OUT3203,East,3.643223695423674,Unknown,Sunny,1,2023-10-12
OUT6183,South,4.285884634257604,Hardware Failure,Rainy,1,2023-06-25
OUT6757,South,39.60695171053244,Unknown,Sunny,1,2023-12-06
OUT1532,West,39.51799622274751,Hardware Failure,Sunny,1,2023-11-20
OUT8881,South,5.343435556899728,Weather,Rainy,0,2023-02-09
OUT5747,North,47.0390780654293,Maintenance,Cloudy,0,2023-02-17
OUT2859,South,33.491485620252824,Maintenance,Sunny,0,2023-06-17
OUT9363,North,46.48912402397284,Maintenance,Cloudy,1,2023-08-07
OUT3744,East,18.841987622043828,Unknown,Stormy,1,2023-09-16
OUT4117,South,7.319892802708507,Unknown,Stormy,1,2023-03-02
OUT2163,South,22.884998771477488,Maintenance,Sunny,1,2023-11-30
OUT2390,East,4.775922184204733,Hardware Failure,Cloudy,0,2023-01-09
OUT1872,South,37.359864443709476,Unknown,Cloudy,0,2023-08-26
OUT3179,North,1.791886355301661,Maintenance,Stormy,0,2023-11-19
OUT5617,South,29.619469579248705,Weather,Stormy,1,2023-05-21
OUT7182,East,37.04222119317746,Weather,Sunny,1,2023-03-01
OUT8719,West,8.175351113533317,Maintenance,Sunny,1,2023-02-04
OUT4395,South,27.277832105879668,Weather,Rainy,1,2023-01-02
OUT6044,East,37.09612958429771,Maintenance,Stormy,0,2023-09-05
OUT7303,South,42.15855521878036,Weather,Stormy,1,2023-01-21
OUT2636,West,25.147746268495112,Unknown,Rainy,0,2023-02-17
OUT9682,South,24.94392217172681,Unknown,Cloudy,1,2023-06-03
OUT6512,North,26.968362682647122,Weather,Rainy,0,2023-04-21
OUT5174,East,7.798000958589806,Maintenance,Cloudy,1,2023-03-27
OUT9629,East,11.88979680408273,Maintenance,Sunny,1,2023-10-05
OUT6963,West,46.759428505343635,Weather,Sunny,1,2023-05-27
OUT4380,South,23.403505511905127,Unknown,Rainy,0,2023-02-04
OUT9828,East,1.1401200608513364,Maintenance,Stormy,1,2023-07-28
OUT4022,East,35.07388009262927,Unknown,Sunny,0,2023-06-18
OUT1227,East,12.906226033984115,Hardware Failure,Rainy,0,2023-01-18
OUT1037,East,26.21176218490015,Unknown,Rainy,0,2023-02-16
OUT7574,East,36.95209472594812,Hardware Failure,Rainy,0,2023-08-16
OUT8406,South,34.11114252944012,Maintenance,Rainy,0,2023-12-09
OUT5499,East,38.379796247484784,Maintenance,Stormy,1,2023-01-04
OUT4172,West,7.9078530240174425,Maintenance,Rainy,0,2023-01-04
OUT8000,North,12.576268984921294,Maintenance,Sunny,0,2023-06-20
OUT8606,East,7.799409596456695,Hardware Failure,Sunny,1,2023-11-27
OUT5024,West,3.9497677891647327,Unknown,Rainy,1,2023-11-04
OUT7530,South,42.485630017015886,Weather,Stormy,1,2023-01-15
OUT4579,East,36.93129104915634,Weather,Rainy,1,2023-05-25
OUT9782,East,3.184965446662832,Hardware Failure,Sunny,1,2023-08-31
OUT8601,South,42.625254562906754,Hardware Failure,Cloudy,0,2023-08-30
OUT3749,West,24.69381946868344,Maintenance,Cloudy,0,2023-08-26
OUT3713,South,32.10917948593641,Weather,Stormy,1,2023-12-11
OUT4281,West,5.449368703471401,Weather,Sunny,0,2023-02-22
OUT8184,West,9.93166038744427,Hardware Failure,Stormy,0,2023-09-11
OUT8414,South,37.958439290279664,Hardware Failure,Sunny,1,2023-02-25
OUT1042,South,33.02876678891435,Weather,Sunny,0,2023-02-22
OUT6105,North,39.14388768346438,Unknown,Rainy,1,2023-01-01
OUT4807,East,42.00704519834496,Weather,Rainy,1,2023-06-23
OUT2782,West,10.741551519875252,Weather,Stormy,1,2023-01-14
OUT2887,South,7.563459494947876,Unknown,Sunny,1,2023-09-26
OUT4121,South,26.238623733917002,Maintenance,Rainy,1,2023-08-22
OUT9295,East,4.2021164500188615,Unknown,Cloudy,1,2023-09-23
OUT2598,West,16.56423014249543,Unknown,Sunny,0,2023-07-19
OUT7815,East,6.87627939751658,Hardware Failure,Rainy,1,2023-07-24
OUT6743,South,35.62951584573214,Maintenance,Rainy,0,2023-11-06
OUT8810,South,9.27253982478655,Weather,Sunny,0,2023-03-24
OUT6043,West,36.91032164899722,Maintenance,Rainy,0,2023-09-26
OUT4627,South,37.336448759409116,Weather,Rainy,1,2023-06-20
OUT1927,South,13.341551789523223,Maintenance,Stormy,1,2023-08-03
OUT8969,North,28.332139717407557,Hardware Failure,Cloudy,0,2023-05-26
OUT1258,North,21.88482106036285,Maintenance,Sunny,1,2023-09-16
OUT7971,West,43.81086393675512,Hardware Failure,Cloudy,1,2023-02-16
OUT2181,North,7.84225676681586,Hardware Failure,Rainy,0,2023-10-26
OUT4405,West,47.328560600446,Weather,Stormy,1,2023-05-02
OUT1072,West,37.23319339708801,Weather,Stormy,1,2023-01-31
OUT7055,South,36.36547994583147,Unknown,Stormy,1,2023-05-09
OUT8002,North,34.951301808301785,Hardware Failure,Sunny,0,2023-07-03
OUT3594,South,21.50538854009769,Weather,Sunny,0,2023-04-22
OUT8266,West,21.855101217140668,Unknown,Cloudy,0,2023-05-07
OUT3912,East,13.188720557149251,Hardware Failure,Stormy,0,2023-11-30
OUT2154,West,5.083014666868097,Unknown,Cloudy,0,2023-11-04
OUT8154,South,27.241338585675436,Unknown,Stormy,1,2023-01-01
OUT6316,East,46.66140637004275,Maintenance,Sunny,0,2023-09-25
OUT3504,West,20.412794794451507,Maintenance,Rainy,1,2023-02-07
OUT7896,West,28.789093707765456,Weather,Stormy,1,2023-06-09
OUT2939,West,41.19077694779409,Unknown,Rainy,0,2023-01-20
OUT2738,North,46.91774865292717,Hardware Failure,Stormy,1,2023-10-07
OUT8342,West,42.02558888522279,Hardware Failure,Cloudy,0,2023-12-25
OUT6035,East,42.87978456385048,Unknown,Cloudy,0,2023-02-16
OUT1249,West,14.797090397560206,Unknown,Cloudy,0,2023-08-02
OUT3648,West,46.21773119227983,Hardware Failure,Rainy,0,2023-07-01
OUT9491,South,41.986574921943806,Maintenance,Cloudy,1,2023-06-24
OUT4499,East,0.8215918851567987,Unknown,Rainy,0,2023-02-22
OUT2870,South,0.6690392401701685,Unknown,Sunny,0,2023-07-23
OUT4746,South,36.00204885992245,Maintenance,Cloudy,0,2023-07-26
OUT6198,South,5.1165129325955085,Weather,Sunny,1,2023-12-28
OUT6086,North,36.14477800258297,Weather,Cloudy,1,2023-08-26
OUT4618,South,16.26983898691958,Unknown,Rainy,0,2023-04-23
OUT7044,North,16.712213777084738,Weather,Stormy,0,2023-02-27
OUT5461,East,34.8954146203912,Hardware Failure,Sunny,1,2023-11-22
OUT4485,South,25.633820811723343,Weather,Rainy,0,2023-09-27
OUT1312,East,43.39237504077913,Weather,Cloudy,1,2023-08-09
OUT8073,East,28.338053044395135,Weather,Stormy,0,2023-05-31
OUT9759,North,12.995032271563826,Hardware Failure,Stormy,0,2023-05-07
OUT9951,North,26.371701753377316,Unknown,Rainy,1,2023-04-28
OUT9799,North,14.74964607655354,Unknown,Stormy,1,2023-05-19
OUT9530,West,47.5851660451805,Maintenance,Stormy,1,2023-05-18
OUT4816,South,42.0265156180132,Unknown,Cloudy,0,2023-07-23
OUT1610,North,11.720789026090603,Maintenance,Cloudy,0,2023-02-05
OUT6206,West,21.535248054098602,Maintenance,Rainy,0,2023-12-19
OUT7289,East,35.91080708795051,Weather,Stormy,0,2023-03-13
OUT9098,East,13.957649531354946,Unknown,Stormy,0,2023-10-24
OUT7893,North,20.435991639955752,Unknown,Stormy,1,2023-04-21
OUT6935,East,5.982159042700701,Unknown,Stormy,0,2023-11-27
OUT7126,West,7.625440045667702,Unknown,Cloudy,0,2023-06-16
OUT4275,South,8.735906373072009,Maintenance,Rainy,1,2023-12-24
OUT6668,North,10.220871535505394,Weather,Rainy,1,2023-10-26
OUT1574,East,5.398334445559061,Hardware Failure,Cloudy,1,2023-01-18
OUT5592,North,43.153332009937195,Unknown,Cloudy,0,2023-04-12
OUT6468,South,0.7829499167749638,Hardware Failure,Cloudy,1,2023-02-25
OUT6777,South,14.177966701885072,Maintenance,Stormy,1,2023-10-27
OUT1803,North,24.828566341794797,Weather,Cloudy,1,2023-06-03
OUT7538,South,9.034042578566178,Maintenance,Stormy,0,2023-01-03
OUT7598,West,33.002790919769524,Unknown,Stormy,0,2023-09-02
OUT5711,East,7.1051698357489865,Hardware Failure,Rainy,0,2023-10-30
OUT1727,North,25.643334519390713,Weather,Stormy,0,2023-11-22
OUT5672,North,29.54250371986783,Hardware Failure,Rainy,1,2023-05-22
OUT1388,South,1.1733950221763576,Weather,Cloudy,1,2023-03-29
OUT4909,South,36.18900023739089,Maintenance,Sunny,1,2023-08-01
OUT8606,North,30.338560598532936,Weather,Stormy,0,2023-12-14
OUT2955,North,4.973132274640845,Maintenance,Stormy,0,2023-01-19
OUT9324,East,5.3506872715568035,Weather,Sunny,1,2023-01-15
OUT9278,North,23.49529522062534,Unknown,Stormy,1,2023-02-24
OUT9459,West,45.08081518369419,Maintenance,Rainy,0,2023-10-12
OUT7761,West,10.884672862876029,Hardware Failure,Cloudy,0,2023-12-21
OUT8672,East,14.866304547768884,Unknown,Sunny,0,2023-08-08
OUT8048,West,11.534692798750708,Maintenance,Sunny,0,2023-09-11
OUT9091,West,29.053860632447492,Unknown,Sunny,1,2023-08-24
OUT4462,West,7.503693739866747,Weather,Cloudy,1,2023-07-28
OUT3234,South,7.169338932995779,Maintenance,Rainy,0,2023-12-29
OUT7774,East,41.91752255222933,Unknown,Stormy,0,2023-10-10
OUT6788,East,10.856183252776276,Hardware Failure,Rainy,0,2023-11-20
OUT6720,West,7.5514430299080635,Hardware Failure,Stormy,1,2023-12-14
OUT7429,South,22.04544940489612,Weather,Stormy,1,2023-06-25
OUT6952,West,28.761835962426566,Unknown,Rainy,1,2023-06-17
OUT6852,West,19.150646711333604,Maintenance,Rainy,1,2023-11-13
OUT7894,West,35.97698752074781,Hardware Failure,Sunny,1,2023-07-05
OUT5120,South,3.0594754394441273,Hardware Failure,Cloudy,1,2023-04-28
OUT4141,West,11.007078710294408,Weather,Cloudy,0,2023-03-10
OUT2992,North,26.8916893651367,Maintenance,Rainy,1,2023-04-27
OUT1415,West,40.6681897863594,Weather,Sunny,1,2023-06-23
OUT4450,North,39.82795303309381,Maintenance,Cloudy,0,2023-11-30
OUT2154,South,34.875194611128926,Unknown,Sunny,1,2023-07-28
OUT9268,West,42.497736265959105,Maintenance,Rainy,1,2023-01-30
OUT3945,South,31.90645487858001,Weather,Sunny,1,2023-03-22
OUT9690,East,3.202124134539857,Hardware Failure,Rainy,0,2023-02-05
OUT2317,North,30.85535517369675,Hardware Failure,Sunny,1,2023-10-24
OUT7605,West,35.76730709253501,Maintenance,Rainy,0,2023-10-22
OUT9523,South,41.411472801721814,Hardware Failure,Sunny,0,2023-11-29
OUT4731,East,34.355150211462465,Unknown,Cloudy,1,2023-07-27
OUT2863,West,39.40948787677356,Maintenance,Stormy,0,2023-01-30
OUT7294,West,20.904306092653876,Maintenance,Sunny,1,2023-03-12
OUT1171,North,16.518171572777636,Weather,Sunny,1,2023-09-23
OUT4106,North,34.36794846373224,Maintenance,Stormy,0,2023-05-11
OUT4683,North,9.85995725559251,Unknown,Sunny,1,2023-08-01
OUT4708,East,15.407122251737123,Weather,Rainy,0,2023-03-10
OUT2559,West,20.899146727236346,Hardware Failure,Rainy,0,2023-09-20
OUT1296,East,43.094707582220785,Maintenance,Rainy,1,2023-02-09
OUT7695,North,28.941161387746348,Maintenance,Sunny,1,2023-06-29
OUT9292,West,6.218893483499238,Hardware Failure,Stormy,1,2023-11-01
OUT5344,West,47.344966695357336,Hardware Failure,Rainy,1,2023-04-12
OUT4766,East,10.67622741318838,Unknown,Sunny,0,2023-12-11
OUT3203,West,40.5798441858261,Weather,Stormy,1,2023-04-08
OUT8305,East,23.79296749364481,Hardware Failure,Stormy,1,2023-03-20
OUT2673,East,11.797952147225178,Hardware Failure,Stormy,0,2023-06-15
OUT6695,East,17.154744479689043,Unknown,Cloudy,0,2023-07-16
OUT8762,South,28.327100901972443,Hardware Failure,Stormy,0,2023-06-07
OUT1665,West,22.889939652508026,Weather,Cloudy,0,2023-03-13
OUT1221,South,6.4757773364601565,Unknown,Stormy,0,2023-06-28
OUT6953,East,12.103788688459906,Weather,Sunny,1,2023-08-29
OUT2274,North,28.37437376934961,Unknown,Stormy,0,2023-06-20
OUT7864,South,45.122580371917195,Weather,Stormy,0,2023-11-30
OUT1136,West,24.42677061516053,Unknown,Stormy,1,2023-01-17
OUT9019,West,47.011988380699975,Unknown,Rainy,0,2023-01-20
OUT7435,North,9.501176169174027,Weather,Stormy,0,2023-08-01
OUT4854,North,10.537748286268268,Weather,Rainy,1,2023-06-17
OUT6323,East,17.26897482061418,Weather,Cloudy,0,2023-06-13
OUT4924,West,33.04291192279618,Unknown,Cloudy,0,2023-01-31
OUT2769,North,3.082022932529041,Hardware Failure,Sunny,0,2023-11-18
OUT2939,East,4.578071268998774,Weather,Rainy,0,2023-06-04
OUT5473,North,3.825879218884719,Unknown,Cloudy,1,2023-11-06
OUT9712,North,37.21924728892877,Maintenance,Stormy,0,2023-11-30
OUT2363,West,25.281567324059765,Weather,Cloudy,1,2023-04-28
OUT8674,East,45.53049476839465,Hardware Failure,Cloudy,1,2023-08-23
OUT3248,South,15.776902422861147,Hardware Failure,Sunny,0,2023-09-03
OUT3391,West,23.768425959046837,Weather,Sunny,1,2023-11-08
OUT9766,East,27.25471761841985,Maintenance,Sunny,1,2023-04-17
OUT6969,North,45.983949613330424,Weather,Stormy,1,2023-07-24
OUT6301,North,6.83755595041673,Maintenance,Rainy,0,2023-06-21
OUT2231,South,11.811533978709177,Unknown,Sunny,1,2023-03-22
OUT8254,East,29.088604318870317,Maintenance,Cloudy,0,2023-01-04
OUT2209,East,45.23336555295682,Unknown,Sunny,0,2023-08-20
OUT8222,South,14.648125986467091,Unknown,Cloudy,1,2023-03-11
OUT3146,North,17.462336516867826,Weather,Cloudy,0,2023-07-18
OUT9668,East,7.852574958797388,Weather,Sunny,1,2023-01-16
OUT8490,East,36.81965442196119,Maintenance,Stormy,1,2023-11-24
OUT8052,South,46.33321865918632,Hardware Failure,Sunny,1,2023-09-23
OUT3817,East,9.235862126818466,Unknown,Cloudy,1,2023-08-06
OUT5881,South,10.119919389012242,Hardware Failure,Sunny,1,2023-07-17
OUT8306,North,43.62862082497607,Unknown,Sunny,0,2023-10-27
OUT2404,East,35.6964844748663,Unknown,Rainy,1,2023-11-17
OUT8430,West,25.183874526676437,Hardware Failure,Rainy,0,2023-02-23
OUT8040,East,35.27426088888709,Unknown,Stormy,0,2023-10-17
OUT3531,East,45.513170230645606,Hardware Failure,Rainy,0,2023-09-24
OUT4507,West,5.474994382330873,Maintenance,Sunny,0,2023-10-07
OUT5007,East,5.774653438354059,Weather,Sunny,1,2023-01-01
OUT9064,East,1.8049199757255239,Hardware Failure,Rainy,0,2023-08-24
OUT7558,North,8.120635015956754,Maintenance,Sunny,1,2023-05-24
OUT6831,North,26.13318666577588,Unknown,Sunny,1,2023-02-11
OUT9185,West,23.560059290382224,Maintenance,Cloudy,0,2023-05-12
OUT1807,South,46.97551473750446,Maintenance,Rainy,0,2023-07-23
OUT4026,West,39.27326294330555,Hardware Failure,Rainy,1,2023-05-27
OUT9328,East,37.47765752268111,Hardware Failure,Cloudy,1,2023-01-19
OUT7584,East,30.01322708243,Maintenance,Cloudy,0,2023-12-05
OUT8441,North,32.36242461052899,Maintenance,Cloudy,1,2023-08-11
OUT7076,South,14.05323879202445,Weather,Cloudy,0,2023-09-03
OUT8365,North,8.702899043318467,Hardware Failure,Cloudy,0,2023-05-19
OUT6500,East,15.152106521238855,Unknown,Rainy,0,2023-05-23
OUT9208,South,21.82660671806173,Maintenance,Cloudy,1,2023-07-13
OUT8315,North,24.530947053970902,Hardware Failure,Stormy,1,2023-03-26
OUT9810,South,41.58787447773912,Weather,Rainy,0,2023-10-16
OUT5476,East,19.981924415061904,Maintenance,Sunny,0,2023-10-31
OUT8962,North,43.4012614610037,Unknown,Stormy,0,2023-11-29
OUT6794,West,22.23878448291349,Unknown,Stormy,0,2023-02-27
OUT7600,East,2.4629729034837298,Hardware Failure,Sunny,0,2023-04-28
OUT4510,East,44.05829883752235,Weather,Rainy,0,2023-03-23
OUT4357,North,16.002998460221033,Hardware Failure,Cloudy,0,2023-06-05
OUT9721,West,45.819265879590745,Weather,Sunny,1,2023-07-19
OUT8032,West,7.510645466007228,Unknown,Stormy,1,2023-06-13
OUT7334,South,15.619247807676613,Unknown,Stormy,0,2023-02-11
OUT7533,East,38.594131176146796,Unknown,Stormy,1,2023-06-24
OUT9508,South,41.69539227441765,Maintenance,Rainy,1,2023-08-11
OUT7680,East,38.376783198995874,Weather,Sunny,1,2023-12-05
OUT2576,West,7.582643342102863,Maintenance,Stormy,1,2023-12-12
OUT4655,South,26.273414549318545,Maintenance,Stormy,1,2023-12-26
OUT8712,West,17.32100963779283,Weather,Cloudy,1,2023-11-28
OUT7715,East,45.41401035950125,Weather,Sunny,1,2023-02-19
OUT5227,West,33.738498975693894,Unknown,Rainy,0,2023-01-20
OUT9042,South,7.008379888090177,Unknown,Rainy,1,2023-08-22
OUT2037,West,15.198152048898924,Maintenance,Sunny,1,2023-01-18
OUT5094,West,2.500638585908759,Weather,Sunny,0,2023-11-16
OUT5117,South,40.69032338425182,Maintenance,Stormy,0,2023-02-19
OUT3490,West,20.65226758882294,Maintenance,Stormy,0,2023-02-01
OUT5468,North,3.937961125393902,Hardware Failure,Rainy,1,2023-07-09
OUT6866,North,36.786771916843975,Hardware Failure,Rainy,1,2023-11-21
OUT9625,East,42.349733309180664,Unknown,Rainy,0,2023-01-09
OUT9231,East,30.49988098290727,Hardware Failure,Sunny,0,2023-12-29
OUT7036,South,14.353152679262625,Maintenance,Rainy,1,2023-04-30
OUT3349,North,2.157907217271062,Maintenance,Cloudy,1,2023-07-02
OUT5729,North,14.943208027343164,Unknown,Stormy,1,2023-11-05
OUT4709,North,30.809090278736864,Hardware Failure,Stormy,0,2023-04-16
OUT4051,South,34.046539158523984,Maintenance,Stormy,0,2023-07-28
OUT6545,North,41.0493101661112,Unknown,Stormy,0,2023-12-10
OUT9316,West,28.300674695694852,Weather,Sunny,1,2023-03-26
OUT4549,West,0.7458668043430284,Maintenance,Cloudy,1,2023-03-16
OUT3899,North,37.37734358215957,Maintenance,Rainy,0,2023-09-20
OUT7093,South,9.563517266214443,Weather,Rainy,1,2023-09-03
OUT9540,North,39.04377376711608,Hardware Failure,Stormy,0,2023-04-30
OUT8541,West,17.551617227863684,Weather,Stormy,1,2023-05-22
OUT6717,South,3.984222548349406,Unknown,Sunny,1,2023-04-28
OUT3086,East,46.737729723953635,Hardware Failure,Rainy,1,2023-09-27
OUT9389,North,45.758830592405516,Maintenance,Cloudy,1,2023-06-03
OUT7863,North,15.394264556465398,Maintenance,Rainy,0,2023-08-20
OUT9370,West,28.35147861926719,Weather,Stormy,0,2023-03-28
OUT2895,South,3.4847373549369154,Maintenance,Rainy,1,2023-01-10
OUT7573,North,23.30401652821438,Unknown,Stormy,1,2023-04-23
OUT1383,West,32.94552395782305,Weather,Rainy,1,2023-09-29
OUT6148,North,41.609032010434554,Weather,Cloudy,0,2023-11-21
OUT4264,North,39.44638251601173,Hardware Failure,Sunny,1,2023-03-28
OUT7444,West,5.89221902607969,Hardware Failure,Rainy,1,2023-01-19
OUT6795,East,7.732506290838948,Weather,Cloudy,0,2023-05-05
OUT3399,West,28.01234532644486,Weather,Stormy,0,2023-01-29
OUT7789,South,37.675470429291046,Weather,Sunny,0,2023-10-25
OUT6253,South,36.42343441159236,Hardware Failure,Stormy,1,2023-10-03
OUT4557,East,6.072761032883323,Weather,Rainy,0,2023-05-15
OUT1943,East,32.84654656100413,Weather,Cloudy,1,2023-05-22
OUT7699,West,21.223403227983496,Maintenance,Sunny,1,2023-03-07
OUT4014,South,4.117411898402654,Maintenance,Sunny,0,2023-07-15
OUT5257,South,42.123688981862735,Hardware Failure,Cloudy,1,2023-08-15
OUT8066,East,44.07966977331882,Maintenance,Rainy,0,2023-04-19
OUT3420,East,5.371051003443107,Weather,Stormy,0,2023-11-14
OUT4156,West,2.9874622196228335,Unknown,Sunny,0,2023-12-04
OUT3423,East,5.0305616379139835,Weather,Rainy,0,2023-11-26
OUT1634,East,21.78875497687374,Maintenance,Rainy,0,2023-02-20
OUT2500,North,20.99361771767427,Weather,Stormy,1,2023-01-01
OUT4099,South,1.1572867562599125,Hardware Failure,Stormy,1,2023-03-20
OUT9965,North,21.58521053788723,Unknown,Stormy,1,2023-09-22
OUT7685,South,24.131632295682593,Unknown,Stormy,1,2023-05-04
OUT8704,North,5.237507007633126,Hardware Failure,Cloudy,0,2023-04-06
OUT4479,South,0.9368726767284816,Unknown,Cloudy,0,2023-11-12
OUT7162,East,34.58071171140878,Maintenance,Sunny,0,2023-12-18
OUT5964,South,21.946685182525787,Maintenance,Sunny,1,2023-11-03
OUT4873,East,38.69935012606326,Hardware Failure,Stormy,0,2023-08-01
OUT1291,East,4.200480526415682,Hardware Failure,Rainy,0,2023-10-04
OUT5844,South,44.66427562151213,Unknown,Cloudy,1,2023-01-01
OUT3522,East,27.44104487191739,Hardware Failure,Sunny,0,2023-05-18
OUT4525,North,3.2928596212203924,Weather,Stormy,0,2023-08-03
OUT8850,South,9.1833730316661,Unknown,Cloudy,0,2023-02-15
OUT2704,South,29.090658200497735,Unknown,Rainy,0,2023-08-16
OUT8199,West,45.50601735730631,Weather,Cloudy,0,2023-11-11
OUT2139,South,39.125720697322514,Hardware Failure,Sunny,0,2023-06-05
OUT7323,East,45.467843535858385,Weather,Stormy,0,2023-12-24
OUT3319,East,10.480525322476788,Weather,Rainy,0,2023-11-28
OUT9502,East,22.294855072216404,Weather,Stormy,0,2023-11-24
OUT6099,East,18.190030124638504,Unknown,Cloudy,1,2023-02-19
OUT2300,East,2.603077950085343,Hardware Failure,Stormy,0,2023-11-09
OUT2778,East,38.31485091448924,Hardware Failure,Stormy,0,2023-10-22
OUT7117,East,23.85790809822758,Hardware Failure,Rainy,1,2023-06-01
OUT3486,North,32.77079385816434,Unknown,Rainy,0,2023-06-19
OUT8265,East,30.533755007955833,Weather,Stormy,0,2023-09-04
OUT4330,North,38.117004013615706,Unknown,Cloudy,0,2023-10-16
OUT9095,West,18.812085173336985,Unknown,Sunny,0,2023-07-10
OUT9441,East,35.53835168520105,Hardware Failure,Rainy,0,2023-09-19
OUT5733,East,25.176308424726088,Hardware Failure,Stormy,0,2023-07-30
OUT6446,West,26.961818577541013,Weather,Sunny,0,2023-12-10
OUT8305,South,45.344570525836446,Hardware Failure,Rainy,1,2023-10-06
OUT5551,South,45.108638415597575,Hardware Failure,Rainy,1,2023-05-19
OUT6940,West,20.9552548565772,Maintenance,Cloudy,1,2023-11-23
OUT1737,North,47.981289263455736,Maintenance,Cloudy,1,2023-06-07
OUT4298,East,20.58879629440001,Unknown,Sunny,0,2023-10-05
OUT3177,South,9.040985565462991,Unknown,Cloudy,0,2023-05-07
OUT7732,West,20.869440088128577,Unknown,Rainy,0,2023-09-19
OUT9623,South,45.99865898090767,Weather,Stormy,1,2023-05-11
OUT7354,East,12.712392215893596,Maintenance,Sunny,1,2023-06-13
OUT5080,East,35.952172748225735,Maintenance,Cloudy,0,2023-11-30
OUT2607,South,1.4123619484355185,Maintenance,Sunny,0,2023-02-06
OUT7358,North,16.63809340117121,Weather,Cloudy,0,2023-07-17
OUT9450,North,28.839481211708616,Maintenance,Sunny,1,2023-08-26
OUT1821,East,19.844340207441682,Hardware Failure,Cloudy,1,2023-06-23
OUT3820,South,18.903190883473144,Weather,Cloudy,1,2023-05-16
OUT5041,West,35.31408239150464,Unknown,Sunny,0,2023-12-03
OUT5118,South,22.2897154066441,Unknown,Stormy,1,2023-06-21
OUT5425,North,28.80212751137573,Hardware Failure,Cloudy,1,2023-02-15
OUT5115,East,10.421376464773074,Unknown,Rainy,1,2023-05-18
OUT1161,North,43.26373460753589,Weather,Rainy,1,2023-06-10
OUT9005,North,1.835339153824666,Weather,Rainy,0,2023-12-15
OUT6300,East,13.894920481738422,Weather,Rainy,0,2023-06-15
OUT3253,South,30.38281104684426,Unknown,Rainy,0,2023-01-11
OUT3103,East,28.160337892091125,Weather,Cloudy,1,2023-03-16
OUT3913,East,33.171975420263976,Unknown,Rainy,1,2023-02-28
OUT6747,East,12.856390970115765,Weather,Rainy,0,2023-05-22
OUT5380,South,23.626256156715748,Hardware Failure,Cloudy,1,2023-02-12
OUT2845,South,5.088421619575182,Unknown,Cloudy,1,2023-01-06
OUT6541,North,28.32181476472862,Unknown,Cloudy,0,2023-05-26
OUT5029,East,4.670380871298423,Maintenance,Rainy,0,2023-05-05
OUT5230,South,7.927306555180323,Hardware Failure,Stormy,0,2023-08-01
OUT1859,North,23.82789711577981,Weather,Rainy,0,2023-05-04
OUT6482,South,3.849077672061535,Maintenance,Cloudy,1,2023-05-18
OUT1619,East,26.856483226093385,Unknown,Sunny,0,2023-08-29
OUT3016,West,34.06891822525499,Unknown,Rainy,1,2023-11-28
OUT1914,West,1.9767160638305201,Weather,Rainy,1,2023-09-05
OUT9778,North,24.719569214761425,Maintenance,Sunny,1,2023-06-19
OUT2946,South,18.2358110850401,Hardware Failure,Stormy,0,2023-07-18
OUT1881,West,14.878352690749837,Hardware Failure,Stormy,0,2023-11-21
OUT3398,East,45.50371455697894,Unknown,Rainy,1,2023-04-25
OUT1302,West,18.14611004751706,Hardware Failure,Sunny,0,2023-11-30
OUT9743,North,9.867063512940408,Hardware Failure,Rainy,1,2023-12-27
OUT3162,East,26.03579900710969,Unknown,Cloudy,0,2023-04-02
OUT2956,West,20.33711250965638,Weather,Rainy,1,2023-11-15
OUT2652,South,25.436528287203227,Hardware Failure,Stormy,1,2023-08-14
OUT4276,West,6.808316187498215,Hardware Failure,Rainy,1,2023-09-29
OUT9283,South,36.22813304080685,Hardware Failure,Stormy,1,2023-03-05
OUT7706,North,11.362126188768626,Maintenance,Stormy,0,2023-09-01
OUT6389,East,9.261943211441517,Weather,Rainy,1,2023-04-16
OUT8067,South,44.25203204193981,Maintenance,Sunny,0,2023-08-06
OUT6078,East,34.308818151279596,Hardware Failure,Cloudy,1,2023-10-13
OUT3377,East,11.021096512538291,Hardware Failure,Cloudy,0,2023-09-30
OUT3384,East,23.508974298746516,Hardware Failure,Sunny,1,2023-11-23
OUT7595,North,23.784781484237307,Unknown,Cloudy,1,2023-12-14
OUT1125,East,42.79766086792277,Hardware Failure,Cloudy,1,2023-11-15
OUT3589,South,46.3106202973356,Unknown,Sunny,0,2023-04-18
OUT6207,West,0.9244595092468395,Hardware Failure,Rainy,1,2023-09-04
OUT1082,West,18.90207921605531,Hardware Failure,Cloudy,0,2023-06-15
OUT5198,North,2.153466846989762,Hardware Failure,Sunny,0,2023-05-18
OUT4313,North,9.261327375297386,Maintenance,Cloudy,1,2023-01-08
OUT8082,West,35.246749530300434,Maintenance,Rainy,1,2023-09-25
OUT4991,East,42.741550082721155,Weather,Cloudy,0,2023-11-19
OUT3305,South,39.585743400599355,Weather,Stormy,0,2023-07-25
OUT2883,North,28.186977428071096,Hardware Failure,Sunny,1,2023-03-09
OUT3298,West,44.284314502207835,Unknown,Rainy,1,2023-08-29
OUT3988,South,19.959571613347887,Weather,Stormy,1,2023-01-07
OUT4020,North,29.821090722717535,Maintenance,Cloudy,0,2023-01-26
OUT9775,West,0.8080810867395403,Hardware Failure,Rainy,1,2023-12-20
OUT2820,North,9.380389765170234,Maintenance,Stormy,1,2023-05-28
OUT1829,South,12.26339648846038,Unknown,Rainy,0,2023-01-11
OUT3205,South,3.4604616218889825,Hardware Failure,Cloudy,1,2023-10-01
OUT7318,North,10.089306193427195,Unknown,Cloudy,0,2023-05-12
OUT3306,North,18.96939615528249,Maintenance,Sunny,0,2023-10-20
OUT4988,South,32.14770470936779,Hardware Failure,Rainy,1,2023-07-23
OUT4942,South,6.660298849230659,Hardware Failure,Rainy,1,2023-06-04
OUT4705,North,18.46125511493032,Hardware Failure,Cloudy,0,2023-10-06
OUT9502,South,4.258204469508291,Hardware Failure,Stormy,1,2023-02-19
OUT5623,South,35.059169085320484,Maintenance,Cloudy,1,2023-10-29
OUT4078,South,19.800545435071413,Unknown,Cloudy,0,2023-12-23
OUT7082,West,44.73433006701971,Maintenance,Sunny,0,2023-11-06
OUT1492,West,7.304488878061151,Hardware Failure,Cloudy,0,2023-10-16
OUT9734,South,22.98655200425426,Hardware Failure,Rainy,1,2023-02-09
OUT1024,West,9.032754715239413,Maintenance,Cloudy,0,2023-05-25
OUT7759,North,28.92798507344046,Hardware Failure,Sunny,1,2023-04-15
OUT8818,West,45.46698086915287,Maintenance,Stormy,1,2023-01-25
OUT2758,West,30.364988661466867,Unknown,Cloudy,0,2023-08-15
OUT2240,North,5.907311847410518,Unknown,Sunny,1,2023-12-13
OUT9727,East,14.533021455142862,Weather,Sunny,1,2023-01-31
OUT9946,South,47.29554499421996,Weather,Rainy,1,2023-04-13
OUT1294,South,46.95731568951174,Weather,Stormy,1,2023-11-13
OUT1422,East,24.555267943951993,Hardware Failure,Sunny,1,2023-11-26
OUT8972,East,40.47451450376905,Hardware Failure,Cloudy,0,2023-10-17
OUT7118,North,9.83756082517726,Unknown,Rainy,1,2023-11-22
OUT2283,East,31.840141505584302,Weather,Stormy,1,2023-04-09
OUT4421,West,26.47934557162996,Hardware Failure,Cloudy,1,2023-07-05
OUT2859,West,27.328646656698687,Maintenance,Rainy,1,2023-09-30
OUT1804,East,47.80230799665673,Weather,Stormy,1,2023-12-07
OUT2225,East,31.980375927286293,Hardware Failure,Sunny,0,2023-07-02
OUT4656,South,36.50613702511205,Hardware Failure,Stormy,1,2023-07-24
OUT5964,South,40.98061753385605,Hardware Failure,Cloudy,1,2023-09-10
OUT3413,East,47.10381355212292,Hardware Failure,Rainy,0,2023-08-11
OUT8933,West,31.446630732081022,Maintenance,Cloudy,0,2023-05-04
OUT6521,West,2.2565821452982107,Unknown,Cloudy,1,2023-10-09
OUT4511,East,43.09606489717607,Hardware Failure,Sunny,0,2023-03-03
OUT7819,West,13.955778712186778,Maintenance,Rainy,1,2023-07-16
OUT4265,South,42.27697157635358,Weather,Rainy,1,2023-02-14
OUT1673,East,28.00136751382584,Unknown,Sunny,1,2023-05-13
OUT9216,North,3.9853394123637376,Weather,Cloudy,0,2023-06-01
OUT3068,East,25.649668567109586,Weather,Sunny,0,2023-07-11
OUT1549,West,2.212763679690533,Hardware Failure,Rainy,0,2023-12-16
OUT7959,North,8.399660827419773,Maintenance,Rainy,1,2023-11-07
OUT4385,West,36.129532455559215,Unknown,Cloudy,1,2023-11-15
OUT8832,South,39.426089338185974,Hardware Failure,Rainy,1,2023-10-26
OUT7080,South,3.010383316096367,Hardware Failure,Cloudy,0,2023-11-20
OUT3647,East,29.329236080918445,Unknown,Rainy,0,2023-02-24
OUT8874,South,46.492042730887135,Weather,Cloudy,0,2023-04-14
OUT5954,South,19.67682077002763,Hardware Failure,Cloudy,1,2023-01-27
OUT3468,South,11.513828040100071,Maintenance,Stormy,1,2023-09-10
OUT7031,East,17.7281156430785,Weather,Stormy,0,2023-08-03
OUT8890,East,0.688817556356041,Unknown,Cloudy,0,2023-05-19
OUT5161,South,40.371974040851825,Maintenance,Cloudy,1,2023-03-14
OUT6751,South,41.189634074089106,Weather,Rainy,0,2023-04-03
OUT6697,South,39.13236177851155,Hardware Failure,Stormy,1,2023-06-08
OUT7943,West,14.748666296059247,Unknown,Sunny,1,2023-06-17
OUT7966,North,1.061719264805226,Weather,Stormy,0,2023-09-07
OUT1323,South,11.467322229327012,Maintenance,Stormy,1,2023-01-07
OUT2555,West,2.9476783461768363,Maintenance,Stormy,0,2023-11-22
OUT5751,West,32.16941829287583,Maintenance,Stormy,0,2023-01-15
OUT1123,West,37.354776177803046,Weather,Rainy,0,2023-07-21
OUT9202,North,28.564092096755193,Unknown,Sunny,1,2023-05-08
OUT5365,South,12.161841170754329,Hardware Failure,Rainy,1,2023-07-13
OUT1267,North,22.764952267819563,Unknown,Stormy,0,2023-05-28
OUT4011,West,2.8765673682394968,Hardware Failure,Cloudy,1,2023-06-02
OUT1477,East,17.40700313721088,Weather,Rainy,1,2023-03-10
OUT7736,West,25.88695456988891,Unknown,Stormy,1,2023-04-16
OUT5531,North,6.523383180849198,Weather,Cloudy,0,2023-01-20
OUT8949,West,31.388667436167005,Unknown,Cloudy,1,2023-06-10
OUT5115,North,35.22434518526974,Unknown,Rainy,1,2023-11-05
OUT4276,South,39.985942596188586,Maintenance,Cloudy,1,2023-10-10
OUT4352,North,22.09578643915248,Hardware Failure,Stormy,0,2023-07-07
OUT3815,East,13.544972986041177,Maintenance,Cloudy,1,2023-03-22
OUT6639,East,13.161415145810725,Weather,Rainy,0,2023-01-10
OUT1755,South,14.862705319796694,Maintenance,Stormy,0,2023-04-25
OUT9751,North,31.198809335653845,Maintenance,Sunny,0,2023-12-13
OUT9082,West,27.20225176501318,Weather,Cloudy,0,2023-04-08
OUT1572,East,21.81298289358857,Maintenance,Rainy,0,2023-07-09
OUT3839,East,21.823733260379285,Maintenance,Sunny,0,2023-01-14
OUT4119,North,4.515085559923547,Hardware Failure,Sunny,1,2023-11-06
OUT3160,West,22.112501059551036,Unknown,Cloudy,0,2023-10-26
OUT3348,South,26.5888709708208,Unknown,Rainy,0,2023-05-04
OUT5512,North,44.68355149651119,Maintenance,Rainy,0,2023-08-09
OUT4830,East,25.367656366844624,Unknown,Sunny,0,2023-04-29
OUT6051,East,10.002295990280706,Hardware Failure,Stormy,1,2023-10-24
OUT8354,South,36.59610663869392,Maintenance,Rainy,1,2023-01-27
OUT6069,East,35.21720759380582,Weather,Cloudy,0,2023-01-17
OUT2332,West,3.282428484184543,Weather,Cloudy,1,2023-11-17
OUT5218,West,4.853069025787349,Weather,Rainy,1,2023-09-12
OUT3544,South,10.993013332954844,Unknown,Rainy,0,2023-08-04
OUT4918,South,14.22032308329995,Weather,Rainy,0,2023-02-08
OUT6107,North,30.949116650052286,Unknown,Rainy,0,2023-01-29
