customer_id,region,data_usage,data_limit,network_load,timestamp
CUST2896,North,241.8094295681442,280.7588401971585,244.16106412832252,2023-05-11
CUST7530,North,520.3440258828495,469.3093679799896,462.50840454471233,2023-01-25
CUST5787,East,749.3090032822549,283.82367891276806,231.48078743418657,2023-03-05
CUST2845,West,941.2267556449316,497.56337786260747,193.09911287034535,2023-07-11
CUST9174,West,732.6942621291887,262.7997893340468,390.2438552099248,2023-11-22
CUST3154,East,672.8041642097671,202.05195524545155,156.65488364652737,2023-07-30
CUST5286,West,500.8493892966176,308.25417257663526,210.10200358808032,2023-03-04
CUST8589,West,89.08692653454601,178.53972355323822,324.73191060353514,2023-02-07
CUST8509,North,623.8394533338598,311.2080166606428,353.9131935780242,2023-10-23
CUST8269,North,896.3917610752403,365.9431157314397,448.18094086620727,2023-11-09
CUST4282,South,742.9643864840343,365.34052175739095,419.21652000883523,2023-12-03
CUST7992,South,912.6522074756315,294.2121120246481,72.42598015390202,2023-05-16
CUST8257,East,932.269251212139,383.5042692343408,294.59212931477794,2023-05-10
CUST4382,West,476.8982372136786,393.7239034577456,288.3251491025162,2023-09-01
CUST9531,North,756.8152037700823,381.28951807504586,304.9049804739087,2023-12-22
CUST8137,East,377.35559345606964,490.2544676437237,313.64017615675095,2023-12-31
CUST4089,West,190.988714062394,195.64099068006567,250.05992887752618,2023-10-28
CUST8037,North,325.49051430619903,448.6020144893499,55.46231404330597,2023-08-19
CUST8052,East,649.9064529541912,340.0997465979128,396.69541714152103,2023-05-13
CUST1926,South,829.7298720869201,216.61965614002662,195.0517417618842,2023-12-17
CUST5838,East,60.07473673107967,286.6463366126749,261.0298561746745,2023-05-26
CUST9492,West,297.35146130058246,439.62893939176314,335.8768943509893,2023-06-14
CUST2515,West,230.34843326237709,294.72492413980154,354.3800282862649,2023-12-09
CUST4079,South,762.3001174909665,163.62821445863415,103.25942887260686,2023-01-06
CUST2100,North,975.6931081972322,406.04757974906244,379.1363508592371,2023-06-17
CUST4509,West,907.0202050730095,255.8772432024776,463.21281144793903,2023-12-22
CUST2417,North,96.73948102806955,183.20842254570118,474.81253659292156,2023-05-30
CUST4175,South,623.7470188389514,102.64404823854285,449.85106563882385,2023-01-25
CUST3119,North,29.73688408285852,421.5728978524013,128.96303632333846,2023-06-27
CUST5878,West,465.57820691530736,117.08727741324796,169.692534380678,2023-06-15
CUST6804,West,483.72116298425874,164.8128798333177,174.03415863338813,2023-01-26
CUST9689,West,31.64504749680533,335.1454122466094,158.65367093844145,2023-05-22
CUST8833,South,403.90412581654056,498.83215009045307,248.96464010316387,2023-06-08
CUST6482,West,886.4224032814705,451.92197747859353,391.489205384433,2023-10-18
CUST1944,East,471.77128679818867,283.06012402143256,86.59238320307509,2023-06-26
CUST5054,North,814.4766534825775,235.21121369182856,154.95220637187825,2023-06-30
CUST3301,East,652.2269814620104,256.18345626115774,285.22231817889826,2023-04-23
CUST3927,West,219.1173666599604,236.50188358855405,155.80542300580603,2023-05-20
CUST6803,East,331.08838125670275,234.97070625520578,405.261529338101,2023-03-18
CUST6483,South,616.2610406658681,299.59447268475253,416.89806169237664,2023-09-20
CUST8718,East,69.42166032075089,419.77469204813895,220.88748317699313,2023-03-15
CUST3817,East,962.9010283598926,370.72909075363265,247.4305798129602,2023-07-14
CUST1938,South,852.2096088042787,324.434271782711,84.11437226404905,2023-06-17
CUST4794,East,637.6858232138909,358.6267810846675,60.630563509643494,2023-05-11
CUST4832,South,705.7597122132578,101.77873729325722,69.95011068114906,2023-03-22
CUST6467,West,668.9259469311638,169.55336054425092,104.40556996914043,2023-03-29
CUST5383,South,311.56960977810724,111.34645034711808,460.3394567799145,2023-05-18
CUST4633,West,886.6263052789957,193.63541787543804,429.89800630058556,2023-10-29
CUST2412,South,55.35698321741436,352.36923686902355,466.79167089282765,2023-10-30
CUST7695,East,956.0336979216665,153.91798938738205,299.9074714086647,2023-08-05
CUST8228,East,715.0635367167451,197.9328784703131,350.7832420851983,2023-06-05
CUST8463,East,216.0978455274941,132.53549376579053,289.9194494488322,2023-06-16
CUST1509,East,245.91207959705116,150.26987230095932,443.82610085008776,2023-05-28
CUST5967,West,598.0721958916935,307.34754180855214,238.0402046905149,2023-03-01
CUST2259,West,542.7666501117158,120.75068368848662,370.8963227438005,2023-07-21
CUST6939,West,573.8472441128823,305.69873961388447,330.24026780841893,2023-08-24
CUST1059,East,805.5086590078264,446.06155660284014,404.03914900865215,2023-02-22
CUST6857,North,600.6636608875447,208.48096828154436,291.9436249385102,2023-06-02
CUST1382,East,678.0279631552183,147.1585418679813,57.139140462843116,2023-01-26
CUST2356,West,823.37490989701,150.3481999620648,197.2756514488919,2023-08-30
CUST3839,West,254.6753069198953,141.13446616458899,213.93368267558265,2023-12-09
CUST9621,East,612.8293685055672,355.13097769115404,55.35714139664087,2023-05-08
CUST7431,East,835.4042037113261,292.4102011207069,233.44227402858291,2023-07-26
CUST8414,West,853.4195485136947,102.92326528796832,450.819420994004,2023-03-17
CUST2656,South,342.71858165542955,417.54183495014524,399.04550735523264,2023-09-08
CUST5076,West,975.2546713446807,379.98596755456987,162.13276479207076,2023-05-21
CUST5508,West,169.98815193087694,332.17783812053943,466.54639134707423,2023-09-02
CUST3028,South,370.8815723940476,301.1378748303554,400.13973456272174,2023-12-11
CUST7595,North,348.04986161115374,251.13118168318803,215.954668950285,2023-08-16
CUST7022,South,820.044778874983,374.90329972018435,497.37834567530047,2023-09-12
CUST3681,South,926.6501767636012,153.84901388780685,189.92892125803075,2023-12-02
CUST6697,North,132.6756982555658,152.30038892538659,118.09689141267604,2023-03-13
CUST5114,North,60.85203120808138,421.56380829383585,290.9802332392096,2023-05-15
CUST2445,North,183.90129835654238,415.3660726074018,322.78046301736237,2023-12-23
CUST3272,North,113.13126197420856,427.18966943177765,240.63378188733085,2023-08-09
CUST4936,East,651.6059601009138,222.23615354278127,120.0677391942042,2023-11-27
CUST4434,South,14.396777560034954,129.05963045377686,84.48479195366758,2023-07-17
CUST3432,East,618.7784488594494,326.14894021042863,458.2234391386172,2023-11-22
CUST2224,East,521.7641103761514,233.80059155572775,271.5559572850327,2023-02-14
CUST6838,East,680.7467062432855,272.5855956989633,138.44093409538362,2023-03-28
CUST6771,South,669.7013565444025,435.6591516163842,415.9377677364669,2023-07-31
CUST7934,East,833.3438447833089,196.27086627434917,306.34660336167144,2023-05-11
CUST1332,East,497.46993055045704,152.49297318259153,416.2113616569594,2023-09-28
CUST9728,East,294.65677550845993,436.0835834560532,285.2622753897034,2023-02-18
CUST2073,East,560.652149993268,150.59684928059207,60.05372637331501,2023-06-24
CUST4893,East,664.5087977263647,139.49962486059965,324.576360844533,2023-10-04
CUST8561,South,118.6469704976773,180.69607366013201,331.0871661433392,2023-04-10
CUST4975,West,216.75677326822,121.2355829194661,135.49006499246002,2023-08-15
CUST2109,North,986.2665215370307,261.22643307414023,53.8230172022982,2023-02-09
CUST2084,South,631.1558393474892,276.45005278699955,345.67048093194876,2023-03-20
CUST5830,West,188.49567438017408,411.0416089247069,471.4418873891374,2023-03-19
CUST1008,West,276.4380769275111,192.36115883755093,464.1810673686859,2023-08-30
CUST4900,West,489.68335084679705,205.07249790552305,144.9526233213956,2023-12-14
CUST4671,East,462.70839747928414,201.02740351100215,316.5649202663264,2023-08-28
CUST4675,West,128.66100890990168,276.84856437704076,271.0917765422902,2023-03-23
CUST1352,North,415.93358000186055,442.43102916092005,256.1919400458639,2023-05-02
CUST4121,South,41.19426354481095,260.42755846273417,223.33379326995052,2023-12-27
CUST8892,North,787.1376515066232,272.48996142893805,336.99750421172416,2023-10-25
CUST3845,East,795.9313197688293,312.6670556438212,226.9367108964543,2023-08-15
CUST1390,North,844.9089576554244,440.6474454545681,315.63302856563354,2023-12-28
CUST5471,South,366.0477213213959,458.05882709611774,428.8455130753831,2023-12-19
CUST3801,North,370.84632867063783,265.4021999638667,320.6663617867241,2023-01-31
CUST9227,North,318.28924065749413,280.2274844779011,374.81515153326615,2023-12-20
CUST3303,West,786.3770684048135,372.9500143655032,439.1839965262155,2023-10-25
CUST4155,East,526.2330104987681,310.4029461207242,398.3710234403218,2023-08-27
CUST7226,North,570.6163542713716,285.1869960303193,156.5008948957879,2023-10-30
CUST7963,East,618.9794326365294,405.43071598322035,130.96109735270397,2023-09-29
CUST3216,West,79.7442750545954,467.1052087608041,93.64555025084414,2023-02-23
CUST9249,West,566.4199971441265,261.3927659036393,454.6699531872393,2023-10-30
CUST2209,North,521.751427713296,114.66524356616618,465.82623410029436,2023-04-17
CUST5753,North,907.6567898563618,100.33064101544471,297.87028775919396,2023-10-02
CUST7803,North,557.7545078091375,295.1997788275276,363.39546015712983,2023-08-05
CUST9392,East,40.61472325047738,456.1756090220128,106.32758423837299,2023-07-21
CUST8929,South,191.80937790250667,191.72604772083503,76.24519209474823,2023-02-05
CUST3062,North,597.1541086510483,386.0442881148873,299.30646968237915,2023-08-24
CUST8825,South,268.4988482810929,129.19116811270322,418.8349255899721,2023-05-29
CUST3064,East,932.0662328546169,192.50455165621918,162.4770483791756,2023-11-03
CUST1016,South,22.283646047528794,186.96389704832933,418.33998346740435,2023-08-23
CUST3548,West,656.7675400751702,458.1712101545091,446.72330994487214,2023-01-04
CUST3911,East,827.9419513211682,259.35439888816285,288.1825135125241,2023-03-25
CUST2925,West,3.1284622803288973,138.37921030558078,238.03820868173307,2023-10-22
CUST8101,South,614.1798388870261,302.01972078643166,272.6045966700435,2023-07-10
CUST4423,West,578.0380197120306,162.06410325547034,77.1442824815758,2023-07-05
CUST6626,South,268.03366101291107,149.43901373959466,197.32794547920008,2023-09-28
CUST5047,South,792.4293827143132,107.15781004497167,166.4617852808706,2023-07-18
CUST6313,West,961.3685139275906,105.91917158521822,377.001523391412,2023-08-07
CUST8670,West,1.6038207836586422,229.09374395321888,77.69641645981032,2023-03-04
CUST5110,North,408.93431996221784,107.80180625904485,240.9487630157153,2023-02-22
CUST5184,South,531.4602790352013,331.9563542742052,386.8922629521521,2023-04-26
CUST6842,West,38.684347227194664,150.40038864363868,161.8729976878381,2023-05-17
CUST8769,East,198.35978630746206,170.1117641519454,261.6406065891364,2023-11-27
CUST2012,North,658.269356191451,145.44871349377146,299.5508566994763,2023-12-09
CUST6449,East,466.3966440191861,329.85690629069035,485.3197701527518,2023-03-08
CUST9704,West,658.5443932603848,296.8528260878451,145.49191020251445,2023-05-26
CUST1747,East,271.7740516466111,448.08235101261687,344.81448713081477,2023-03-14
CUST6187,West,590.4294651727605,105.69770018788196,456.910785180976,2023-07-24
CUST5051,North,782.5569962826232,473.9898892861123,220.47649290150284,2023-05-20
CUST9912,West,412.99942302169495,112.28729073314123,126.62189221605475,2023-02-14
CUST4554,East,726.2676508109499,264.24907977113355,415.6775327834016,2023-10-14
CUST7873,North,618.8594874492205,230.31662570189985,434.92480419593306,2023-11-10
CUST7241,West,185.08892187344256,201.6554931900962,165.30186429315984,2023-07-16
CUST8459,East,566.1834850438447,485.62047448426927,87.9551948635254,2023-04-02
CUST8261,South,432.0379529674476,160.15639860748684,366.77826395666466,2023-04-04
CUST9660,East,322.35000941379343,139.81569158689246,222.20273997177173,2023-03-07
CUST6771,South,90.70070485933924,324.9503202915413,51.99731499882632,2023-06-06
CUST8534,West,776.3120000132337,256.69200228367856,324.58528531065537,2023-03-10
CUST4578,West,93.45302473965587,138.24323649364163,208.3861942710116,2023-07-27
CUST6109,North,45.69042651129299,353.5898697620072,78.14685003131248,2023-04-07
CUST7051,East,476.4203403977581,338.29304619232107,264.89947799937977,2023-11-13
CUST2082,North,993.6935399244145,130.30481834512392,314.15717645277635,2023-04-07
CUST3802,North,411.3725396974622,175.82474881258432,139.95644468519131,2023-10-07
CUST4109,East,672.70541873821,473.97022706450304,257.508846950518,2023-06-15
CUST6992,North,990.6949095488986,442.06344801455936,156.460463713735,2023-09-22
CUST7224,West,270.07466471224103,177.9886443191836,206.24478224254943,2023-10-29
CUST3073,East,397.56454312858534,224.0378570792721,439.94247202168214,2023-05-06
CUST1933,West,647.4207487084248,456.5434216441822,453.4801285724918,2023-02-17
CUST5829,West,486.1168023884891,493.5988306894658,167.8169979795987,2023-11-20
CUST8296,East,359.8635404716185,164.04702402436328,387.53317210576563,2023-08-08
CUST2743,North,990.8924236218035,482.83138116599224,153.0429372429397,2023-12-31
CUST3370,West,342.54406506661087,122.22719072796701,397.74178326994723,2023-09-21
CUST4445,South,501.6455077956889,175.02655746624765,435.1270798383508,2023-01-06
CUST8693,South,887.0850474761753,441.8283281840196,68.91451981101069,2023-03-13
CUST9129,South,784.1109395285853,292.1603530615947,269.5281020746144,2023-01-07
CUST8053,West,178.750087868804,140.83305798740162,384.7903279388894,2023-06-19
CUST9750,East,499.0968506863431,266.53991432678885,98.82107018599311,2023-03-25
CUST8814,North,446.0468086205271,373.7899158134321,300.80014671881816,2023-04-06
CUST2568,West,553.7197476646838,133.87487302548186,234.44840468323216,2023-02-15
CUST9337,West,495.50216151170247,480.3737546910557,402.1200511053988,2023-11-16
CUST1679,East,99.81069844397817,351.7908120467017,286.4150219242125,2023-12-22
CUST4865,South,831.9187936760633,277.19694899490787,401.4398885990485,2023-11-17
CUST3116,North,147.80715519360118,113.93448255295925,324.71895603421785,2023-09-02
CUST4834,East,916.4457852788399,250.80698268260596,331.31846111602243,2023-07-09
CUST7625,South,215.5704407165173,333.8942077415584,110.31265611212781,2023-12-09
CUST4875,South,996.9608005815886,380.69213209496917,319.2063136665654,2023-09-29
CUST8325,South,627.9244222415489,419.5483892086149,245.23296999183287,2023-08-22
CUST4708,West,134.76140498005364,210.12982426685738,380.39192263886906,2023-03-04
CUST6601,West,804.3269296914217,214.88663758514696,95.2270900258573,2023-07-21
CUST2421,South,327.7650738579964,279.183148215755,187.7060541615483,2023-07-28
CUST6506,South,1.3299052355704035,130.8342598042361,359.32736451754386,2023-09-06
CUST5743,West,712.9542669488561,215.95278171461123,395.79406747557607,2023-10-16
CUST8455,North,808.9618673245606,258.09988823701906,241.31467475422698,2023-04-12
CUST9599,West,929.7081573934568,104.2556230466782,102.57976155951297,2023-11-13
CUST4776,North,307.7313748273778,318.35125887140885,320.0761683162361,2023-01-22
CUST6670,East,900.1710663352101,264.7264670818527,106.00200336857009,2023-10-17
CUST4470,North,389.9649776204874,433.2899285245631,283.54327877849414,2023-02-04
CUST5243,West,600.4949781857879,183.65404699382884,432.03942370713594,2023-07-20
CUST8595,East,782.6655483549995,373.4756791316693,195.34835887495763,2023-10-03
CUST5064,East,487.84481662366534,233.73324031371808,233.31160633401132,2023-03-02
CUST6559,North,622.7488017030336,269.5616127831432,282.8207671391244,2023-07-29
CUST3531,West,697.9652829084882,306.29818768536234,179.61800241045142,2023-06-01
CUST6973,South,898.396011273097,419.3889920540742,421.34393756954296,2023-08-03
CUST8884,North,703.4263178701015,316.29027413486347,51.393206197824796,2023-11-30
CUST4284,South,666.9782644405075,366.1380606155052,495.3076763240993,2023-03-19
CUST6641,West,138.41040671855868,199.7346830500692,217.72952716996025,2023-06-16
CUST8342,West,577.181129994732,144.3032317719069,497.03901782795816,2023-10-15
CUST7828,West,375.932860293395,329.07268656127263,67.40754243468214,2023-05-23
CUST6579,East,828.3454003834622,296.6770771131818,126.31945479095812,2023-05-18
CUST2700,South,484.7729957366927,152.95569691849752,110.7234081480958,2023-03-20
CUST1225,North,976.0133048900713,164.78187669827554,328.34997799230274,2023-08-21
CUST2593,South,242.8280551212447,488.2592478512785,115.59118592757014,2023-02-08
CUST7656,West,587.6505530513539,160.58594242349716,100.6669964034819,2023-12-17
CUST1436,North,897.7248239629512,285.7825844075321,327.1935451780973,2023-08-23
CUST9535,East,67.8286385804415,241.973201886255,362.73147537632707,2023-03-12
CUST2200,South,159.4054964741803,418.36600964274777,213.94515961968662,2023-11-09
CUST6944,West,388.38518276292206,153.99223076342264,394.23970965473524,2023-11-10
CUST3260,East,647.0993131840354,370.7586717783493,219.81138518570623,2023-05-25
CUST5526,East,443.1448197274269,287.01631501119914,415.9642423382137,2023-01-25
CUST9407,South,587.2944190805204,264.81458547164266,313.0565705389096,2023-11-03
CUST9198,East,331.8608456943596,378.4392580283678,338.0062553417152,2023-02-13
CUST2321,North,884.5256480441124,129.78360592673775,98.43184466649558,2023-04-19
CUST2250,South,83.24649916249983,297.92535189520015,412.8740235658497,2023-08-01
CUST3981,South,739.9325582751959,137.5220422909129,328.75363499782645,2023-12-19
CUST4990,West,384.77088560329213,306.960995602622,275.9862432035411,2023-06-24
CUST1278,South,738.8884068395444,296.2048532425931,288.7334337712566,2023-06-10
CUST7157,West,178.25535487586293,290.34179361566396,113.326949044416,2023-07-17
CUST6909,East,206.7190502215358,269.40971085576984,149.37209134210622,2023-06-04
CUST4663,East,537.6704536798364,320.07500494037424,459.68288524145873,2023-04-16
CUST2336,West,551.4340290133646,218.97245460930685,247.14103422885958,2023-11-20
CUST5206,West,302.87823083699345,256.3378155760811,322.2546504898834,2023-09-30
CUST1665,North,685.2915256219453,209.61493004973235,298.2253742545396,2023-09-19
CUST8689,East,229.00839864516647,280.1741654713161,339.63946737668755,2023-10-29
CUST6503,North,698.5328313870334,429.86615200574863,490.99472558957757,2023-06-23
CUST3221,West,698.8257100299144,150.61701302799594,78.52193989883637,2023-08-08
CUST2166,North,704.2426232202934,173.95464796839093,493.36707450695724,2023-02-17
CUST9454,South,245.48573966100486,477.6541098688737,420.16369741264407,2023-10-03
CUST5146,West,556.889555128244,337.4701244160392,274.4163764139788,2023-09-10
CUST9884,North,189.76591374055556,150.09228719346993,225.75394480227544,2023-04-10
CUST5323,North,526.3594528510897,487.14412157942746,276.53250907282995,2023-10-25
CUST7687,West,496.6438450138192,294.2576911006126,299.6803845691418,2023-05-27
CUST5451,South,48.09818607037223,238.22130677968886,323.31774027439997,2023-12-06
CUST7614,South,207.9771111745706,486.6630508493601,421.0567198160278,2023-04-04
CUST7296,West,851.5994854572243,210.02219812668727,85.88208109487917,2023-07-21
CUST9331,West,233.2987996597537,451.21706186073374,272.3575062049749,2023-05-08
CUST8356,North,678.9324660443056,103.95027248162019,108.29168256843906,2023-04-18
CUST1895,South,351.68664346238336,177.61378925632522,460.9745765456968,2023-11-08
CUST7696,South,996.2303542915294,347.9936228495005,379.3993928186136,2023-08-02
CUST1615,East,535.1665584241492,332.12797159832814,265.4238331508324,2023-06-04
CUST5693,South,686.0012679803843,107.11603443169717,470.13181433031974,2023-07-05
CUST4000,North,442.23799772701545,150.82521203957447,169.260411604892,2023-02-23
CUST7265,West,460.65320820147406,486.8207752764214,101.37558598670469,2023-01-20
CUST8747,North,876.507392704454,152.9247398416345,498.66067594479205,2023-07-10
CUST8633,North,893.4513357958457,203.89441384485832,79.26718465946601,2023-02-03
CUST8594,North,208.67805442483822,469.6605859876864,54.37866002504857,2023-09-06
CUST6681,North,185.5584404433291,261.7329245410504,450.3202085315416,2023-05-28
CUST6698,West,905.0932605735113,364.42595038136744,364.36397358708285,2023-08-13
CUST4676,South,498.15086575562594,254.9824863198053,471.55897641540145,2023-03-31
CUST3948,North,468.3746218792946,319.10146421800084,400.06958152822614,2023-12-11
CUST5519,North,607.9684668448795,305.2179223891609,459.41441523966057,2023-01-28
CUST2042,West,787.3353736513244,473.08676154971994,134.15265638183024,2023-01-04
CUST4682,North,146.25632102822686,155.71550806072113,402.1647773798269,2023-09-24
CUST7189,South,638.5733330406661,265.0881455345911,382.63726147394834,2023-02-12
CUST3718,East,96.26128111388412,405.3845076616354,240.17588423755956,2023-10-08
CUST9450,South,772.1330529874014,336.6858781878989,129.64079998026762,2023-08-22
CUST9940,West,787.7918789233794,133.55474988758584,430.16581331180333,2023-06-21
CUST6414,North,217.97043579192862,240.95102625856018,480.7819997455375,2023-12-11
CUST4784,East,960.1912307454006,393.3406413883944,282.6765526608242,2023-01-30
CUST2346,East,263.5768616169729,391.1640083115021,274.56298045403855,2023-06-14
CUST4341,West,69.986856926549,265.38076644306204,67.61163131365362,2023-03-28
CUST2652,South,349.1561434661295,350.22279239282824,485.67708437639953,2023-06-27
CUST5074,South,887.0680136716534,467.72578119738716,154.20729199892017,2023-06-29
CUST3794,West,207.88068932484816,118.68846660669554,387.80893168668695,2023-05-14
CUST8049,North,566.9224222865611,271.4480133717701,475.2495298593503,2023-08-25
CUST7050,North,775.3308173399789,328.08584679890737,188.0999941627472,2023-03-16
CUST8168,North,196.52735928636594,334.3059307124396,131.92753804006026,2023-09-19
CUST3744,North,147.09706145881168,410.42393737192026,201.23266888749865,2023-04-22
CUST3842,South,299.12453471017886,311.41990769578183,104.72842312983948,2023-12-14
CUST1721,South,303.82690293275834,307.78561845031516,107.45585437322131,2023-06-24
CUST8197,West,564.3478530686152,317.2559907801053,425.8451136907659,2023-04-10
CUST7958,East,96.81785334175663,474.73177792618407,130.90957051410643,2023-11-16
CUST3837,West,620.6511367627378,357.3025988497139,292.12107794519017,2023-09-08
CUST3784,East,229.61485438057576,141.60399989514758,477.10499255788204,2023-09-28
CUST5786,East,266.12031045012696,417.88249954707294,97.1646023521323,2023-08-12
CUST8014,East,121.74787924636426,429.5640503569265,282.84215507075686,2023-09-13
CUST1102,West,324.61829745184696,419.10107549819907,221.44962888865993,2023-01-17
CUST7298,West,837.2921753100654,475.8384561122754,353.47940187930055,2023-01-31
CUST2499,North,850.9621049438081,363.49013616466226,101.85873933966035,2023-06-22
CUST9239,North,279.84085124234565,257.2523210027607,216.30744149146642,2023-07-04
CUST1773,North,174.92374225524688,456.7628559013236,314.1078161214838,2023-03-06
CUST2735,North,331.4393613555841,443.045061519402,127.36296372254209,2023-05-12
CUST5278,West,375.2352061422785,119.65319377146227,85.44757920974922,2023-12-16
CUST9279,West,936.5042007172293,448.02426514462616,437.1578437087029,2023-01-01
CUST2024,South,681.9540485151233,262.338123944984,495.6763486159106,2023-12-26
CUST7411,East,73.66775826290372,225.63016967558377,431.3517722004885,2023-02-06
CUST7121,East,855.6622830231909,375.2630765267298,423.4793327059568,2023-10-25
CUST7693,East,101.4310756811982,183.1471208018904,332.2069128591118,2023-11-17
CUST6863,South,563.933490181899,184.98726070015175,339.60630903164457,2023-03-03
CUST6055,South,82.72490896999705,256.82587516662466,463.08031056185206,2023-05-26
CUST3484,East,535.5434387345501,196.3492542610604,312.7182833480998,2023-05-16
CUST7151,West,268.47802620907146,273.1371611738534,283.99896253789603,2023-08-26
CUST1510,West,757.5691590465037,217.0539349772152,117.68619840935193,2023-02-24
CUST4974,North,327.3990501039242,399.8680582796144,284.4046936234995,2023-03-21
CUST4117,South,773.9090471784696,310.18055827860104,430.48853417176423,2023-05-29
CUST2208,South,46.57153356295489,106.15017224930567,136.47855300422322,2023-01-15
CUST6366,East,965.082967203878,215.657910079884,236.61876681439443,2023-01-26
CUST6095,West,458.75790526610234,247.26748394449172,58.418860898731694,2023-04-23
CUST5765,North,988.7970226592697,419.84292803315685,331.5989381274919,2023-10-04
CUST2934,East,462.1178397476141,395.0921686362178,104.2510756687015,2023-09-12
CUST5328,East,490.7600218844815,137.38680019662425,461.04599244507534,2023-12-18
CUST1596,West,868.6099708203678,302.1407575875925,110.93367618511107,2023-03-30
CUST4166,East,367.42867551730365,113.48135493007159,394.9807109834045,2023-10-05
CUST6859,West,476.76987199055964,268.90696917873544,108.45713628617972,2023-11-12
CUST9277,East,755.5689581424748,211.2016880043953,54.24199161984329,2023-03-02
CUST2777,North,395.0164276711668,395.8910772193635,313.4335696102767,2023-12-25
CUST9194,West,556.1563133898362,318.0429611661139,207.68915460275613,2023-03-02
CUST2389,East,997.598421118729,281.86964939660504,236.22042893148927,2023-05-06
CUST7759,South,138.45619810743472,483.0571075514349,338.9423835362232,2023-02-12
CUST1516,East,639.6899852319732,374.4895091045367,203.36012422933607,2023-10-24
CUST7604,South,808.9738079722151,459.35660390489716,197.2030229152076,2023-03-26
CUST4078,North,319.9176303741721,470.77549463706094,148.8969598291132,2023-10-03
CUST6155,West,276.76213602052337,399.5748299126784,301.67324652283867,2023-06-26
CUST7136,West,136.1792475330564,105.58749242049932,390.981784804821,2023-08-13
CUST8073,South,565.6632506958131,236.10038798326434,92.05704242144574,2023-01-27
CUST4112,South,114.71624644650551,292.3834933006441,389.2140383090247,2023-05-02
CUST8660,South,245.2478537281628,420.56269488072627,300.0574259721872,2023-06-04
CUST1172,North,937.3669748122776,319.8999156209418,54.791593899994446,2023-05-14
CUST3409,South,217.33734547439295,171.20977396577882,341.49328126380686,2023-06-14
CUST4616,East,306.57326669513344,361.9582373730546,388.46717907770034,2023-11-06
CUST6270,South,313.0707453025709,471.9390574260508,363.74249825044654,2023-01-10
CUST6078,South,191.43854999951515,420.8039344443101,349.2341497900657,2023-03-24
CUST8949,West,275.79621699054303,117.57957010506419,449.557811898379,2023-02-08
CUST3851,West,733.3688659913807,382.9806557669187,354.6110866241035,2023-07-31
CUST1324,South,482.721937188825,260.9059090059501,131.02348131982683,2023-11-25
CUST7685,East,84.37728124759111,233.97968302083035,418.61433437546003,2023-08-24
CUST3321,South,8.7597341767344,471.73071473285756,54.552962685848435,2023-11-17
CUST7477,East,42.361179577270086,311.54751361650085,150.47380921773072,2023-03-14
CUST1794,North,222.08847825615328,239.35527175243493,171.54908239471217,2023-09-17
CUST9054,North,255.99548436821235,281.9635303792724,427.3953038227558,2023-12-04
CUST3207,South,388.30561910371495,266.07613001900506,62.44442318304165,2023-03-09
CUST6073,South,254.31411536984413,327.52419460144785,495.75632076442594,2023-12-23
CUST3958,North,865.8376932124376,147.88608908664193,334.4460947233335,2023-02-02
CUST2923,South,943.5125539164727,310.87980116172247,328.08822914728427,2023-12-31
CUST5785,West,331.52819992763,276.2996170869054,446.09617745769094,2023-04-19
CUST6257,West,343.3399177734793,493.1988646822931,196.29407074417128,2023-06-11
CUST9968,North,813.2718529511851,465.719989069313,75.30698932304006,2023-06-16
CUST2593,West,724.8918034473814,344.28772625832727,305.18321445060326,2023-05-20
CUST8457,North,374.453363663611,241.2303286128395,246.9835761319748,2023-12-27
CUST2074,North,623.2140531188267,390.55840182092123,109.60953803451531,2023-09-09
CUST9173,South,321.4615675021059,248.29911879443185,398.17763800308137,2023-07-18
CUST7488,East,549.954155215123,304.6158277182782,120.91188582349848,2023-06-05
CUST7239,East,949.3178865741619,440.781016842402,346.8095715757409,2023-05-17
CUST9344,South,611.0468495445979,202.03083973771385,96.14619569377103,2023-03-10
CUST3235,East,82.13389108016256,140.94419868292903,318.82295396740363,2023-01-30
CUST6286,West,0.922189392869342,412.8151218831701,162.3180057655971,2023-04-10
CUST6934,North,397.345668175501,491.9597975081565,445.17430540381616,2023-04-15
CUST3370,South,820.3116242177725,272.6739863920137,278.9420432062068,2023-06-17
CUST6550,North,507.48088981940896,472.79169922027813,220.33801335443863,2023-06-26
CUST1771,East,453.2952843169364,115.4827504376315,262.2291749523062,2023-09-20
CUST8171,South,260.66255763840826,222.0603587254841,363.3663747574572,2023-08-07
CUST8108,East,820.5024120711262,394.9303552842447,388.96972565582126,2023-04-05
CUST6230,East,106.74662361743245,184.8650554905737,314.35724406038156,2023-02-19
CUST3490,North,317.8559678179582,310.9749612160898,86.63683955938477,2023-03-09
CUST5133,West,101.83238696334061,247.53369881094517,329.73655248442407,2023-08-29
CUST3620,North,878.3718961071211,140.49827424026205,414.1974130993467,2023-07-15
CUST8370,East,29.562070434500015,402.21861834008774,175.71428181994187,2023-01-16
CUST7629,West,550.6667545453454,434.96197693609895,360.26066352818606,2023-06-09
CUST8234,South,546.4005050800998,236.93218241586513,393.9600800140142,2023-04-22
CUST9070,West,46.838050950764604,492.87343094054546,436.75341171043726,2023-10-12
CUST8337,East,815.9289192910533,294.24798760758654,383.8033248079857,2023-05-11
CUST7672,North,39.73325040410058,479.71226267981444,352.5633994932755,2023-09-04
CUST9627,North,148.86437332083798,212.43868680105186,71.42540226517085,2023-02-03
CUST4652,North,634.6641206546979,479.05108534946424,414.35137588915285,2023-06-16
CUST2802,West,194.1332197935694,176.86784563505682,347.80538650748326,2023-03-06
CUST2131,South,734.6116717352295,326.57008963046985,59.132147441621036,2023-03-02
CUST2035,East,994.465787657574,408.9400079268088,52.86445137449651,2023-03-08
CUST9744,North,584.2297305235746,338.04359063044933,350.91971774648994,2023-11-10
CUST8263,West,98.31361910557075,463.39507802049314,484.29478171229573,2023-02-17
CUST5726,South,303.8737684988778,169.81968654106464,431.5805707768985,2023-08-31
CUST9574,South,165.78640527624904,378.4826599120553,215.78247249512128,2023-06-08
CUST9200,South,541.4832955595272,159.89594959655173,453.1217464310409,2023-08-02
CUST6120,West,494.988116808527,301.6057594104925,441.7763414006147,2023-12-20
CUST5345,East,946.284760121386,382.05056836206654,264.6735878799187,2023-07-10
CUST9027,West,712.9961237040098,190.7383237946815,69.45053893923041,2023-10-09
CUST4756,East,909.7590591133311,496.99502309115917,166.3428922747408,2023-02-05
CUST4838,South,155.78949864278886,153.38903416954167,288.16464101295196,2023-10-25
CUST8973,East,818.9368131427187,300.56241896946966,493.3928238131394,2023-01-23
CUST9544,East,715.0165189714969,490.6778555008183,214.14038650626358,2023-12-09
CUST9700,East,723.4956674681791,263.4460141624475,444.1753240515197,2023-09-06
CUST1629,South,332.8900801420929,120.97161810853585,422.7842128290545,2023-09-11
CUST5503,East,187.1918717319497,234.99937330763032,446.17999241112676,2023-02-21
CUST6976,North,701.1350731415284,371.19044295542574,236.87907460987583,2023-12-29
CUST8825,East,151.940714931272,359.8142156030697,87.8140226475011,2023-06-30
CUST6194,East,164.5635263429246,117.93962221395816,409.7895666190944,2023-05-19
CUST2945,West,441.1992994151006,449.5721776464825,489.2568996308762,2023-10-18
CUST5150,West,424.0542177870569,365.38322497767933,267.1497917497194,2023-12-31
CUST7265,North,908.0305860001438,241.6674099286664,138.3121060967556,2023-02-04
CUST7013,West,196.62340395573122,482.58986718396176,97.90353019064906,2023-01-02
CUST9911,West,309.8738190308229,164.636504405015,222.30248574035858,2023-07-05
CUST5980,West,209.9455839123368,353.53040853395044,311.5893666865411,2023-04-25
CUST8811,South,649.6896979816968,170.97390329171276,282.34316884416336,2023-03-03
CUST9601,South,539.7396026554262,222.52946783474096,414.1841377125453,2023-01-11
CUST7690,West,238.1333893581157,199.89605404701672,446.917708491612,2023-09-14
CUST7761,South,540.6921297318071,173.2925851631804,81.97488884190726,2023-05-04
CUST3869,North,279.59890588521284,380.54770781786107,309.72063587234175,2023-10-07
CUST1628,North,289.81059903929963,361.69150327706495,312.1782343146411,2023-03-15
CUST3519,West,720.9262001610723,159.52617220061586,254.5094163367331,2023-01-11
CUST8512,North,688.1778642510973,323.9634132170827,215.2558032335594,2023-04-25
CUST2514,North,168.00189412279178,369.7812726038964,337.335368490126,2023-12-18
CUST8412,East,762.1527044719087,143.42197049602555,444.66554530058687,2023-04-04
CUST8148,North,464.6601973607928,226.6646585379246,477.81836098328523,2023-05-27
CUST8320,East,241.90404030675623,223.0375761226866,304.47198492295263,2023-05-02
CUST9553,North,164.5276722726528,172.40483956199768,282.624002960133,2023-10-05
CUST2283,West,886.6586220996754,290.04713168651006,451.8585659792596,2023-07-17
CUST8625,South,579.4786109290012,467.3239534419904,436.0421184886373,2023-07-07
CUST9705,North,407.869891594753,346.0886165877738,342.78537801196313,2023-03-25
CUST7060,South,174.9429726947109,328.12592901531286,68.71122797932689,2023-03-15
CUST5238,North,204.2737820561853,148.8321544638545,222.36767289007562,2023-11-19
CUST4323,South,322.1489135859042,110.77620278864285,459.7502313298545,2023-10-14
CUST8168,West,278.1058793881999,449.5334154470262,186.04157888624525,2023-06-26
CUST2047,North,109.68589529867228,272.6233456496328,121.06490740791153,2023-09-06
CUST1167,South,603.9445892823276,432.12509154620807,362.2760153706099,2023-01-05
CUST9670,South,312.24889759500456,437.5061906839724,453.4978447813458,2023-02-22
CUST6848,East,992.1288506564835,426.7049448242864,486.65209385530915,2023-08-10
CUST4875,West,337.89070966112934,276.7503749177689,374.0788766136994,2023-01-18
CUST4244,West,745.35348836564,331.3314983965815,315.8515462232539,2023-09-19
CUST1988,East,90.36025841029927,458.76545820554946,488.4518135881237,2023-02-11
CUST1627,West,752.1929942130291,447.78897986594194,355.70317612465607,2023-02-26
CUST1858,West,551.3919257405655,276.123880746504,290.85004085059984,2023-08-19
CUST9907,East,883.7394220786102,238.711747791666,347.7409757022788,2023-05-08
CUST3031,East,172.60367236709052,213.43712878140667,237.84080228013133,2023-01-29
CUST8436,East,829.7866609507341,116.58209310852827,395.9470947535256,2023-06-11
CUST8886,South,511.07776625508035,180.37919413834484,335.8087964684734,2023-03-30
CUST4086,North,796.3870372452478,371.8467768604986,311.2328398213094,2023-04-29
CUST8853,West,130.37910948901617,275.8175836584544,485.19222370032026,2023-09-02
CUST7337,South,410.31586505317335,491.6611712775673,342.8793002567702,2023-12-25
CUST2667,West,767.1370492775981,254.00392883076256,338.0533320047486,2023-08-27
CUST8828,West,683.7150372567182,177.9752647252148,198.87034874235115,2023-02-20
CUST3057,South,233.30220559915008,398.07805219810314,294.86907931326976,2023-02-19
CUST9526,South,820.3559169077049,459.6720250665185,298.73863924722957,2023-02-10
CUST3824,South,589.3687779503622,489.09296242789566,89.81066688489136,2023-11-23
CUST3714,South,973.7934621136577,340.292380908631,68.38368311795384,2023-07-19
CUST6760,South,808.1963784635338,271.18419440139985,490.3111040400035,2023-03-21
CUST7111,East,637.0770133764886,277.7347277435,486.9804617028332,2023-07-18
CUST3405,South,20.468295063362586,179.8842001690824,281.16288150844,2023-10-25
CUST9976,South,217.06799812953648,395.06187653869154,165.33507666663667,2023-09-20
CUST3882,East,229.42894138560627,176.63370290166563,498.85930177435046,2023-12-22
CUST3625,East,526.9812113740246,383.9595587578967,432.4133186696556,2023-07-28
CUST5858,West,981.2550243693933,130.1852861141688,98.15415422300504,2023-06-02
CUST6836,West,537.6524893999051,398.6127554058652,98.57521443238363,2023-10-14
CUST9654,North,665.9620185802113,279.8105405015942,384.9184742376682,2023-08-10
CUST8571,West,838.124706006814,492.347052379441,366.4375534811984,2023-02-16
CUST6202,South,725.6586855251326,416.13166525469364,309.2136701888427,2023-11-20
CUST1871,North,739.9827446268656,351.1188295559994,468.824544666591,2023-07-20
CUST1336,East,338.5748554445642,221.48103130396527,60.56533205477624,2023-04-25
CUST8500,South,995.4081210837397,386.51259727051973,442.5651778030021,2023-10-29
CUST3676,South,755.2815821790266,428.3291566802217,392.90426780244786,2023-12-01
CUST3131,East,644.3398754569046,187.49091197606742,167.40092139238092,2023-08-31
CUST2625,East,853.0592757998058,422.8655512263975,314.55953570467756,2023-11-17
CUST2155,North,986.32855402812,150.97012023171584,79.1675634141141,2023-12-13
CUST9414,North,144.51676192303498,209.03615114501912,84.7176661975534,2023-04-21
CUST9247,West,871.4751742311273,302.91977214952675,231.73467054969274,2023-04-19
CUST9406,West,290.525928621133,490.937915926103,191.47879920256074,2023-07-08
CUST4495,North,617.7357211588314,263.67866722149165,465.41119429263887,2023-05-26
CUST7164,South,219.42680334192204,201.92243134261486,256.22235015797855,2023-06-23
CUST2485,South,705.9641906144299,322.0613401988347,453.6041118258445,2023-04-15
CUST5203,North,365.99517667087025,363.44402299470556,232.24405375531302,2023-09-09
CUST9171,North,105.14776221706458,440.59005174571115,89.58123931866444,2023-12-14
CUST5761,North,106.63792466154119,395.4027534124739,465.7230034215453,2023-01-03
CUST9792,South,547.2035588497778,117.18362744101572,403.74433823311574,2023-03-13
CUST1449,East,434.94746841492326,126.42873006729185,443.37920400782514,2023-09-01
CUST1658,East,325.8407851161815,457.5702705876434,333.1147608887345,2023-09-06
CUST1571,East,878.9969883067109,379.33382536680466,129.0200869424114,2023-10-25
CUST8921,East,437.5837667470793,269.08181934391524,96.6652795503783,2023-05-15
CUST8341,South,428.70818041454714,339.127077736824,171.7998237956068,2023-08-08
CUST9465,West,180.24707380409413,480.7166585128578,475.18039277202087,2023-05-18
CUST4515,North,407.1585869324923,368.58531253592525,64.59917220106658,2023-05-05
CUST7370,North,293.24507537386074,141.85809015778923,171.44874837366706,2023-07-26
CUST7238,South,651.3330992455042,308.6473948414488,158.37110309471058,2023-12-28
CUST8773,North,712.250302610333,287.06935930405064,445.4836001992116,2023-02-15
CUST6758,North,282.2527941516863,407.091466592616,290.6187056571905,2023-08-29
CUST2157,North,172.773503937405,473.30508047948814,221.01038378615073,2023-07-18
CUST4891,North,452.4263873020745,278.55398284625755,117.97940566937045,2023-10-01
CUST9665,North,549.9066588052394,434.830278134611,432.76747342169944,2023-10-16
CUST4409,South,50.12543077179528,340.43868795188524,159.93698850501477,2023-10-12
CUST9545,East,415.5331579828826,473.2608381394018,210.64618786650507,2023-10-02
CUST9549,South,800.7258026198699,403.7469960766386,394.353641743108,2023-01-27
CUST7233,South,388.2057732950151,314.4715729496141,416.1548869082973,2023-07-28
CUST5723,East,67.09709693683115,490.2678713684694,410.7557377673538,2023-01-31
CUST8965,East,484.2360842014961,416.29403867804695,340.50792225839865,2023-04-07
CUST2024,South,780.0679344204087,362.08931359729274,63.154689233518,2023-01-19
CUST4996,East,338.44915627553553,243.05573445953777,174.7182682573929,2023-01-03
CUST3605,East,485.58561656106264,143.0666963961943,136.3959589407952,2023-03-12
CUST7092,West,266.10328422649496,171.87200607517647,388.88234134347084,2023-07-03
CUST7594,East,214.45152760804714,240.3276105860872,415.40490270975664,2023-01-06
CUST1856,East,171.2048597092413,414.31942606895717,484.61312068955044,2023-10-24
CUST8539,West,457.1673749858145,289.40416537294607,174.4482332463558,2023-11-07
CUST8636,North,762.6094043104191,159.3392200488604,277.45881768911795,2023-08-09
CUST3931,West,99.46259401516554,338.7900035675792,218.63110688004647,2023-01-05
CUST3332,South,777.4398058174181,254.55248642773515,191.44153580866893,2023-11-23
CUST1683,South,447.96717460675836,159.5781721820698,452.6711286461063,2023-07-23
CUST6148,South,849.4239605590299,211.9305088036568,66.263484442047,2023-05-24
CUST5445,South,144.74368137582354,301.10322295445985,165.45445873924814,2023-03-12
CUST4363,North,129.79861785709306,123.01491930010954,128.46060819845462,2023-07-24
CUST9735,North,751.0561805277357,179.4394092114644,337.5488914665706,2023-09-19
CUST4926,East,306.5430846364267,210.636926263992,380.3571718433546,2023-09-22
CUST2249,East,123.54978649161188,380.96629207454583,152.27317555713338,2023-01-22
CUST3971,West,487.4369898113615,159.1898659910624,291.84838847750524,2023-06-27
CUST9175,South,978.9207011460668,294.8493438969913,82.10328084859022,2023-02-27
CUST3309,South,828.6354519671918,283.83386888048926,202.89150740806585,2023-10-20
CUST8981,North,518.9302957106208,484.9596692783828,193.70977662272375,2023-11-04
CUST9932,West,183.99979186372613,308.81374680355447,161.65725773694652,2023-03-31
CUST6623,East,459.3783478686673,496.95761714763245,157.90905071667515,2023-06-29
CUST3107,South,556.3416803673879,282.1766259196073,211.98540812529015,2023-04-26
CUST5439,North,137.96041450929744,178.14168656377487,420.0771441096872,2023-12-05
CUST8481,South,382.9685402527512,309.83820174002574,186.2859970480372,2023-10-25
CUST5074,South,333.1369147964565,120.34428604439049,428.9625238907253,2023-07-15
CUST5973,East,544.0177286233409,232.8960024211852,291.2248432127416,2023-07-11
CUST8251,South,215.6647568772368,316.422395322801,205.40654828704828,2023-06-08
CUST5571,South,971.1427687958685,316.4194388488482,302.88701029355565,2023-09-15
CUST6666,East,475.4373058282574,361.38332396899114,384.82590243580006,2023-02-05
CUST1848,East,50.704964012813555,361.39191714832526,179.81279869116045,2023-10-18
CUST2141,South,664.0890901328634,485.82905902734865,225.78801252010064,2023-05-20
CUST8072,West,100.74770004486344,404.367487605577,342.30405890646904,2023-11-14
CUST6599,North,845.805584018786,321.41943838899374,372.17308414079315,2023-07-28
CUST7530,East,970.208559874165,269.5270585345062,114.41895117572234,2023-08-06
CUST2951,East,117.90390886846718,107.84319988101956,452.7760228593828,2023-02-05
CUST2692,East,789.0557565054515,418.3302481383404,368.2806466770049,2023-08-02
CUST1752,West,557.3670354439776,486.3792822310449,350.7868610139687,2023-09-10
CUST8230,East,567.329780342392,184.73038411461965,291.7643237096014,2023-11-26
CUST5407,North,838.316139444644,378.5861071347042,491.8359891475772,2023-08-14
CUST9298,West,419.06072163178345,148.7376339345631,380.1267682051777,2023-02-22
CUST1154,East,873.3698783068324,143.78399656613388,361.8298022143698,2023-03-30
CUST3561,South,248.24227852591488,413.48348707761613,475.2084562316899,2023-09-08
CUST1790,North,706.9437684667205,311.35804813955656,262.7350468526332,2023-08-29
CUST8501,South,351.2309318415508,283.4000433262295,140.51160880923572,2023-05-23
CUST2552,West,736.8654413029085,299.7665525444995,257.73397154744504,2023-03-01
CUST5855,North,178.14236805051183,191.49510939667334,275.37437520751416,2023-11-19
CUST1641,South,320.83534344585553,107.80659946018068,119.39478397251364,2023-12-30
CUST5961,North,839.2162353165442,201.27448451862057,492.85431456628424,2023-05-15
CUST1478,North,865.3612461691009,444.7087040760936,460.7005490631743,2023-03-09
CUST9706,South,779.5103359071251,277.928245611419,329.89889483704263,2023-07-03
CUST8078,West,646.151936389055,423.5061778162199,257.09679302255256,2023-02-23
CUST5187,South,76.7391245137506,314.1483074480889,94.25845228082727,2023-07-02
CUST7354,South,860.381980746299,162.15944134954844,462.83825954960446,2023-06-09
CUST7129,North,614.0006269005613,255.01458683895444,342.8016954079727,2023-03-14
CUST4024,North,431.08332486755006,140.35272747752617,221.67561383168112,2023-08-27
CUST7134,West,47.30195490307301,264.31083518458536,447.76455941298224,2023-09-22
CUST3247,South,501.9551495790809,142.5716823236537,137.32084329739237,2023-11-26
CUST9072,West,631.1841923793579,161.83318814407582,270.1651459196927,2023-07-23
CUST7400,West,817.8892394191878,227.08637425692967,485.1630298014582,2023-07-31
CUST6727,South,836.3814552847286,415.72137855356135,303.4944138008701,2023-02-14
CUST3237,West,297.28878567211314,311.4844044076081,479.48529397308295,2023-03-11
CUST3264,West,180.25278943278795,444.35273616824384,335.8380167300623,2023-05-01
CUST2221,North,272.80551617024895,154.8336059974306,426.6611665592977,2023-06-30
CUST3288,West,315.2523285053451,140.53202585772874,445.2508769873136,2023-06-16
CUST8347,South,21.5147597480668,366.6233178249807,172.12101204824017,2023-06-10
CUST6188,East,627.9768510766224,249.7582782143152,365.7646781850481,2023-07-30
CUST4962,South,945.5917005437146,313.14143563178044,406.6903636194829,2023-05-13
CUST9619,North,395.1882348320803,138.63906145338794,458.627347264049,2023-07-23
CUST8623,East,559.4005360008895,256.90007376016877,379.1411612818951,2023-09-16
CUST2577,South,429.8257628437397,424.7445887757492,82.14436809230558,2023-07-23
CUST4208,West,760.9623826373528,132.45636351930926,312.8524419582782,2023-04-02
CUST4652,East,744.7942205145947,183.42927245215432,287.7088482723823,2023-08-07
CUST5239,East,3.095121590569428,150.9797239694571,340.1982343813573,2023-10-20
CUST7899,South,16.20900885490786,396.6128075429827,403.2538065031958,2023-01-26
CUST5825,South,994.4265883243281,106.41526855706647,118.77748100447184,2023-11-09
CUST2730,South,160.67277495558702,193.76375563222328,263.3949403139859,2023-03-24
CUST6409,South,917.1067420892559,473.5907663394235,286.10839766849807,2023-04-09
CUST8211,North,662.3598590266151,194.47543196241108,459.51641995570304,2023-11-22
CUST8332,East,525.2754446624955,156.91269008072229,323.9684254808838,2023-10-07
CUST9916,South,216.44833839882295,141.94191082731834,432.31293969090297,2023-11-13
CUST5155,East,996.6010900417602,163.85167148916335,494.07789024072264,2023-09-08
CUST1467,North,441.61718846132663,412.22509494366415,272.9530261786694,2023-05-16
CUST7109,South,321.5663195260066,208.17711136990428,112.37963807192892,2023-12-26
CUST2668,North,615.17341187509,376.70203742218746,477.93294083872956,2023-01-10
CUST3933,North,140.23222860556734,303.94677622641746,289.4857669784244,2023-03-18
CUST2718,East,886.3268577304979,465.5750951633014,392.151551474539,2023-10-04
CUST9970,East,640.3313125146016,470.16066262249234,158.824406930149,2023-04-01
CUST7893,West,23.15819345466773,384.11199632082474,133.70275440928634,2023-03-12
CUST7651,South,446.37850396636645,483.9207375678369,442.9423743722477,2023-05-10
CUST9467,East,375.5878556022061,119.80975207135604,473.0308574312443,2023-09-11
CUST3597,North,451.47309885819567,397.9009797329056,497.60037472263747,2023-08-12
CUST7601,East,552.8809815809068,308.5208100151997,450.785111298354,2023-02-01
CUST4264,West,745.7061510256121,467.92784144817114,321.6508470615808,2023-01-13
CUST7334,North,465.98597978437664,106.67398994435162,94.7754006851866,2023-08-15
CUST5250,North,651.9471941968728,410.5159186573415,257.935199613142,2023-08-23
CUST3450,East,493.5728720948597,426.87408656886845,51.279063816611284,2023-12-04
CUST9686,South,225.97655423521311,356.9614631094827,128.85704364171295,2023-01-01
CUST8798,North,165.5551379748908,147.75638954446003,225.5146755837936,2023-09-01
CUST6373,South,831.0321291604137,462.9582700944635,109.88861883556395,2023-11-24
CUST2131,South,670.3148375970435,488.2940853944123,282.3809240967812,2023-11-06
CUST6655,East,526.1064507224203,274.8930507968739,104.38282793838769,2023-07-06
CUST9885,West,93.01489533678077,355.3099289350582,298.06707291989915,2023-02-20
CUST7547,South,312.50726680399976,362.67327762932825,325.492227715631,2023-11-12
CUST5316,South,968.0014001610643,316.49640198139775,230.14102382500894,2023-06-03
CUST8289,South,510.518359242884,451.1453114362381,221.55060419357048,2023-05-17
CUST5129,South,988.8357720321004,361.19397605874576,313.7239789383844,2023-11-26
CUST9834,North,404.6861956793498,175.14096032794254,344.67143232877174,2023-04-01
CUST7584,North,199.68199706552792,224.22592097411257,485.1140972589256,2023-10-08
CUST8058,East,833.6693396158356,312.76284925453785,207.3596386065635,2023-11-27
CUST7493,West,186.77633699388738,274.01929221114335,422.80118518434256,2023-12-17
CUST9205,East,511.91184346546703,344.15425613305786,492.1899777594229,2023-11-05
CUST2652,South,71.31658731488997,362.79270969014317,426.22695183051997,2023-05-29
CUST5945,East,316.88985166692197,479.50136858991596,76.4772280732351,2023-06-16
CUST2195,East,263.4465565563855,327.4290254562877,222.52306611868516,2023-02-25
CUST8392,West,815.6497773613095,190.18347943060616,174.8607136030376,2023-06-04
CUST9272,South,747.48024845262,146.5734195222871,162.90386287033124,2023-11-03
CUST4210,South,644.3752154776298,445.8146896261717,395.61632171920695,2023-12-26
CUST9160,North,824.2711701015711,430.28000196473613,103.38878273964554,2023-06-09
CUST1753,East,293.69150742412813,483.86409404558844,458.7998394145185,2023-07-10
CUST8524,North,248.44781542497162,400.16521281593776,331.5224648670673,2023-10-12
CUST3623,West,76.60438213793297,331.5058738093909,494.8595555827559,2023-03-31
CUST8034,South,995.7425574003722,316.30388722445053,392.00553250999263,2023-12-05
CUST6960,West,338.0474921262468,163.925902033654,206.6008903333151,2023-07-08
CUST4938,North,13.173657662661801,428.4696724759155,331.53646988145056,2023-05-21
CUST8667,East,844.3204173136409,456.50734803081235,180.8002665678445,2023-07-01
CUST4526,North,109.5232294662526,340.368197353949,360.4200897653732,2023-07-30
CUST3065,East,814.0605313983347,477.916362465076,265.27692733597945,2023-03-05
CUST9363,South,954.2290831606299,262.10027075349194,360.7238397980737,2023-09-14
CUST9436,North,112.16730120979852,112.7269867135682,252.4286968783918,2023-11-13
CUST6433,South,739.3738696789369,294.5949015132463,395.5435812803465,2023-11-08
CUST4074,North,839.3762332149755,430.84939411285404,289.6146043463539,2023-03-18
CUST6214,South,93.05331719859316,417.10024349195936,152.15983860135452,2023-02-22
CUST3116,South,25.049960330047988,312.4358969705901,327.3289576275404,2023-03-27
CUST6293,South,6.222249902364741,468.59054094002187,411.0494489634209,2023-05-09
CUST8437,North,62.6186402889652,374.10852838698816,250.30233824460785,2023-09-30
CUST5355,East,170.55516670241624,333.95463757293965,122.95005179736599,2023-03-29
CUST2700,North,118.43034906344474,184.20966914772663,381.4806524786313,2023-11-24
CUST5696,South,382.82313633432716,371.4885956449167,401.91766824920853,2023-10-25
CUST8194,West,174.33009225525203,212.25258930487075,331.87291393137986,2023-01-18
CUST5920,West,206.5861749263282,111.66303363345142,157.36224306473042,2023-09-13
CUST5985,East,324.593640226423,263.0366963595813,253.62985957066323,2023-06-12
CUST5205,South,589.7145637813858,203.50776192168644,177.7661236388384,2023-10-20
CUST8453,South,374.7947008051239,161.77552935307108,444.6384865209702,2023-05-27
CUST8917,South,976.5964000878816,119.6989365064844,192.40497807885995,2023-08-26
CUST9940,South,268.94526286186806,437.14175639133674,483.87684497305867,2023-06-11
CUST8471,South,996.9067520458816,249.57801073115706,416.0628798012842,2023-06-06
CUST3174,North,299.3296864746609,491.07006010232334,361.8327934312469,2023-09-27
CUST4495,West,437.8049241932192,284.73110336780553,350.0211422563524,2023-11-19
CUST5843,South,342.03819023643507,437.44602801918876,172.23118883894233,2023-06-05
CUST9094,East,230.57698525069094,396.44850465253256,158.43846448304055,2023-05-22
CUST2004,South,965.6129866043044,362.7182173555376,90.28491543700781,2023-05-11
CUST5170,South,144.39090308228555,427.8314423927815,260.5487050378789,2023-10-19
CUST4026,East,660.7685005012012,134.38962107730316,372.32637582442294,2023-12-27
CUST1189,West,169.80191956622934,114.50072015299267,427.7888649191778,2023-06-01
CUST5021,West,605.691469391609,280.9738357385213,307.4650848611496,2023-02-10
CUST4552,East,913.4892833971636,323.8888017673079,171.9249990324478,2023-09-23
CUST2185,South,205.51236341739732,130.65350947926166,353.17353052845124,2023-06-13
CUST3933,South,217.17781164710334,310.80969603488757,333.95834800801344,2023-03-22
CUST9431,North,578.960757681397,391.5196006973478,72.73621872734161,2023-07-26
CUST2470,North,942.5959767459485,402.424842859462,228.17033422844153,2023-01-23
CUST4489,West,841.2247724611063,478.34711761763833,412.3450162803257,2023-06-11
CUST2857,North,743.028138977586,336.7128738906762,285.9686597609935,2023-04-12
CUST9993,East,568.0188857209614,464.42742130289827,450.55937083454,2023-09-21
CUST4109,West,942.2503708456501,386.41578587315786,206.4141417195146,2023-10-12
CUST9171,East,522.4024914043717,232.5711590193714,279.45331143818214,2023-03-24
CUST3487,East,685.4317268684006,316.0248966890209,63.15234072526003,2023-04-13
CUST9813,East,707.7431644942386,127.49144232842053,175.5554787133534,2023-04-08
CUST9362,West,396.7551460502931,296.5248315886189,154.0490707574421,2023-12-05
CUST8134,East,353.80055785162267,341.4100194126657,265.30574861993284,2023-11-16
CUST9352,North,223.78595681607908,166.04078338198167,109.65520160312097,2023-01-23
CUST2934,West,547.5152636179654,210.8973125044932,346.7582397729352,2023-10-04
CUST9228,South,205.75871959393456,397.1211848019284,220.54931092112824,2023-09-24
CUST3648,West,440.6256267694511,365.57543877515593,456.6668263825485,2023-06-05
CUST4660,West,614.4371402078659,390.9859984785698,81.36070049492872,2023-01-12
CUST6418,West,820.3386060800225,490.84008646377174,220.59330676474644,2023-01-06
CUST1891,West,573.4930670766496,368.7289946447214,157.4813436926824,2023-11-20
CUST1791,North,529.5452825917108,216.32691469630964,192.66012353896886,2023-03-07
CUST3364,South,884.4921470538834,324.1477394159873,117.54026630842044,2023-11-18
CUST3290,South,950.529545862501,287.68638806154115,219.741816119293,2023-08-24
CUST4220,South,522.6997055509271,267.3979119106077,96.56221843503869,2023-11-08
CUST7813,East,7.360427581136388,338.2075801543159,392.3534578184739,2023-03-18
CUST1464,South,685.868994514235,495.84581174770676,424.8567452330808,2023-11-07
CUST3668,West,195.11397814710182,339.7757423032955,417.08500518242994,2023-12-09
CUST8023,West,68.06267609093969,343.95964552619364,358.2472016819286,2023-01-21
CUST1362,East,637.8501677019979,244.9574905089846,397.22498247638515,2023-05-04
CUST5564,South,972.5684454720487,292.4590837078797,262.1150050814259,2023-12-31
CUST3881,East,759.7722967194952,211.84444963355023,458.61135218212837,2023-08-03
CUST1021,West,42.036772645321456,270.4401004489673,372.9342868865723,2023-09-21
CUST1404,West,332.7620695137932,277.2112639974038,429.9809718669234,2023-02-21
CUST1477,West,973.4754754969986,124.354116838279,412.7791871432895,2023-06-11
CUST9380,East,362.5383329553707,286.39109463305147,384.6388154847885,2023-10-05
CUST6183,South,271.0272156261723,259.7459602031172,156.27735939918156,2023-07-22
CUST3245,North,995.1166577442548,420.11288501486587,321.77144152901616,2023-09-16
CUST7466,West,563.7540908270502,198.04495229036863,63.11740551149708,2023-02-06
CUST1109,West,196.73258256064202,245.92661614523047,116.90801213502462,2023-03-01
CUST1697,South,846.9479300002655,195.76079202809873,272.4178444029478,2023-04-15
CUST7314,West,807.4815127109181,213.13466890322286,393.98701994179373,2023-07-18
CUST6173,West,802.6169632635886,261.71944183233484,333.667063292339,2023-02-28
CUST6431,East,102.66994556622937,108.92636327353262,255.32071610492494,2023-06-01
CUST4227,North,750.2718795482166,300.584090398438,265.1652738781372,2023-06-15
CUST7187,North,326.62936190547754,473.58024416987183,231.27154152627722,2023-08-27
CUST4194,East,641.3213837765802,447.0577620810334,496.22479213686023,2023-05-25
CUST7771,West,578.519589319068,258.70505306799953,157.33844600060712,2023-12-06
CUST1046,South,977.7397787637652,433.5711730663053,385.6081586537633,2023-11-30
CUST6996,South,503.21106440741227,390.6801309791939,252.24238897386525,2023-01-07
CUST2584,East,711.0052077595091,217.0080749858628,288.8469365631212,2023-06-03
CUST7968,North,661.6464727863417,144.82132804859432,308.1512093915894,2023-02-19
CUST4593,North,326.3428713739702,114.80242097642494,131.66423532683626,2023-02-02
CUST7614,South,910.3275703475132,179.8744726369899,220.96881743940517,2023-03-05
CUST8414,East,367.28813693386036,493.6347648995715,131.84380279972424,2023-09-16
CUST1854,West,745.0438023322847,245.2706514635064,105.33608758152059,2023-09-13
CUST4115,South,289.9050877086504,275.83396941724226,404.25696885774596,2023-05-10
CUST7239,South,524.8635489872252,363.6590355086572,312.840859869354,2023-10-01
CUST6825,North,4.5449067012641455,325.7079305625441,462.5066840465902,2023-07-15
CUST1344,West,524.0750911969867,233.08016547641694,119.3118768056068,2023-03-05
CUST1801,North,832.7082082496117,103.41326961840029,345.8305017391115,2023-04-11
CUST2415,East,804.8288905284984,324.43480502140375,83.21727230834071,2023-05-23
CUST2968,South,905.3712175660492,167.15627976564332,312.0896654952954,2023-05-16
CUST2380,West,430.9656059930349,187.87053273895955,499.11624273758406,2023-09-06
CUST9700,South,546.0467661170517,286.5176071051427,379.00983512872966,2023-07-20
CUST6962,South,158.6443451787224,304.2182544053006,272.10043049663375,2023-01-24
CUST9092,South,127.62279422765822,493.142778017263,363.94268297943614,2023-02-07
CUST1824,North,958.1536967655808,320.8680151316594,254.09347557342306,2023-08-10
CUST3193,South,770.9405275300643,347.1187866522157,152.10657614785458,2023-03-22
CUST5659,West,648.0965559735398,267.12755038512216,228.4570116819944,2023-01-06
CUST5598,East,165.60000628380055,118.4636940278049,315.8463531399009,2023-05-10
CUST3624,East,323.0250105168001,231.8019123402056,458.9622377967162,2023-12-30
CUST3771,South,224.25555210438824,284.4811485344307,404.17136158863724,2023-07-15
CUST9968,North,676.5760695007285,470.49715698235644,156.12429133849193,2023-01-25
CUST7174,North,406.0213350970665,156.5066968533322,344.95536942660993,2023-08-24
CUST5143,East,107.9908565453542,206.9834996214948,486.53016718983554,2023-11-09
CUST9398,West,560.1834075870012,127.52171515345339,227.2024631705263,2023-07-18
CUST7340,East,958.2188524186976,284.8130037164333,296.11128899820517,2023-07-12
CUST9261,North,425.5302246557709,299.1391538391533,311.7847111058962,2023-07-26
CUST7981,North,609.7609454209784,442.25964667802424,274.90384429132564,2023-01-20
CUST4469,North,804.2877784246477,206.33261749932433,199.44884680736328,2023-03-13
CUST7267,North,213.91542165346988,440.3965721908712,242.7537808274483,2023-03-13
CUST9948,East,33.78890147642943,320.8658618489753,68.24520528391074,2023-10-29
CUST2752,North,166.45611572691575,298.9333524525828,406.5095645469331,2023-09-14
CUST8868,East,372.41783241663734,343.2795454698088,313.3129167097272,2023-11-22
CUST1085,West,616.5992755823268,314.5295233479418,146.12825722882798,2023-05-22
CUST6576,East,389.31455660328066,150.3031003786318,137.3145960575916,2023-11-12
CUST4541,North,435.826870031255,251.65139863048526,179.6176463818127,2023-05-19
CUST7703,West,785.0694535858646,385.72369235348015,362.71233725014713,2023-03-24
CUST4306,West,114.65565785103877,208.78606272150742,137.62986610720947,2023-01-24
CUST9575,North,422.91297820080615,247.7977176115643,103.63333898282795,2023-09-28
CUST1295,South,57.046760538218436,425.3114072518094,285.4946500762743,2023-07-11
CUST8444,West,225.6798942451356,312.24585103640356,220.44029352502108,2023-06-17
CUST4382,South,296.189226121088,254.93233020512264,282.13397899198753,2023-11-17
CUST6976,North,650.0086902073671,360.78013729544193,244.1175945480128,2023-03-19
CUST9779,North,452.7629201496776,158.71994348456872,78.75531932665994,2023-10-11
CUST9577,South,395.5800344091567,457.2552942519132,57.95833116687055,2023-02-22
CUST5662,East,927.4603652109088,196.46473823891392,480.3615539235411,2023-07-26
CUST4844,East,859.7430924934046,420.7839222137643,211.11810498916773,2023-06-16
CUST5331,North,100.60698383431948,421.6523372904123,243.4196497288692,2023-10-05
CUST8133,South,364.16681138052803,302.47284586169303,273.5594641809621,2023-12-05
CUST5397,West,89.4368093784396,144.39413662601308,242.4653019877171,2023-02-17
CUST4632,East,160.50199130267984,232.56694503907895,416.5690222371433,2023-08-05
CUST7567,East,843.8260941878314,216.35497181123412,284.2715496989298,2023-07-07
CUST4528,South,1.6611303481156698,245.4015565175708,295.65772851721,2023-01-30
CUST8230,North,634.8152201179349,468.78898650768946,373.9903286554496,2023-10-06
CUST5228,North,186.10154330667856,418.0513421916034,435.4811357807604,2023-09-06
CUST5351,South,104.47826232887434,266.8863281219273,405.3963930876135,2023-05-07
CUST9158,West,662.1806194287882,432.31345972840995,407.51420411519086,2023-01-05
CUST6046,East,879.1653748357339,301.148474756337,184.59304522655225,2023-01-14
CUST9026,West,654.7579114325648,116.68899958184488,253.9885072879425,2023-06-07
CUST9424,East,610.5527870266475,212.16243344432883,278.0498188168209,2023-09-16
CUST2730,South,288.1400599550972,417.0048226058579,180.66379653499789,2023-09-04
CUST5214,North,327.3776218466868,328.2839379357391,354.7927808754578,2023-07-23
CUST4627,North,321.71604553945883,239.0547243218621,116.71073253087124,2023-09-24
CUST2196,South,294.96218850619493,275.4309136198011,388.0077972990734,2023-04-20
CUST5524,West,213.32755211910813,312.3296453533094,427.20358521551515,2023-07-16
CUST4176,North,582.2410366241903,213.20636916514349,480.302897401923,2023-07-16
CUST8041,East,843.3454075723979,485.18313571130244,364.8968973757785,2023-02-18
CUST8917,South,453.3050330455761,450.5749082999954,184.06398056441495,2023-12-03
CUST7990,North,799.153263926885,313.2794145927934,466.95383500516124,2023-11-11
CUST7798,North,340.82405616170456,345.2173326498046,103.27912418194485,2023-01-05
CUST1413,South,794.8642456414543,467.6521504100511,153.18003636071165,2023-04-03
CUST8059,South,435.6185703140984,479.2571760106811,96.3067189525438,2023-05-06
CUST5497,South,910.3155029535434,269.00547849695346,140.2189659688928,2023-07-18
CUST6334,North,467.8945466527965,151.34616185558207,197.2862499501161,2023-07-24
CUST4450,East,432.8509238888979,365.0843374095996,128.85198516692873,2023-10-18
CUST3537,North,635.885519664593,486.50067125665475,160.86681936120624,2023-09-05
CUST1537,South,114.30941120430667,467.88709572437557,401.1670311042839,2023-01-16
CUST5772,North,757.2334550590352,381.1053468005064,180.20330631589567,2023-12-04
CUST1201,South,68.62463249527288,384.04951513003346,144.250872694921,2023-08-05
CUST7799,South,908.7391254712898,329.9888493757875,364.51772762432,2023-06-15
CUST1085,West,308.1524999042422,319.94424803676446,406.8680238987236,2023-07-30
CUST5772,South,198.88418945087756,222.9611939703194,176.2851786323481,2023-07-19
CUST1082,South,69.80099788802853,495.726849846974,482.30308818683886,2023-05-31
CUST1581,South,723.6576618625536,376.27535592227446,260.2625584985151,2023-07-29
CUST2288,South,104.53720420490376,291.6138191752055,424.51893773196554,2023-07-01
CUST7584,West,786.3385408994208,108.28529484909257,400.49254825814705,2023-07-19
CUST7977,South,944.3507398128911,482.4484601902278,304.2520443576517,2023-04-26
CUST6878,West,42.11863834676564,267.8530675505492,306.14113946656573,2023-10-02
CUST8431,West,378.83645129085284,347.4518489036832,77.7340777777031,2023-06-03
CUST3879,North,899.8292837611349,312.2717965612194,349.15965104592385,2023-09-15
CUST5173,North,300.0808388408512,108.63794259349113,380.62970195832196,2023-10-02
CUST4249,West,310.384130005016,262.72042863673994,471.5579028635499,2023-01-06
CUST4984,South,660.4056099649476,349.0963401777519,157.04121786075234,2023-12-13
CUST1846,North,931.7704657072173,200.95006331016037,154.51095510528992,2023-07-23
CUST3014,East,787.2133675473266,175.01715865576688,429.5836450691062,2023-09-05
CUST9194,West,536.9575674664367,236.8819139322335,281.54334601720944,2023-10-17
CUST5622,East,16.485184451755956,351.30205968500354,153.7584197813543,2023-05-16
CUST5407,South,509.839731459712,372.024421571219,406.99228329620445,2023-02-28
CUST8285,North,989.4661750756221,219.43180579080405,332.33054967625964,2023-05-14
CUST4705,South,827.5732976293499,190.17384448862947,445.03077565425934,2023-06-01
CUST8241,West,265.8802143704266,246.3778855206777,435.6512496261812,2023-01-21
CUST5061,South,242.7963231160653,434.62420285041946,499.0188647013736,2023-02-23
CUST4365,West,158.1734284442295,315.8920294203119,64.23546324821956,2023-05-26
CUST7484,East,439.282525242731,470.4335196460661,160.58555982517117,2023-09-14
CUST6969,East,121.65978618721381,422.5029455649033,253.51683956735403,2023-12-20
CUST9816,West,474.07456415503447,106.36332378808704,384.57789091748054,2023-10-16
CUST2101,South,173.45079358088267,451.153780128009,157.66780606453597,2023-11-07
CUST2418,North,616.783935448492,170.69773209891244,309.8325099624824,2023-09-25
CUST3383,West,132.6932032943394,137.2234284671353,423.37801970659376,2023-09-05
CUST5245,West,35.49023461572806,246.23419968772419,108.95129718224007,2023-03-05
CUST9124,North,973.6202532970963,317.4240092061825,324.6076063294174,2023-04-04
CUST3957,South,326.78628767823477,382.9862937129218,131.76278137293207,2023-10-09
CUST5409,South,148.3295608218113,301.43777991333513,387.68167173634083,2023-05-30
CUST9714,West,165.5732648962393,244.96099460568666,464.5926252685664,2023-02-26
CUST3445,South,219.73565542796845,392.7878663392681,489.4991823990204,2023-03-27
CUST1258,East,852.2307220515554,189.0693279543343,241.84701139687073,2023-09-16
CUST4531,West,935.047828547035,116.97805492369349,494.323946106941,2023-02-24
CUST8066,North,434.8509498387587,154.10759527457776,415.9753585318484,2023-07-09
CUST6845,South,663.1540575971645,240.04518765223096,86.87182132396492,2023-08-03
CUST7000,East,735.8720469971806,319.2910802882782,405.78731883672015,2023-11-15
CUST3183,North,534.3633936556188,182.97101423204452,318.4918094118087,2023-02-13
CUST1640,South,854.8020402139249,384.09296295109357,209.91774331923676,2023-06-27
CUST8491,South,461.58967361261784,476.34718663948655,262.2243900974938,2023-05-18
CUST6867,North,716.6288289064202,307.5742562092269,116.62202871243618,2023-12-16
CUST3834,West,751.1713379646906,414.84135795883486,389.6238321068677,2023-02-13
CUST6315,South,354.95390300171954,219.25723386339948,363.425470307957,2023-10-20
CUST5302,North,710.5470331721435,449.2447384495272,241.54090406834794,2023-10-27
CUST5409,North,749.4457314136048,141.48255047583825,155.21142387483462,2023-09-17
CUST2594,South,552.79435154298,176.38354617600396,225.12931288374514,2023-12-29
CUST6682,East,641.6987336124585,427.67052319912335,307.4254858642965,2023-11-01
CUST2221,North,534.4925187959011,417.01549859417304,470.68854975346085,2023-10-04
CUST8087,North,189.60874812850773,499.4261444506495,371.26433481156226,2023-11-23
CUST9312,West,924.870969175425,452.8546043180429,419.96848350548703,2023-03-26
CUST4656,North,909.3062164706757,237.22587102827725,333.3684233468702,2023-10-31
CUST3318,South,650.8508124073694,299.89015827303047,371.715257630969,2023-11-05
CUST3799,East,406.32104614782,494.3337135390021,210.07122014330358,2023-03-23
CUST3663,North,631.2246535629516,138.30981184902078,256.0488414881876,2023-12-29
CUST9414,West,215.86907744532928,350.5715340898755,162.99483757903192,2023-06-01
CUST5122,North,903.6407255691854,362.14710223286096,203.20127477421948,2023-04-21
CUST9395,West,966.7157535499889,260.9201624010742,207.49285638450544,2023-02-04
CUST7957,East,823.2667458177987,250.13941545303803,54.62683413392646,2023-11-05
CUST6121,East,40.057250687266155,357.1059826886716,316.56657735184575,2023-09-02
CUST8766,West,273.8325572828175,303.7735321811073,82.57224889998099,2023-05-26
CUST5479,West,616.9284710694459,121.9896111824887,489.20418032178037,2023-04-23
CUST3877,West,100.69449085835109,474.85744405253064,481.35694846129945,2023-09-06
CUST2708,North,314.2488240768553,285.3664128765744,181.9155230806445,2023-08-14
CUST1030,West,237.26061053383535,377.9681677456554,279.0242463373074,2023-02-06
CUST2097,East,683.2426347551559,455.58514255807137,294.7163502681743,2023-08-09
CUST2466,North,352.1490024273855,160.84554585499262,75.61823129248712,2023-03-18
CUST2245,West,988.1135259016613,442.3483822682158,266.8910687430876,2023-02-06
CUST4367,West,572.7689451761113,430.7061526433998,111.00953637988556,2023-10-13
CUST8328,East,762.106647437572,319.1445782334496,384.22242267580054,2023-09-02
CUST9554,East,399.48002294111905,459.93755619696526,299.7890126980187,2023-07-17
CUST1604,South,587.8916349690625,287.4416113357624,211.01758554774463,2023-04-09
CUST3011,West,460.0763517296629,129.34937338533211,376.57525107682915,2023-02-10
CUST5577,South,464.55856612742105,318.7710157969211,255.58929843739398,2023-06-14
CUST3379,South,715.9793737417266,353.64957105996325,242.7848393274757,2023-10-07
CUST4175,East,251.56206444767324,154.66509586117994,54.16956665492007,2023-12-14
CUST1907,North,220.50088219949424,463.6662794722873,109.0166351184738,2023-01-10
CUST6734,South,642.3015413085955,159.84025588362954,393.2018453195357,2023-08-16
CUST9998,North,561.0695125061961,354.4579580682397,327.8148735164052,2023-08-24
CUST7359,North,832.8454721243882,218.9964454031865,186.87488809151623,2023-07-17
CUST6644,South,846.6689195308393,153.65951846772242,147.46966133075196,2023-03-06
CUST7183,West,699.1156602369824,366.8389467764045,356.95121399652174,2023-10-10
CUST4061,South,672.782587086564,184.71000029167243,486.6232968919296,2023-03-07
CUST3689,East,542.4523554543925,300.0317098072452,56.554201616834646,2023-11-22
CUST6329,East,647.8447657665912,105.33831861459974,435.7309693216427,2023-06-01
CUST4100,South,89.7000229205279,411.0621123641609,85.94531276352865,2023-09-30
CUST3454,East,507.71525233808364,290.16784551846695,51.06710943493841,2023-07-20
CUST5411,East,603.0666558222359,201.45680041609464,52.13308443550777,2023-11-19
CUST7730,North,689.9114465906521,381.2762071257474,306.99363506795066,2023-12-29
CUST1981,South,296.77173344761457,290.53855033901624,178.99119367994476,2023-07-08
CUST2556,North,204.45787074707258,373.7576580706591,486.3286565048495,2023-08-12
CUST5224,North,453.03258296706696,410.5320846194927,98.66678924976671,2023-03-08
CUST2575,South,279.53778812886736,378.78259030607063,321.60702652844293,2023-04-25
CUST4699,East,975.7777748945452,461.804388225887,399.5092120269948,2023-10-24
CUST2295,South,99.0109995888081,443.53439821602916,55.48687699014687,2023-06-25
CUST1247,West,284.682063062792,186.61908494777703,370.8946005785676,2023-06-25
CUST9563,East,20.77469928558815,482.3384640284075,340.1653335071259,2023-07-06
CUST8289,South,739.3147595240276,260.3357135655549,456.77692827118744,2023-03-20
CUST5765,West,802.2597245134831,423.88917229187217,153.85912561156385,2023-11-23
CUST7361,South,317.2668597181321,185.9969663003708,64.49104199434537,2023-12-05
CUST3700,North,656.2370223139151,238.8429905391711,157.72542083014292,2023-04-07
CUST3112,South,719.3568023475692,295.10355247069464,449.2209638200642,2023-05-08
CUST6451,West,83.4192314205759,314.38683111079234,216.81789841747874,2023-12-23
CUST3128,South,543.1889753879344,354.49863299930485,380.92653392077074,2023-02-10
CUST8230,South,22.974738556749994,313.26769662406156,466.66731070115264,2023-07-13
CUST1126,West,888.3444835325216,304.21002895394895,170.81347263121,2023-06-24
CUST4582,West,239.04696554352907,321.1194242928895,116.9740548026737,2023-09-26
CUST7487,North,750.915293288427,242.27107546900234,393.24693431362067,2023-07-31
CUST8495,North,905.2982486285171,168.83076969588555,147.05004479815466,2023-03-18
CUST5005,North,720.9698863321512,307.8398761182724,343.84542891985683,2023-07-09
CUST8231,South,657.12255476924,160.29543260201785,423.10242211065764,2023-10-27
CUST8718,West,82.09241134615179,375.18358159256536,169.7241947852877,2023-09-10
CUST6726,South,38.94769050913372,316.5425211469161,418.82378544633434,2023-01-20
CUST6363,South,226.75217113849013,190.07807257397377,151.73078048654787,2023-01-10
CUST1505,East,486.46393717224214,450.47774141201853,292.52317680598526,2023-07-30
CUST3066,South,878.0166409776089,448.1053686788784,276.2820242367218,2023-03-24
CUST9923,North,515.1006110687555,274.38647582562953,143.37137475131732,2023-11-20
CUST3045,South,563.9254127204588,348.6597367293036,133.76343155624483,2023-06-09
CUST2988,East,761.4492844192139,480.1575402998891,73.91486184684838,2023-07-01
CUST1959,East,478.91666120212653,226.78381569266963,140.54182409796124,2023-01-30
CUST1697,North,751.0243936198345,326.635016381376,171.31808731210106,2023-03-27
CUST1766,South,446.4392604759837,400.6989500603192,389.7682877466733,2023-02-20
CUST2745,South,169.44376356150755,453.18737898735304,173.2332780095428,2023-08-14
CUST4658,North,157.21946616720967,237.88407959795356,66.96503450469753,2023-05-08
CUST9876,South,984.643050891314,137.5170715995888,243.15864540960425,2023-08-30
CUST5619,East,546.350349818806,112.86789740403131,293.6805913782348,2023-04-05
CUST4277,East,364.1472542505252,441.18394518294815,470.3551302104821,2023-02-08
CUST1808,South,534.5083137795107,226.40389550898806,72.31930698516847,2023-03-21
CUST1671,North,350.7056309456431,372.13586941173855,310.96188229188016,2023-05-17
CUST3673,South,309.84075506904173,119.2642368083245,175.25965124379644,2023-06-22
CUST1652,West,309.14641442748234,233.1786486878842,134.9019228692244,2023-08-18
CUST3415,South,27.370992920272233,277.9248064322752,427.0092243648611,2023-06-23
CUST9915,South,251.49367887344525,332.5795251048364,84.73995358072949,2023-07-20
CUST4420,East,863.4820371537729,298.91862297797917,179.71210811803107,2023-06-11
CUST8993,East,286.22224247270697,269.5629090144648,166.01375108687452,2023-07-06
CUST1497,East,995.8317692295834,398.0494378766602,427.2163538871581,2023-02-22
CUST3372,West,753.3763652322002,364.48688296240607,462.193951964839,2023-07-07
CUST6979,West,389.612571569752,184.39710199913452,408.6450969255174,2023-01-03
CUST7196,West,622.7487911740576,474.46351061076035,51.32198979128794,2023-10-20
CUST6467,East,931.5796646831096,395.50884609740973,144.43409377549247,2023-10-25
CUST1691,South,554.3827556031533,242.16295018978528,306.32233427766135,2023-03-05
CUST9079,South,87.87106076611518,111.19438510574398,317.9146713354909,2023-05-25
CUST6703,East,201.94726002114587,460.43025462004164,128.43605922758434,2023-10-19
CUST2979,North,54.0531843957637,182.5248425574398,239.9525126344994,2023-05-23
CUST2139,East,787.8695706835275,181.47470860768874,488.45831701662485,2023-06-02
CUST7718,West,505.45360680864025,262.85146394160097,349.6620174272196,2023-11-04
CUST5002,East,263.53035686963796,107.79441420690708,245.4153505466215,2023-08-12
CUST6481,East,788.5772732077215,440.71114341124974,215.84114391023147,2023-12-30
CUST5638,East,84.82143644608215,246.48073169767227,417.92027607874667,2023-07-05
CUST8635,North,184.209191954457,321.8022523031275,317.53651739610643,2023-12-26
CUST3857,East,243.09583920390847,283.3687136582307,371.0910151128212,2023-11-02
CUST9120,South,10.709051792226415,381.7591368356272,192.16603462524003,2023-04-24
CUST7685,North,68.04976806833989,421.81452154356833,411.30036678939575,2023-09-17
CUST5195,North,9.89939963690353,227.75741172883227,199.98588907653152,2023-11-03
CUST9896,North,76.76871853273484,275.4831197126556,240.56860477033675,2023-10-03
CUST1484,West,414.5474995921017,374.18874626086307,178.41341693501553,2023-05-27
CUST5076,East,219.02913212278708,420.9469124423183,496.82438920680187,2023-12-04
CUST7576,West,154.176031783461,299.2662067315625,399.7896363683476,2023-10-26
CUST9433,West,964.6410460576075,281.654799472799,478.0001978276291,2023-08-08
CUST3252,North,43.7377893258235,416.8442896700917,305.5845388805193,2023-04-06
CUST3836,West,217.3315633215752,271.9446162794356,241.46346500218414,2023-04-27
CUST3420,West,228.82616642462494,288.0287649522231,323.26960962383276,2023-10-29
CUST8833,East,262.0025925879306,179.7963756050283,76.84837946721562,2023-11-24
CUST1884,North,794.4190291637154,150.12698502145324,360.1634397684525,2023-05-10
CUST2024,West,158.7978876259727,427.64203693847276,455.8307687312537,2023-04-10
CUST2367,West,971.8620871627153,235.93642812495523,362.91453829232944,2023-12-16
CUST3548,North,173.2517713680259,262.9636649946174,340.2614579802339,2023-06-05
CUST6268,East,992.909756237229,383.48114686198,288.5038325311575,2023-06-28
CUST3568,South,386.1897290949973,215.10615476238814,468.51026834886744,2023-12-02
CUST8837,East,173.81467294976264,304.3122127555524,430.6092083184111,2023-04-24
CUST6082,East,546.2681348098789,392.4313599410288,297.73783516889705,2023-02-24
CUST7498,West,499.73571160595924,371.9453134663213,172.59383469217505,2023-08-05
CUST7202,North,959.9515861406675,395.5425306814422,343.0828502196865,2023-07-01
CUST2125,East,130.263573562988,116.01138054888098,302.7375140291615,2023-04-24
CUST1649,East,723.0258592835983,298.279078984899,171.14008844352702,2023-12-11
CUST6011,South,156.728235883635,273.4764309741212,303.3733790246441,2023-12-24
CUST2484,West,642.7497962985216,403.79078297645657,178.5267279357344,2023-04-05
CUST9725,West,159.62674625655245,164.0809106076519,173.1295782014169,2023-04-07
CUST7231,North,893.8067084097733,373.0771100548616,401.4878992989526,2023-07-23
CUST6455,North,320.70451314113944,398.6478195002599,50.6807058185085,2023-04-25
CUST9571,North,370.8929498514629,374.2789889280281,219.2302636146378,2023-04-03
CUST9257,West,407.5026727994869,347.06332175296996,347.25290302858826,2023-02-13
CUST4834,South,654.9113740447358,344.7667836385168,150.14010383454468,2023-02-10
CUST6374,South,844.29554622517,449.32047497048296,149.53217149444058,2023-09-12
CUST4794,East,101.35637626479969,248.49884685232033,272.4215729732543,2023-04-20
CUST9766,West,770.8789133254962,414.0573572149674,228.86604555514592,2023-08-13
CUST9308,West,543.6311640262423,336.90392792206273,79.54968469268134,2023-10-18
CUST7974,North,332.2358403871319,298.8692552989396,109.50471559777188,2023-04-01
CUST4431,North,463.3073478848997,448.3371787101802,150.911017825747,2023-09-09
CUST3695,West,623.3356940525242,111.3851763927351,308.56742667415824,2023-12-26
CUST5806,North,293.74017330988806,448.4982126487241,236.04166404529346,2023-07-04
CUST6973,South,477.5147350778847,337.56365384083256,330.1905880457865,2023-11-23
CUST7789,West,693.1230216393889,240.59574931614472,63.02607467113288,2023-10-10
CUST9870,North,593.1558261657854,425.70055677530485,222.33071408926804,2023-07-09
CUST7988,South,89.35132236757195,415.4803369666117,404.10370260629276,2023-06-23
CUST1592,West,544.8708902066583,455.9596201067849,471.3614234973379,2023-11-07
CUST1838,North,23.378270749327598,201.99853549944208,60.94667854309668,2023-04-22
CUST9055,East,803.7374926625366,433.99254466515936,128.58885889523742,2023-08-29
CUST4246,West,752.7012149655455,163.25822528000927,370.64862053250096,2023-11-02
CUST7921,West,945.8502470616489,224.91704298959743,472.596236475866,2023-04-17
CUST3407,West,754.3995334675125,293.7610557960578,308.6940560123835,2023-10-29
CUST9786,West,916.5938045174763,115.99636029767844,127.89418525171922,2023-06-15
CUST2094,North,674.5685549121181,192.1361209328941,252.16588095799648,2023-11-17
CUST5309,West,59.670832648630174,127.17661131971383,419.0270880752808,2023-06-29
CUST3299,East,56.263970382728786,127.407529959941,225.9935786894905,2023-04-11
CUST2914,West,102.4740969592323,497.74295423937656,195.29372116788977,2023-01-18
CUST5327,South,349.3517761767253,350.5083171229743,99.70690984988333,2023-05-26
CUST8758,North,661.3342059264796,145.4750470581141,53.93929989615604,2023-09-09
CUST4082,South,511.4489479639299,163.7926687804672,416.6568184934893,2023-12-05
CUST2188,West,533.3444272382187,182.03615860776335,172.5529969687459,2023-07-17
CUST9931,East,72.88056527038951,476.2701919841222,235.8544197490556,2023-02-12
CUST5620,East,996.0905949351467,187.06793653646847,270.9349630908438,2023-04-29
CUST1677,East,431.1750985784508,245.840874571311,255.4444372567772,2023-08-31
CUST8568,East,849.7840699490391,275.9795153515195,126.86056145676166,2023-12-17
CUST4223,North,54.61881292748981,144.72801022986252,67.61878232159272,2023-04-16
CUST8334,West,642.8949948132461,233.62019882656514,277.78999164456127,2023-04-05
CUST6164,South,206.68450855912315,464.326100145504,243.10100363581822,2023-06-30
CUST7908,West,235.1946089267804,147.70142029620644,438.0864822554568,2023-02-10
CUST1035,North,980.4487557076563,172.12246455439288,455.51243859168795,2023-09-13
CUST1574,South,939.4046932036234,275.42707219436704,482.11963686229905,2023-06-22
CUST2603,South,751.590324188916,200.28466418666122,309.9858155275065,2023-11-23
CUST9798,North,960.8921904062162,162.75235214530954,166.7570491220301,2023-11-18
CUST5118,North,378.46863193383564,235.73565476299257,438.25782319614785,2023-11-06
CUST7837,West,830.5093898053411,276.44698512030993,340.25097575930283,2023-05-17
CUST5404,West,400.0765811538333,498.9366362522811,469.5244210986881,2023-04-24
CUST4534,East,542.6019967700344,113.81808106018711,160.97149158869274,2023-05-20
CUST7876,South,529.7200468739351,302.31906563585915,389.14874112170054,2023-05-01
CUST2009,North,639.3544206436259,310.19823011242113,252.90584456422158,2023-03-15
CUST5343,East,450.2665503134056,394.5418280704929,169.41704081191125,2023-01-16
CUST7551,South,83.84074274467356,431.274937631896,443.65003113349695,2023-09-26
CUST5834,North,834.5663042850288,375.570534395957,381.67388840013166,2023-09-11
