user_id,home_network,roaming_network,call_duration,data_usage,roaming_charges,timestamp
USER2501,Network_C,Network_X,173.5981828265372,85.95036742956374,21.553458629161316,2023-08-19
USER2194,Network_A,Network_Y,283.6050177525346,459.09928068040915,43.018579780224115,2023-01-31
USER4510,Network_B,Network_X,35.398444302584195,507.3140760586525,17.110614970706674,2023-07-21
USER9585,Network_C,Network_X,266.53887141755354,203.18240528426568,198.9399561542211,2023-09-19
USER5463,Network_B,Network_Y,98.05218080409867,918.0276575335249,134.58749469257108,2023-04-14
USER8652,Network_A,Network_Z,220.94696751590425,649.3737932178443,24.964565589762678,2023-01-31
USER1403,Network_A,Network_Y,196.0575110588349,155.86692012608202,174.0399866774687,2023-10-12
USER9805,Network_B,Network_X,207.5706218437424,535.0802944028112,13.478731863804363,2023-12-30
USER8835,Network_B,Network_Y,6.914952476719469,720.8414716707679,47.343138102793255,2023-02-27
USER3212,Network_C,Network_Z,208.73450995750935,432.91808996375534,105.38583050391229,2023-07-11
USER5365,Network_B,Network_Y,2.2645078480384653,124.50667936885998,165.9437634563319,2023-06-30
USER3907,Network_C,Network_Y,81.07292463386912,537.2207534265665,82.67708602083474,2023-05-08
USER3882,Network_C,Network_Y,298.34141699613605,389.30688660760586,183.28825660529003,2023-01-09
USER8092,Network_C,Network_Y,16.660162116495727,614.2390699829109,27.992044830470363,2023-05-17
USER2041,Network_A,Network_X,205.95164064637729,793.0325279004136,185.46191498252873,2023-04-02
USER7830,Network_B,Network_Z,213.30971291073112,431.3835576166465,175.20846612139914,2023-08-23
USER6387,Network_B,Network_Z,71.26860321338215,841.5440828869318,135.67504626086327,2023-07-09
USER2325,Network_A,Network_Y,196.36449633957895,644.0935842223086,63.83204592923024,2023-09-27
USER9030,Network_B,Network_X,17.393211030781995,343.8525010345907,177.97641664021722,2023-03-15
USER3534,Network_C,Network_X,22.51785087887687,399.68668944404016,16.226846161882374,2023-05-27
USER2165,Network_C,Network_X,70.42020919283613,295.36498464607024,140.72147721892853,2023-12-04
USER1783,Network_C,Network_X,91.27086923700048,69.38686599951586,132.10736666643993,2023-10-23
USER7658,Network_A,Network_Y,214.09005958708363,369.61680330797907,172.7803731358495,2023-08-17
USER1876,Network_A,Network_Y,123.72227414677567,598.2209908930234,154.722854292431,2023-10-19
USER8118,Network_A,Network_Y,256.7813098758651,904.3793104932823,188.63571212908116,2023-11-11
USER2887,Network_B,Network_Z,89.2162216929444,7.935810692565703,41.11279265647162,2023-04-17
USER7334,Network_B,Network_X,223.81495535764367,822.315384817965,74.1597118387417,2023-11-25
USER9549,Network_C,Network_Y,168.99317994210165,319.4347566470021,40.06127015607831,2023-05-03
USER2989,Network_A,Network_X,81.83558498500163,762.463050554663,64.83116853656432,2023-09-22
USER2116,Network_A,Network_Z,66.92645477906542,100.14157112193055,55.75420813393558,2023-03-19
USER2049,Network_A,Network_Y,281.41350403567975,67.20768264418639,64.61529842562996,2023-08-02
USER3432,Network_B,Network_X,210.4931559925709,612.4119729105076,192.68919386901936,2023-06-20
USER9348,Network_C,Network_Z,128.2094585019209,706.2183478822328,144.6986083030131,2023-12-20
USER2421,Network_A,Network_X,120.0301620931727,514.0616651438568,155.1943425583606,2023-01-14
USER2315,Network_C,Network_Z,281.9579995126687,878.7205450749333,27.635399128757598,2023-12-24
USER5340,Network_A,Network_Z,194.09168831012298,405.8961538425382,162.30366502751357,2023-03-16
USER8395,Network_A,Network_Z,119.82454310496348,750.2630911727725,181.50197767537776,2023-08-28
USER8829,Network_B,Network_X,240.20563302861527,43.75465416713466,59.18891815159788,2023-03-13
USER2647,Network_C,Network_Y,233.00398795343904,893.2719800653205,46.6853916167949,2023-05-31
USER6875,Network_C,Network_Z,132.09755109948713,385.5741865770627,141.16533114925699,2023-10-07
USER1913,Network_B,Network_X,230.73888154582897,623.6102749384773,11.519867859368885,2023-04-11
USER4235,Network_A,Network_X,125.70907686775976,652.4124892625415,154.43200682241087,2023-08-18
USER7480,Network_A,Network_X,298.10460755379694,880.8974591042446,29.815027646817754,2023-07-14
USER9803,Network_A,Network_Z,161.73665736923584,183.50849561671245,181.94862634970656,2023-03-22
USER9844,Network_C,Network_Y,54.86285727683316,781.3079300956988,36.98165673306518,2023-02-07
USER4373,Network_A,Network_Z,24.3557049364468,442.3182913786982,54.041638282736905,2023-12-29
USER9048,Network_B,Network_X,280.6171180594935,142.0333167927561,30.697440961653236,2023-08-04
USER6465,Network_A,Network_Z,100.58440780457096,644.1415499629717,68.4036545438595,2023-06-26
USER5792,Network_C,Network_X,27.403808779892987,29.47564302262181,110.2575739864369,2023-06-04
USER9996,Network_C,Network_X,280.96326443685587,180.6586492551892,45.60780856900646,2023-07-15
USER2378,Network_B,Network_X,57.618218569571546,902.1918939167666,177.7113933677351,2023-03-12
USER2496,Network_B,Network_X,50.539000136467315,193.2392535985447,140.2467297204636,2023-10-31
USER6571,Network_A,Network_X,1.8329892197174547,962.6985081743092,45.713472164231334,2023-12-20
USER7379,Network_C,Network_Z,160.95086705568337,258.58981428815326,158.35534347094,2023-06-06
USER5998,Network_B,Network_Y,38.84272961247231,380.7150903121429,11.407075248329413,2023-02-22
USER1033,Network_B,Network_X,112.00489232925578,619.1222462234407,156.47831079839696,2023-12-02
USER7340,Network_A,Network_X,81.60286607542506,324.3508149119734,65.80626476497604,2023-03-22
USER6257,Network_C,Network_Z,56.146221616866484,641.7116250453809,120.86872150695382,2023-02-15
USER4051,Network_B,Network_Y,217.01058680995004,412.24471919582925,128.48472006555386,2023-03-14
USER2293,Network_A,Network_X,285.3848671435579,983.9266906765988,139.7660650254681,2023-07-03
USER7205,Network_B,Network_Y,159.97180598963027,599.1922776768022,135.44121853025177,2023-08-29
USER9522,Network_C,Network_Z,4.930751502719992,334.9919042566725,57.16324706828802,2023-02-18
USER2894,Network_A,Network_Y,90.84118634882024,213.96939225102847,91.73445928947035,2023-07-15
USER6361,Network_B,Network_Y,106.25141657269916,464.46499437845915,92.03333654786246,2023-09-03
USER9678,Network_C,Network_Y,95.54661091273266,59.41938937339281,128.08913504517412,2023-08-17
USER4607,Network_C,Network_Y,6.7188607063357155,919.6249305260153,153.44076754046006,2023-11-01
USER9040,Network_B,Network_Y,256.3687731174128,348.504465262256,91.48805986840925,2023-08-31
USER5369,Network_A,Network_Z,44.61014001358152,353.3371804803483,137.91085804352005,2023-02-28
USER8017,Network_A,Network_Z,295.28557861857485,825.8617261284365,49.6343051831867,2023-05-13
USER6360,Network_B,Network_Z,1.3251570090774352,896.0555031999442,24.060858050288104,2023-09-16
USER1068,Network_B,Network_Z,225.02032157111722,155.61818200470339,99.1863822306226,2023-11-06
USER3303,Network_A,Network_X,77.75488686939639,551.5736099778518,109.70995575158358,2023-05-06
USER3643,Network_C,Network_X,107.17512814605416,786.2302971356562,162.73543265937408,2023-08-10
USER2652,Network_A,Network_Y,220.4052388133927,434.4838929962865,48.68932709076539,2023-07-20
USER1007,Network_C,Network_Z,7.611553483484842,172.9145761253848,145.21710584184473,2023-04-30
USER5916,Network_C,Network_Y,30.459547920262274,346.54012346667577,91.91429327354334,2023-09-15
USER9852,Network_B,Network_Z,218.8816816088385,227.4503623210748,122.37229904973769,2023-12-27
USER3158,Network_C,Network_Z,215.62163643477257,765.6419841427594,152.12738242116149,2023-07-01
USER4703,Network_B,Network_Z,289.0208283883144,7.6132782141331985,48.34868430142407,2023-01-06
USER5350,Network_B,Network_X,78.79134746172811,310.303764174089,58.34916616311298,2023-02-22
USER8141,Network_C,Network_Y,230.52546416923985,896.1326141140585,68.21088666294955,2023-05-07
USER2187,Network_A,Network_Y,47.38611397974988,89.93203867768153,77.47792597726888,2023-08-26
USER6490,Network_A,Network_X,18.93024494827899,41.12581893307847,106.62071841487814,2023-03-19
USER2857,Network_B,Network_Z,293.68248083681226,229.2786748954569,30.82707015092147,2023-01-19
USER7964,Network_B,Network_Y,207.1171429138908,986.485973389963,95.36620249723698,2023-04-28
USER1400,Network_B,Network_X,32.57741400923379,575.9578841331751,60.55379543274995,2023-09-30
USER9339,Network_B,Network_Z,135.08480833122437,208.36218760255667,130.17555746631214,2023-03-31
USER3105,Network_A,Network_X,194.83270647652267,81.62148407690604,182.01777511519538,2023-10-29
USER7502,Network_B,Network_X,100.77402250246277,303.7513717551489,94.88763336688751,2023-01-07
USER1588,Network_B,Network_Y,245.44102989218516,736.8959198087845,184.47970673636874,2023-01-20
USER4447,Network_B,Network_Y,137.08512395922526,70.01178375560973,52.985045923908345,2023-09-14
USER6764,Network_A,Network_X,189.55015420681448,117.66901965950363,28.79419855213865,2023-12-27
USER4444,Network_C,Network_X,192.68820509755096,730.5618198746413,118.24504910740555,2023-08-05
USER6693,Network_B,Network_Z,95.68866632050207,866.9001444930532,182.73272697704235,2023-08-22
USER4126,Network_C,Network_Y,252.7062196214551,231.88516997532423,131.07206054869727,2023-03-30
USER8260,Network_C,Network_X,123.75502738159635,752.3482909866854,44.88983968819515,2023-11-13
USER6637,Network_B,Network_Y,33.226235720733214,305.11769066926223,152.51324482598812,2023-08-18
USER1985,Network_A,Network_Z,4.367398018974563,472.92601746834316,62.100053406980486,2023-07-17
USER2300,Network_C,Network_Y,202.59596571518708,599.5706415243194,22.01930385314557,2023-01-17
USER3889,Network_B,Network_X,45.37702668578253,83.11529095180406,182.9537771213067,2023-02-09
USER5879,Network_C,Network_Y,236.5150783864933,214.401692974846,98.84201956090297,2023-12-03
USER6777,Network_C,Network_Y,17.16183013420461,971.3545967673334,116.8244097905814,2023-09-16
USER8391,Network_C,Network_X,67.56488350696587,697.8105701415266,72.52557023535974,2023-07-13
USER3113,Network_C,Network_X,12.699167829377773,659.9716143097941,118.07009140969012,2023-08-01
USER8792,Network_A,Network_X,22.943553477636915,595.7071578617076,49.125129047135424,2023-12-07
USER9010,Network_C,Network_Z,253.9626690139917,285.52936890359973,145.15141184827615,2023-03-16
USER2231,Network_C,Network_X,179.02668016850274,739.2500479309791,13.23315029125286,2023-04-21
USER1793,Network_A,Network_Z,146.39442533480005,47.00263343895298,14.929528851583923,2023-01-23
USER3590,Network_B,Network_Y,147.09079473687342,964.9011530618412,34.41317000978037,2023-06-24
USER7620,Network_A,Network_Y,207.6275896537524,73.34167819703754,32.476831574319704,2023-02-02
USER5630,Network_C,Network_X,39.743004846351795,665.4195945813426,26.5182052959428,2023-04-10
USER2178,Network_A,Network_Y,235.69984155038853,120.4132857849567,179.5160473801188,2023-07-27
USER1611,Network_C,Network_Y,254.978777593131,404.47243072274426,96.4211603711184,2023-06-18
USER7537,Network_A,Network_X,269.0069997205463,529.7661105913942,99.81682035012757,2023-03-20
USER3943,Network_A,Network_X,55.3370189956482,363.9005443226801,131.1939544203493,2023-08-28
USER1184,Network_C,Network_X,233.18771939049185,666.1511505009166,137.19740697336383,2023-09-15
USER5121,Network_C,Network_Y,147.81288117018224,746.7843008036128,48.92527802955235,2023-08-06
USER8959,Network_A,Network_Z,216.8365024717742,719.7368359912707,41.69331163614706,2023-08-28
USER1156,Network_A,Network_Y,226.97106079188865,718.7597929350612,166.13761989414812,2023-02-23
USER6034,Network_C,Network_Z,235.23380343165528,630.6835713984714,184.751104628054,2023-05-06
USER3744,Network_B,Network_Y,285.37954784208955,823.6095489771649,84.54999066596636,2023-10-08
USER5110,Network_A,Network_Z,166.25833417551735,194.83095757540744,186.533829242208,2023-04-02
USER2749,Network_A,Network_Z,55.76469532685993,734.2124130137199,86.31805616193449,2023-09-09
USER3631,Network_C,Network_X,149.8471764143045,791.0122058372332,67.64008025995102,2023-12-03
USER9318,Network_A,Network_X,33.73358984948974,141.15425768398686,57.16476294300016,2023-02-18
USER5270,Network_C,Network_Z,294.306168697182,999.5728109041426,37.360876233380225,2023-01-14
USER3871,Network_C,Network_Z,207.88187714104404,24.648062200930404,27.75816675863178,2023-11-10
USER7540,Network_A,Network_Y,290.73038370369716,253.25170942606775,30.843907767421538,2023-08-09
USER2714,Network_A,Network_X,41.73114451314866,816.2701142426325,164.4918614598754,2023-11-12
USER8446,Network_B,Network_Y,56.912359954344815,41.324938216648206,195.90920310861355,2023-09-07
USER7718,Network_C,Network_Z,106.554025322498,166.4626599003457,47.003681104631106,2023-04-13
USER6557,Network_A,Network_X,7.0053397703438645,809.5499662842017,80.22446360968212,2023-07-04
USER5117,Network_B,Network_X,3.7831882539283876,286.45567263564766,157.39584683531785,2023-12-15
USER3857,Network_C,Network_Z,53.91077954727851,113.04403135147146,44.71951499719735,2023-10-28
USER9855,Network_A,Network_Y,65.48007652248415,884.5466739698871,86.47390728912151,2023-03-17
USER6929,Network_A,Network_X,172.8246898153624,76.53743959392173,44.854738063280536,2023-12-10
USER2092,Network_B,Network_Y,287.4522733520515,303.63814766902885,64.41903424274335,2023-08-31
USER2552,Network_B,Network_X,204.50816390075028,193.79694982036835,127.9907470089433,2023-09-15
USER9168,Network_B,Network_Z,172.11256256494175,57.772147271583634,57.52145746394255,2023-12-19
USER3874,Network_A,Network_Y,116.58059143992243,122.01361955791819,34.26667364450674,2023-03-25
USER6034,Network_B,Network_X,285.49358980398847,724.9833075689734,22.43028739000478,2023-10-08
USER3115,Network_A,Network_Y,285.0046997231231,127.45944937314808,69.12503558354524,2023-03-13
USER6207,Network_A,Network_Y,218.99544739743877,855.5675510057579,140.16117462913036,2023-06-02
USER5479,Network_B,Network_Z,35.96927971747872,866.7938882932546,148.14609469171907,2023-08-16
USER1096,Network_C,Network_X,201.08321446419342,375.0209347917669,109.38904927458043,2023-08-11
USER9113,Network_B,Network_Z,245.89767445180388,977.2765075213414,189.61512203895592,2023-10-02
USER2076,Network_C,Network_Y,178.43700342435676,787.7772357816382,51.32912004260443,2023-09-02
USER5923,Network_B,Network_X,165.54803573299301,135.92244507627666,55.63847891856522,2023-05-05
USER5375,Network_A,Network_Y,63.43301489974904,291.9141711809068,57.95954067909814,2023-01-03
USER2522,Network_C,Network_X,88.72239845807529,86.47533966862751,145.17712305667752,2023-02-21
USER3437,Network_C,Network_X,264.8536179745217,153.21851880921812,116.56232091064679,2023-01-24
USER3541,Network_B,Network_Z,138.53239951925661,255.98500880970315,85.4784885174473,2023-03-12
USER5232,Network_C,Network_Y,107.871286759262,125.59917858815288,84.01007279151405,2023-12-03
USER1698,Network_C,Network_Y,82.27557684255692,844.783325955648,96.29170689403941,2023-02-28
USER4708,Network_A,Network_X,22.625140435039444,575.6640422400385,102.41316316813547,2023-09-30
USER3207,Network_C,Network_X,50.78831592804058,235.9054371697508,90.35026362200132,2023-10-19
USER7341,Network_C,Network_X,75.1607113593345,359.52215343023306,20.840537801491863,2023-12-31
USER1059,Network_C,Network_X,58.57535992122085,95.72887651853425,70.88394911323591,2023-10-02
USER7273,Network_A,Network_Y,52.515719823628,761.1065846049378,136.9986086850776,2023-05-09
USER8399,Network_C,Network_Y,23.674832901031806,41.65198137673821,147.7321476396835,2023-10-22
USER5801,Network_A,Network_Z,152.90942056565933,985.8146551244631,54.13078922043319,2023-09-04
USER6314,Network_A,Network_Z,133.93145046636863,727.2528363806026,106.3825950150256,2023-12-01
USER1848,Network_A,Network_Z,184.1680248789878,402.9609014859099,113.00602454175598,2023-02-02
USER1392,Network_A,Network_Z,17.804588193077507,539.0059515283689,125.74850887628442,2023-08-03
USER4749,Network_A,Network_Y,182.1251833247367,217.7627094246185,170.84603890921562,2023-05-23
USER7644,Network_A,Network_Z,176.67025977488782,206.01167341710024,79.42069730514784,2023-09-18
USER8796,Network_B,Network_Z,283.60618225517464,683.7019848192649,187.19686402533557,2023-03-22
USER8611,Network_A,Network_X,95.76382315233447,3.801378452732221,78.55902002841877,2023-07-11
USER6222,Network_A,Network_Y,110.87662238013915,198.72305549196403,47.09138939830761,2023-04-13
USER9522,Network_A,Network_Z,206.33576079580916,787.1493060710482,19.95548768686716,2023-03-27
USER2076,Network_B,Network_Z,139.87052158226993,41.27025846742721,105.41466477104923,2023-12-18
USER3845,Network_C,Network_Z,202.75342235167383,322.37318246112187,177.19225868460745,2023-08-27
USER9267,Network_B,Network_Z,26.1332658658137,52.37962885675575,135.67777857002642,2023-01-11
USER3217,Network_B,Network_Z,256.81070472392753,153.49104068161395,109.75591748447094,2023-10-08
USER3050,Network_A,Network_X,275.3844065056606,766.7090861606052,128.28237722085564,2023-12-07
USER4862,Network_B,Network_Z,198.37251325438476,310.9598075406068,53.572973806555545,2023-09-22
USER3624,Network_A,Network_Y,40.69788769496573,285.4353358150128,31.988050075552103,2023-04-29
USER5151,Network_A,Network_X,28.342862578305784,688.4085512137174,51.460089865263015,2023-09-16
USER9077,Network_C,Network_Z,121.73137693376582,854.7394663522907,24.877412323865588,2023-08-13
USER6280,Network_B,Network_Y,177.5352100050722,209.34417199540312,181.32968602631072,2023-12-15
USER3041,Network_C,Network_Y,274.3644202733426,392.8415102319609,132.92558718002837,2023-01-09
USER8012,Network_C,Network_X,66.88841978738802,188.2444340316489,79.34657975777719,2023-06-06
USER3263,Network_B,Network_X,44.23872127811053,76.47707314028418,177.68224202699568,2023-01-05
USER8769,Network_B,Network_X,236.4989473531206,340.8854923003366,59.338366201039925,2023-04-05
USER3057,Network_A,Network_Y,248.89045266857354,481.85383844785684,134.36194607107018,2023-05-05
USER8397,Network_B,Network_Y,285.04187303861136,478.02510458864924,149.26300528104096,2023-02-24
USER3300,Network_C,Network_Y,253.38423424006908,354.30007521214935,113.84995303145307,2023-11-26
USER9338,Network_B,Network_Y,115.88134334071187,196.83872380631732,143.5395451981919,2023-10-11
USER9668,Network_C,Network_Z,168.05696591127665,963.4730080967039,85.88770867387167,2023-06-16
USER5808,Network_A,Network_X,160.8315270743151,189.94264840724352,189.32503779949985,2023-07-02
USER8342,Network_B,Network_X,99.27436092582546,405.2759837664758,95.17664688013625,2023-10-14
USER1679,Network_A,Network_X,69.45169252746754,19.87584302736429,129.9581809097316,2023-02-20
USER1285,Network_B,Network_Y,126.4940386798256,39.07238858540953,46.036236454375185,2023-09-09
USER1887,Network_B,Network_X,47.66044278337781,595.6633429875496,72.54626938446648,2023-01-10
USER6163,Network_C,Network_X,254.8959941265986,585.1438049513647,44.67053880021848,2023-12-17
USER3198,Network_C,Network_Y,279.0848280861753,613.4034586153024,47.850661812585635,2023-07-30
USER6373,Network_B,Network_Z,126.72528472709472,66.01742784176169,10.31686661241524,2023-10-10
USER3473,Network_C,Network_Z,282.51392132177807,590.8445414477815,14.084459766755677,2023-01-10
USER3765,Network_A,Network_X,243.10650396695888,353.49967960497287,197.95334713317243,2023-07-10
USER6942,Network_A,Network_Z,177.68145213327867,874.9760345052496,79.16830468476385,2023-04-06
USER4627,Network_A,Network_X,264.66517992795264,375.0051494074762,15.492890894598524,2023-03-22
USER5814,Network_C,Network_Z,207.0544554829615,24.74443846408344,144.40849817820634,2023-07-18
USER1437,Network_C,Network_X,180.11454842735165,481.615110649443,32.72753569535469,2023-03-11
USER9678,Network_C,Network_X,119.06260013053299,287.0305915247612,95.32810581147737,2023-10-05
USER6850,Network_C,Network_Z,251.7778990770854,277.7967022583367,158.5469546149431,2023-07-09
USER2358,Network_C,Network_Y,142.2096243095818,280.10391605135686,25.648639037967513,2023-03-30
USER7565,Network_C,Network_Y,260.7900387654673,140.35865363348503,59.64189629683687,2023-08-20
USER7905,Network_C,Network_Z,151.9175016635914,801.0684483257464,46.686759491121066,2023-05-21
USER9405,Network_A,Network_Z,189.42605469011642,246.4649310460584,86.40053820375822,2023-05-23
USER3198,Network_C,Network_X,29.46979190154348,828.8073690635451,133.9215581074517,2023-08-29
USER9146,Network_A,Network_Z,236.80158510321908,483.4440182695137,85.11896557026527,2023-11-25
USER5748,Network_A,Network_X,230.67752982344652,11.127306970335898,134.72876503016806,2023-02-28
USER1442,Network_C,Network_Y,239.73876630735288,957.299596771812,77.09415461638184,2023-12-22
USER2412,Network_B,Network_Z,257.95154369869425,144.66371766784442,64.9338137209022,2023-01-15
USER8597,Network_A,Network_X,175.97504998218253,503.7383651345166,132.16076422349195,2023-08-03
USER2762,Network_C,Network_Z,238.53649122350325,384.7671811121457,75.79506377140618,2023-07-02
USER9423,Network_A,Network_X,157.06719483429887,344.14031422274525,104.51519272275057,2023-10-20
USER9219,Network_A,Network_X,56.311671854830074,231.52222593792976,95.5408706828604,2023-03-08
USER6467,Network_B,Network_Z,299.34412922440254,373.221282086616,135.79911523326558,2023-08-26
USER6637,Network_B,Network_Y,250.83120072156999,537.6088952633194,42.06129660960286,2023-02-10
USER2951,Network_A,Network_Z,265.09393228661577,337.39725124278465,104.86040500795357,2023-12-15
USER9648,Network_B,Network_Z,193.38528888945675,146.01554730689523,17.60055770228512,2023-12-23
USER5310,Network_A,Network_Y,26.917931319345765,259.04188545363064,196.66234283623507,2023-10-27
USER5593,Network_B,Network_Y,56.9678376689789,78.03919994573897,198.63716394366384,2023-10-28
USER8220,Network_A,Network_Z,269.50967279938914,697.8541083416343,155.15503064904618,2023-07-31
USER3681,Network_C,Network_X,69.01396250646216,788.2684361652907,63.375633564113386,2023-09-13
USER6538,Network_A,Network_X,167.4958450415759,920.6433939062235,56.076907121207086,2023-06-01
USER3380,Network_C,Network_Z,15.19418534838731,341.03684583718933,198.0740563566747,2023-09-13
USER1168,Network_C,Network_Z,263.5203824833764,967.4754371794307,94.98393272803173,2023-10-03
USER8597,Network_C,Network_X,68.44780556427807,808.5388364465789,27.256294476652158,2023-12-02
USER9838,Network_B,Network_Y,54.61450245527741,130.8999052741229,149.96283093312113,2023-03-08
USER4623,Network_A,Network_Z,161.5752816401886,256.6855398941684,73.57239695591956,2023-11-20
USER8323,Network_B,Network_Z,58.46658086424573,251.87744187157173,66.36784324678119,2023-05-12
USER8956,Network_B,Network_X,83.49699250819762,210.40928437304143,14.257499036029234,2023-12-22
USER4762,Network_C,Network_Z,75.99906409634194,431.29557223210935,42.20012010279992,2023-08-08
USER6977,Network_A,Network_X,87.53889646700563,838.4601722923861,61.53034022882297,2023-05-17
USER9930,Network_A,Network_Z,19.099988834938447,365.9675480837296,52.52821274261586,2023-11-05
USER1519,Network_A,Network_Z,66.50528639772682,336.7726886698777,18.840113377699822,2023-06-24
USER5573,Network_A,Network_Z,98.60016574848504,160.25693734343113,145.3588136192038,2023-04-21
USER2468,Network_A,Network_Z,41.585609150606224,655.970892868866,133.94283420682024,2023-05-11
USER8523,Network_C,Network_Y,32.87995131611066,536.0211440456604,197.1373689020221,2023-01-17
USER4527,Network_B,Network_X,278.60483075334366,22.141745892967972,52.96569381757382,2023-02-07
USER3326,Network_A,Network_Z,20.86202251459664,752.2519288896469,60.88837821975869,2023-04-21
USER5719,Network_A,Network_Z,24.84127449160552,391.56813702820773,39.64457497886633,2023-04-01
USER3382,Network_C,Network_X,21.93784160538696,631.7692041192463,44.06331208307402,2023-10-15
USER5383,Network_B,Network_Z,168.1823653475215,752.5176601914333,95.10561317651668,2023-08-03
USER8249,Network_C,Network_Y,248.52525966790787,59.05931307441379,47.050467617934,2023-03-10
USER8873,Network_C,Network_X,186.51248741354726,196.70059557229953,82.54876742304575,2023-05-08
USER1306,Network_C,Network_X,259.99436879887645,524.6773140408739,77.2402833591484,2023-02-10
USER3461,Network_C,Network_Z,5.482114476779172,890.9444626155994,153.65152983414157,2023-04-25
USER2990,Network_A,Network_X,66.43935550706644,263.3781132104251,196.3043517774435,2023-08-05
USER7558,Network_B,Network_X,231.71689091698127,923.6582886869737,145.8739557370078,2023-06-18
USER3693,Network_B,Network_X,101.07131229607837,96.96816362937132,176.9265670367171,2023-04-17
USER2428,Network_C,Network_Y,136.1834592763173,553.3197226786186,169.27852217224665,2023-10-24
USER2221,Network_B,Network_X,206.00930102028613,933.2540758051445,160.49205393340816,2023-04-26
USER6371,Network_C,Network_Z,22.94276011642738,814.7024259190648,177.88966054849647,2023-07-08
USER7657,Network_B,Network_X,134.03330403117752,909.1963516011048,48.32760047766056,2023-08-06
USER9478,Network_B,Network_Z,89.21157457019346,572.7709121068463,44.16045393906086,2023-06-12
USER7077,Network_C,Network_X,72.85958654118552,81.90536657532839,115.743893295869,2023-03-13
USER4521,Network_A,Network_Y,112.85089715598713,303.6861731934845,120.16657796851561,2023-07-28
USER3905,Network_A,Network_Y,93.74303732477868,993.8076902817793,85.54322192719425,2023-08-13
USER2653,Network_A,Network_X,156.6090215054001,979.877375360889,55.060525980420074,2023-05-06
USER4670,Network_C,Network_Z,3.400382086430934,700.056790210974,33.08501893081278,2023-11-01
USER9567,Network_B,Network_Y,56.407995617116725,448.652344398444,100.1344986567136,2023-02-28
USER6118,Network_B,Network_Z,129.87843962149572,694.1014377995219,41.6592924422855,2023-06-03
USER5358,Network_A,Network_Y,52.64823775115588,204.26969480403562,72.40273652912279,2023-09-16
USER3797,Network_C,Network_X,126.01299198369942,826.4054648236182,103.79713386169709,2023-03-11
USER2980,Network_A,Network_X,57.884008571777855,675.9677883237614,111.91323994273888,2023-07-10
USER3121,Network_A,Network_Z,147.33265374305975,873.4927265246764,29.9890797702444,2023-01-20
USER7678,Network_B,Network_X,172.68479025194588,378.56268292217106,78.53462171944847,2023-05-08
USER9424,Network_A,Network_Z,51.82397108639774,845.5580324658072,55.42232120385747,2023-09-12
USER7728,Network_B,Network_Y,297.70990122788413,467.64010346754765,128.14047816766404,2023-06-15
USER3145,Network_B,Network_X,250.1002163060947,20.515323573752237,50.932817560410136,2023-04-13
USER4148,Network_B,Network_Z,256.8897249781269,815.2645487731921,158.6160063664957,2023-03-06
USER6135,Network_A,Network_X,193.88429458832272,700.6269230163298,28.330653971285333,2023-07-08
USER3830,Network_B,Network_Y,221.66875162315986,170.4068467472548,22.134219701938598,2023-07-07
USER1734,Network_A,Network_Z,126.02290541364478,727.0006226795182,121.01406093357994,2023-03-05
USER9629,Network_A,Network_X,281.61037305637063,503.0894426316537,82.58713856473288,2023-10-24
USER2952,Network_C,Network_X,87.19881594680848,86.9956057116407,98.00981116556872,2023-11-06
USER4601,Network_C,Network_Z,155.58983038019065,104.87776922023532,71.93486574927299,2023-08-08
USER2862,Network_B,Network_Y,93.74492591724845,240.08553613143997,33.366279824415436,2023-06-20
USER2239,Network_B,Network_Z,102.6944824788036,289.3877941287195,25.95025749561865,2023-07-27
USER1469,Network_A,Network_Z,22.193135119873084,948.34114559776,184.74577594678402,2023-06-10
USER9104,Network_A,Network_Z,261.4525075359333,884.5979029846239,11.459544909706919,2023-09-04
USER6230,Network_B,Network_Y,11.58703820490198,937.2911724753069,77.09744151538665,2023-08-04
USER6078,Network_A,Network_Y,253.81588569088476,327.10384470015094,133.12178413454367,2023-07-15
USER6627,Network_C,Network_Y,57.313023114700385,949.711366661315,147.16291083756875,2023-08-17
USER3677,Network_C,Network_Y,140.88433875494874,862.2412218495923,106.29702729038519,2023-04-26
USER6425,Network_B,Network_Y,198.07346808943387,66.0468663213011,109.90596292742977,2023-02-12
USER9254,Network_A,Network_Z,280.3693102341911,932.2316835667217,18.830271691503405,2023-10-22
USER3969,Network_B,Network_Y,29.548364230647284,392.39477943067607,13.523062877247224,2023-06-20
USER8158,Network_C,Network_Y,253.79024154037353,147.34068293727177,122.32866447139529,2023-02-04
USER2055,Network_C,Network_X,20.565289492953923,441.7583632848608,26.54121816530128,2023-09-16
USER6207,Network_B,Network_Z,146.9586351118394,559.0760808007443,114.98572696283668,2023-10-06
USER4861,Network_B,Network_Z,106.09575744157256,346.65586168231346,175.17355357880717,2023-11-27
USER6410,Network_C,Network_X,97.18614815253932,43.289677513888364,91.56830942528708,2023-10-09
USER5614,Network_C,Network_X,9.48020328596471,935.8074822918034,180.2725155193535,2023-08-18
USER4907,Network_B,Network_Z,69.16165611058133,29.730992688926886,82.9117028876884,2023-01-16
USER8555,Network_C,Network_X,32.97879234168987,384.150935210841,132.5869230832174,2023-08-01
USER7688,Network_A,Network_X,86.40532294592334,128.14096614600658,19.281853919465988,2023-09-24
USER9240,Network_A,Network_Y,43.05308351485178,643.6425543263485,189.58901252143946,2023-04-22
USER1541,Network_B,Network_Y,41.37831414709234,502.12865320560525,36.44731026890398,2023-02-04
USER8773,Network_B,Network_X,143.96210015469205,842.9742227230084,80.45705454263671,2023-09-14
USER3332,Network_C,Network_X,97.81879454751727,921.0730836596226,100.25475651017918,2023-04-27
USER7147,Network_A,Network_Y,231.79279595554115,412.3178326939903,131.17387904047501,2023-11-03
USER8176,Network_B,Network_X,250.67864677106311,414.6136595010284,68.66483588873564,2023-06-12
USER5027,Network_B,Network_X,159.3111820985322,778.0569333861057,41.88324398142724,2023-07-27
USER2444,Network_A,Network_Y,204.45626805059328,155.49043271561052,91.7601636367369,2023-02-08
USER4695,Network_C,Network_Z,226.28200533684654,821.8085196245105,42.383310342769754,2023-07-18
USER6510,Network_C,Network_X,272.3202925918176,194.3898353074502,73.73319639549672,2023-08-20
USER7265,Network_B,Network_Z,96.11612408213563,559.0312501711992,188.0906462618805,2023-03-10
USER9225,Network_C,Network_Z,210.96786476973008,176.38402421113753,148.4462670696458,2023-12-01
USER7243,Network_A,Network_Z,119.62365081740779,156.52831163598916,132.36325238627694,2023-09-29
USER5407,Network_B,Network_Y,207.78326874678535,611.7923027270068,113.24945767030538,2023-05-10
USER7493,Network_A,Network_Y,174.36239858386395,711.2356754457427,161.87879484442922,2023-04-18
USER6128,Network_A,Network_Y,25.38284181743414,200.64933365807846,80.35059831883243,2023-06-11
USER1405,Network_C,Network_X,210.21475296275187,48.617134828540586,136.9671904647343,2023-07-21
USER9366,Network_A,Network_Z,10.256909680458193,549.8387819465454,183.89674101838546,2023-08-21
USER7498,Network_C,Network_Z,127.38542673220044,446.5245740033048,99.91648510122764,2023-01-27
USER3953,Network_B,Network_Z,258.3883924126297,703.4020189994947,77.44878567735171,2023-12-14
USER3175,Network_B,Network_Y,173.38489038393197,136.31740256926412,109.55345520250584,2023-09-02
USER9649,Network_B,Network_Y,169.4595747062342,130.48339769067618,178.29861236435286,2023-09-10
USER6495,Network_B,Network_Z,139.43570228707387,593.3344996219612,67.63387177228441,2023-12-01
USER3445,Network_B,Network_X,191.52728390472774,562.3643769820872,132.23964709466318,2023-06-12
USER2577,Network_B,Network_Z,93.45561743332158,977.5949429961461,118.80187358682514,2023-08-30
USER5470,Network_C,Network_Z,12.454217910034359,552.4130483027265,139.4371905937016,2023-03-26
USER7996,Network_B,Network_X,80.45814007004532,339.1283751567466,186.440895865403,2023-07-26
USER3974,Network_B,Network_Y,88.83773439203813,684.0298585298802,64.38828048780307,2023-08-03
USER9530,Network_B,Network_Y,290.1199109563266,475.82363704218454,148.48450194012938,2023-05-01
USER3325,Network_B,Network_Z,53.26169700993807,654.5504944781318,116.69692889367553,2023-07-14
USER5898,Network_A,Network_X,206.26584566664974,448.9547170838459,43.086785608069015,2023-03-10
USER2613,Network_A,Network_X,115.57831057959288,487.27400498524366,116.63886693687738,2023-03-01
USER5067,Network_C,Network_Y,263.8542700263855,521.8960534236204,171.1389566360956,2023-05-06
USER4856,Network_A,Network_X,109.402011621331,156.14814090286632,141.04714365242896,2023-09-01
USER3835,Network_B,Network_Y,244.9419435889816,771.5216353006499,156.7037075509696,2023-11-11
USER3533,Network_C,Network_Y,26.237861157954107,804.1339936519255,159.89391449595476,2023-09-07
USER6896,Network_C,Network_Y,226.8629534964225,554.4719015150898,83.79053293166099,2023-09-01
USER7058,Network_B,Network_X,256.7783439817058,938.3484477884555,55.05710295217318,2023-04-19
USER1038,Network_B,Network_Y,113.974445006782,975.5013519021248,194.0892440478983,2023-12-09
USER5409,Network_B,Network_Z,256.0799407215852,472.68586959175025,133.1482030119997,2023-09-23
USER6057,Network_C,Network_Z,163.8854511633849,263.416125849285,125.78489349865367,2023-08-30
USER3626,Network_A,Network_X,261.58930783046924,122.15484817636101,19.7261473366724,2023-05-04
USER4955,Network_A,Network_Z,67.03072705861744,997.156685936437,37.19301654709244,2023-07-16
USER2305,Network_A,Network_Z,280.740098850522,826.3981851347107,28.40349881422243,2023-01-21
USER3675,Network_C,Network_X,66.52872353566151,110.0855893165131,199.68016935202283,2023-06-28
USER4130,Network_A,Network_X,81.98683315879883,506.79043030421303,80.90634474643878,2023-06-12
USER5502,Network_A,Network_X,279.7021565242082,562.7693506343718,116.16003170580261,2023-06-26
USER5625,Network_A,Network_X,102.0426043612865,991.526407194108,12.928547176168362,2023-10-11
USER5573,Network_A,Network_X,146.45041778933543,466.2108213672173,29.516004474632396,2023-11-04
USER5603,Network_C,Network_X,111.59618575264523,950.6207425952973,149.0867691113604,2023-07-04
USER1240,Network_B,Network_X,69.18611664119415,726.0081747379281,61.772967406333095,2023-04-27
USER4208,Network_A,Network_Z,178.070257635926,350.1506776195356,32.28068332010889,2023-09-02
USER2984,Network_C,Network_Y,70.11794251031304,418.0965628102545,84.23892415454621,2023-02-11
USER8992,Network_A,Network_X,28.83293046500455,685.8067160479557,115.677102433238,2023-11-12
USER7231,Network_A,Network_Y,33.46795162394503,243.47815925925306,143.32190842552623,2023-05-21
USER4928,Network_B,Network_Y,191.30499498001814,503.33930989998106,27.567748850588384,2023-01-16
USER7229,Network_B,Network_X,235.52387000643688,874.8845626140833,15.106450526778977,2023-09-02
USER7309,Network_B,Network_Z,157.76689968121386,190.30013224820686,77.55842330621078,2023-10-10
USER8994,Network_C,Network_Y,220.05636313112433,668.5576604459065,127.17781880172187,2023-03-14
USER1655,Network_B,Network_X,158.74247716065096,278.71807559184,182.26340448667747,2023-03-16
USER4994,Network_A,Network_X,78.70651943538013,19.44373305057052,79.31299330287855,2023-04-05
USER9887,Network_A,Network_X,132.3870243492236,889.668699127302,90.64990999669719,2023-10-20
USER3306,Network_B,Network_X,282.7820820194052,66.15423441341733,108.24088516118479,2023-03-20
USER7217,Network_A,Network_X,249.67007045553726,213.1215278170828,150.50795972360365,2023-05-05
USER7829,Network_A,Network_Y,7.689780694495486,564.219370823097,180.326248363751,2023-01-27
USER6496,Network_B,Network_Y,182.96535572125228,372.11737455784476,181.83318745937828,2023-09-20
USER4842,Network_B,Network_X,92.45963077891679,482.35901023285174,140.33566533637233,2023-07-13
USER6962,Network_B,Network_X,133.27361076082497,727.8242150709742,188.03287155007985,2023-12-27
USER9285,Network_C,Network_Y,28.051302497368646,624.74811682776,106.86580394355937,2023-06-17
USER2213,Network_C,Network_Y,49.30138777873152,224.9390386937739,137.1765304436828,2023-02-19
USER9658,Network_A,Network_X,42.79151479454905,217.33482316772998,174.11618330512957,2023-01-16
USER2531,Network_C,Network_Y,114.13589006443186,700.2498695592119,199.1140898304088,2023-06-03
USER5164,Network_C,Network_X,233.31559312640877,474.13126939145525,62.70025536468777,2023-05-18
USER9566,Network_A,Network_Z,206.55788851097566,880.7644268086498,97.71786592007922,2023-07-14
USER1429,Network_C,Network_X,146.69358763598677,548.5049239290714,22.932643133523072,2023-11-29
USER3080,Network_A,Network_Y,269.59419340562266,533.5759629641497,51.94154701381509,2023-08-26
USER5257,Network_B,Network_X,248.89184881198528,7.796090814078064,23.746502959665555,2023-05-16
USER6520,Network_C,Network_X,127.32766100396738,701.1605437874216,116.5736462193369,2023-08-24
USER7871,Network_B,Network_X,226.6184368962547,653.02331184904,36.18735087519957,2023-06-18
USER9681,Network_A,Network_X,144.81172287112048,571.2543383838881,31.817054546392242,2023-05-02
USER4733,Network_A,Network_Z,208.10537423390647,515.743657212343,193.72635186391585,2023-02-09
USER2743,Network_B,Network_X,73.56840648931585,800.7164820793605,123.14835170102259,2023-01-15
USER8569,Network_C,Network_Y,240.3919232269038,747.5475275037062,198.27472313557683,2023-01-11
USER1076,Network_A,Network_Y,144.62793970500854,369.18628629642967,176.57697413537736,2023-08-29
USER9621,Network_C,Network_Z,23.542754525870087,382.2320826127794,48.35682455355961,2023-12-10
USER9619,Network_B,Network_Z,192.662289179337,62.19537068107848,109.51199996740998,2023-04-27
USER8250,Network_C,Network_Y,191.71833009373046,455.73819586260066,173.46654468708414,2023-08-07
USER5077,Network_A,Network_Z,196.3764293236344,82.7308729548117,125.650172989715,2023-08-18
USER6698,Network_A,Network_Z,26.22201200269862,813.3837039918831,27.440263277531905,2023-09-24
USER9016,Network_B,Network_X,120.41075995551851,299.3884988308356,164.10254346330822,2023-06-14
USER1966,Network_A,Network_Z,159.0236588715114,221.66424426435057,157.03020803200263,2023-11-14
USER1236,Network_C,Network_X,184.98107827255296,974.8382141028211,32.74856431007552,2023-04-22
USER3428,Network_A,Network_Y,143.30227020339711,691.0058411796848,86.47741770947358,2023-08-14
USER6108,Network_B,Network_Z,92.20781787885939,917.4595958714596,80.72774145439128,2023-01-10
USER1040,Network_A,Network_Y,132.8713069275046,273.31964577228564,106.12516094233811,2023-04-12
USER6188,Network_B,Network_X,65.8767532410072,911.471719305926,13.582416501258042,2023-10-31
USER4973,Network_C,Network_Y,117.40459686166687,246.0862252722532,29.890116768992574,2023-05-23
USER1848,Network_A,Network_X,116.55281702272514,882.8960804837177,18.805579752941014,2023-11-12
USER1858,Network_A,Network_X,91.90813941761402,347.31773554781057,150.5441167653162,2023-01-26
USER9383,Network_C,Network_Y,226.4607291577714,638.742643873709,43.54390142584764,2023-09-04
USER8425,Network_B,Network_Y,139.19968908972652,174.16618882326463,113.71594434721217,2023-04-05
USER9741,Network_A,Network_Y,270.4929707363572,24.18210721508038,166.93912432403488,2023-12-10
USER8084,Network_A,Network_Y,250.13962663422168,46.15708272517374,134.01703619449438,2023-08-28
USER7861,Network_C,Network_Y,53.33364932967278,557.0152768194837,34.77810432453376,2023-07-28
USER9619,Network_B,Network_Z,127.54467784512136,113.4105726076908,190.12868222001944,2023-09-25
USER1916,Network_B,Network_Y,110.02692178553608,380.88821233462915,44.50686797313826,2023-07-30
USER3378,Network_A,Network_X,191.5270539184385,138.9516218154774,110.40299054642236,2023-07-08
USER3875,Network_C,Network_Z,115.21581894988702,780.7911979692892,157.58521838883496,2023-09-23
USER4752,Network_A,Network_Y,272.4876338331178,161.09832136585678,15.549451069221773,2023-05-11
USER1784,Network_A,Network_Y,250.38987956312067,540.6075998667256,36.98263000517508,2023-04-24
USER6400,Network_A,Network_Y,110.94564319464874,383.7788070949557,46.20067859948329,2023-12-19
USER8724,Network_A,Network_Y,140.50786161806286,255.93075271333763,25.65523279821776,2023-09-20
USER9778,Network_B,Network_X,210.72931624429458,700.6409391187074,111.41660663125742,2023-08-14
USER5771,Network_B,Network_Z,299.34408065525173,680.6331001137944,112.26210803752531,2023-08-22
USER6486,Network_B,Network_Z,228.74597005324463,370.06964269223323,126.63863512590495,2023-03-02
USER1644,Network_A,Network_Y,25.3322699471606,76.5191309126164,125.02708798580278,2023-06-29
USER8675,Network_A,Network_X,188.609878607593,455.8689063462663,188.24474912090466,2023-11-03
USER9838,Network_B,Network_Y,12.520267771071307,287.11635687497807,172.83721901951105,2023-03-22
USER8720,Network_C,Network_Z,24.190869245288333,654.1445476718709,59.623799510672406,2023-04-08
USER8281,Network_B,Network_X,237.27372549577046,424.62678814432553,51.275339852697726,2023-03-20
USER5276,Network_B,Network_Y,234.73489552676435,372.66058716054516,51.97554655451745,2023-03-20
USER9367,Network_A,Network_X,77.3143683536459,535.6290188308095,126.67648577284947,2023-02-08
USER8798,Network_C,Network_Z,270.82406366109973,997.9625357599541,87.21352646537487,2023-11-19
USER9958,Network_A,Network_Z,18.851609252913402,412.97002912134917,151.2166785605763,2023-07-11
USER7436,Network_C,Network_Z,188.0147450828659,786.5025291475321,107.84187498440353,2023-03-09
USER6087,Network_B,Network_X,299.0188219210503,615.8851972098038,181.78036668933441,2023-06-29
USER7454,Network_A,Network_Z,103.20218429641716,638.644625103847,41.022001317538106,2023-10-16
USER9509,Network_A,Network_X,72.31472130582483,698.5041943332269,43.0792237823562,2023-09-21
USER9889,Network_A,Network_Y,193.95072046096627,219.01858344772074,75.40412698678162,2023-08-24
USER3358,Network_B,Network_Y,256.3732041985277,830.7860683447642,135.07745990210802,2023-09-11
USER2015,Network_B,Network_Y,107.90530217575147,757.0984127800003,128.78985696196753,2023-04-29
USER5482,Network_C,Network_Z,220.87738406009305,353.6036966290508,109.98805999399731,2023-08-16
USER2921,Network_A,Network_X,97.15907740345072,894.4667137852078,101.40651840688977,2023-06-18
USER8235,Network_A,Network_Y,216.05522341440434,605.7998098997018,126.06381566401492,2023-11-03
USER2153,Network_A,Network_Z,264.7637367290461,258.2822682718606,113.88953832399051,2023-12-16
USER9552,Network_A,Network_X,78.39259809187827,640.8377693110815,116.16383068313552,2023-04-22
USER7487,Network_A,Network_X,7.585043616789465,489.9555617461717,143.98969076936575,2023-02-09
USER8275,Network_A,Network_X,50.2586546818761,122.85827774200868,100.76315806806632,2023-07-14
USER9323,Network_A,Network_Z,185.28429723717898,735.7576877304268,113.75711807593173,2023-09-16
USER3068,Network_C,Network_Y,175.09801450981297,877.8574899289863,40.68473555929317,2023-01-26
USER5514,Network_B,Network_Y,184.44151075021279,425.4960258988507,22.05603689576237,2023-04-21
USER8999,Network_B,Network_X,276.12429039818784,433.9441395110192,184.63957472521548,2023-01-22
USER5276,Network_B,Network_Y,235.35034884166956,254.6032517227544,77.11404531815518,2023-12-21
USER8388,Network_A,Network_Z,79.92057237398903,896.6625304656945,189.9220654611988,2023-11-07
USER7022,Network_A,Network_X,181.6383397215354,729.9022999725344,83.13547242782828,2023-05-08
USER8864,Network_B,Network_Y,277.4338628816516,993.7657820503505,81.53867035196511,2023-03-01
USER9299,Network_B,Network_Z,58.91507242339435,998.6889694238645,143.60179272362032,2023-09-19
USER8184,Network_B,Network_X,27.882054283801477,254.58050082451328,149.39030379173317,2023-01-06
USER9249,Network_B,Network_Y,132.71856491217196,221.97970961655784,48.033914264667715,2023-10-03
USER5069,Network_C,Network_Z,264.44749079042913,298.41231426686943,83.05447344182534,2023-05-05
USER4525,Network_A,Network_Z,226.1527575175497,724.6915042825442,198.2702792262428,2023-10-25
USER1146,Network_A,Network_Y,212.32489058787354,357.6816244795516,152.04665626080603,2023-12-13
USER7345,Network_B,Network_X,138.10217137146873,605.8588697682021,117.77360134583735,2023-10-17
USER6579,Network_C,Network_Y,286.9598031984354,771.0764330608073,63.74667014234975,2023-09-11
USER7677,Network_B,Network_X,61.27922859664176,80.25248282124407,176.08052291989296,2023-12-05
USER7341,Network_C,Network_Y,171.89658232344343,11.102870644364737,193.58864139044945,2023-03-27
USER8382,Network_B,Network_Y,238.3746001129614,902.8560489784408,94.49950341920804,2023-08-09
USER9631,Network_B,Network_Y,7.030096461492159,715.9412985111047,45.740481704619405,2023-06-23
USER5967,Network_C,Network_X,176.53855036973138,516.3968339764835,76.58993176515818,2023-12-16
USER9458,Network_C,Network_Z,25.091538523271485,487.83018587707573,40.837581711730465,2023-05-19
USER3398,Network_C,Network_X,37.18381428221369,13.3269224231704,166.25622350693206,2023-04-21
USER8154,Network_A,Network_Z,63.4518339917382,472.72614987290365,133.73969353086272,2023-03-05
USER9268,Network_A,Network_X,154.98000929217187,991.4249049427586,117.74429820946439,2023-09-08
USER4310,Network_B,Network_Y,102.04594609161849,97.12014514509667,68.73441706081081,2023-03-01
USER9781,Network_B,Network_X,34.515854058403114,576.6022013743275,14.223562225085246,2023-02-13
USER3235,Network_B,Network_Y,26.437800991989526,840.8957081030153,180.55171076725674,2023-03-31
USER8966,Network_C,Network_X,286.54046700906025,342.6015524438197,46.30646540462788,2023-08-10
USER6244,Network_B,Network_Y,100.12111356704305,614.4075358884331,67.90972222011916,2023-03-10
USER6998,Network_C,Network_Y,48.26934495079388,410.3551056610242,37.90072595055658,2023-05-04
USER8618,Network_B,Network_Z,71.16355881207745,728.8832964521772,56.20037521494815,2023-09-26
USER6364,Network_C,Network_Z,38.475407232542125,532.2306992129755,15.151435621104167,2023-09-03
USER7068,Network_C,Network_X,296.36252341112635,338.60775262202606,43.92374005994868,2023-11-08
USER7816,Network_C,Network_Y,232.52522545479505,979.9506946638086,138.6437202491835,2023-05-03
USER8032,Network_C,Network_Z,62.63726614961418,352.5237510138821,153.76621789907608,2023-02-07
USER8076,Network_C,Network_Z,154.5829930363167,659.1891542003174,134.43063510267694,2023-02-28
USER5079,Network_A,Network_Z,38.11661060375791,684.4365619285021,78.64954636635963,2023-07-16
USER4223,Network_C,Network_Y,241.73690406901918,439.2564445163639,82.14564491597166,2023-05-26
USER9669,Network_A,Network_X,251.91296093712614,907.6095061737852,97.12461714156468,2023-03-15
USER3057,Network_B,Network_Z,263.97319629430126,518.3613952845451,81.61298651033167,2023-02-26
USER5617,Network_B,Network_Y,62.114568953319996,239.2818670682964,88.59876687479678,2023-03-25
USER1475,Network_B,Network_X,171.17169448062108,626.2146656734291,161.77134661788128,2023-06-26
USER3137,Network_C,Network_X,37.53633661123027,336.74167480772724,30.334366761802045,2023-07-19
USER8674,Network_A,Network_Z,193.3054433334938,640.6980802596697,172.7096823081836,2023-08-28
USER8525,Network_C,Network_X,278.0150640944865,971.763598027567,45.60765035184307,2023-10-19
USER5034,Network_B,Network_X,250.29222452312794,213.5307534634788,73.57394109488129,2023-01-07
USER2985,Network_C,Network_Z,124.11594712726667,106.06448804602744,171.53217734588515,2023-08-17
USER5296,Network_A,Network_X,110.5170522262617,933.7030497957776,76.14503246519746,2023-01-21
USER9436,Network_B,Network_X,101.37700718267384,918.1441184663399,13.881182191782894,2023-02-04
USER3076,Network_B,Network_X,148.31268956590603,834.9837913929388,54.58060823252764,2023-03-17
USER5522,Network_B,Network_Y,76.78759524382843,576.2404601962365,61.19276290907529,2023-02-20
USER6284,Network_A,Network_Y,13.636824983742205,665.0719190244664,40.435603220814,2023-09-02
USER3028,Network_A,Network_X,124.93082818907673,692.4598534691743,53.33932573757516,2023-03-16
USER6336,Network_A,Network_X,51.16801156861161,815.3186365502507,42.039758328692926,2023-08-21
USER7920,Network_A,Network_Y,59.47937346291795,611.2037725751067,29.96031064040315,2023-01-06
USER7970,Network_C,Network_X,47.77655600948091,766.9379720153706,73.38474208923442,2023-10-09
USER9661,Network_A,Network_X,228.48401026722618,949.9808544300248,77.35780098140562,2023-07-01
USER9388,Network_B,Network_Z,209.67403967338845,511.8949726870779,154.5975544342437,2023-07-13
USER8809,Network_C,Network_Y,184.86866506430755,406.80072315417976,19.10828010974923,2023-06-21
USER5274,Network_C,Network_X,257.6721372934914,105.06773382797495,140.47814248551327,2023-07-11
USER9344,Network_B,Network_Y,45.85070588788348,873.4436614665098,156.60977253413427,2023-03-12
USER4801,Network_A,Network_X,13.257720183666523,840.7308370830187,34.83080563573738,2023-07-05
USER5413,Network_B,Network_Z,271.27743702569904,416.0644275016419,16.297992242597182,2023-02-23
USER4563,Network_B,Network_Z,296.1088024589573,842.8356792165786,55.45986155126964,2023-05-13
USER8971,Network_B,Network_X,294.29806349049437,725.3521895116859,19.72986144799386,2023-10-11
USER6232,Network_C,Network_Z,180.95487207598697,320.7446790043075,179.79960147550048,2023-09-19
USER9212,Network_B,Network_X,22.48267542852656,426.632659694327,109.41023919195204,2023-05-07
USER4582,Network_B,Network_Z,268.085282138349,13.132402041952684,125.35048045197563,2023-10-23
USER2588,Network_A,Network_X,251.7287897436613,690.0454276463591,45.22595366558508,2023-11-03
USER7406,Network_A,Network_Z,189.23350650206712,522.8050109048078,165.69975352613147,2023-05-29
USER2303,Network_A,Network_Z,84.77121227361071,714.6032198851848,72.32469586507295,2023-07-24
USER3650,Network_B,Network_Y,207.8911987046895,70.07745861558084,96.47849647703772,2023-10-04
USER1015,Network_B,Network_Z,41.22223208193152,362.4987628270026,171.76425394587173,2023-07-05
USER7599,Network_B,Network_Z,124.06581321262294,201.02541961607054,138.17881517294433,2023-12-26
USER9775,Network_A,Network_X,295.2890986662711,155.3267731694591,51.33297292602964,2023-01-31
USER6084,Network_A,Network_X,19.37212395185713,555.6799355548158,133.33469591251284,2023-07-02
USER6630,Network_C,Network_Z,103.00096688621583,284.09423437368656,178.545551875078,2023-08-13
USER3617,Network_B,Network_X,188.21137825040344,639.7637119111472,122.3220538436126,2023-12-14
USER2754,Network_A,Network_Y,2.4951098863341965,733.788167346597,66.92196852140563,2023-03-27
USER1681,Network_A,Network_X,191.84855741517325,263.82037715272907,156.5238033599963,2023-09-18
USER6594,Network_A,Network_Y,95.63746128408783,771.9848373864562,61.93232279955831,2023-01-25
USER8149,Network_B,Network_X,200.49412884904538,561.9161155297608,34.2361172314024,2023-08-09
USER6121,Network_B,Network_Z,65.21596613145373,250.73951558985348,127.9557869000448,2023-01-31
USER7823,Network_A,Network_Z,185.00270458750452,435.63955165740725,84.7001293127246,2023-11-02
USER7090,Network_A,Network_Y,274.51736109169906,90.47666378479612,31.895215895123712,2023-11-03
USER8519,Network_C,Network_X,288.3143683098643,102.34549253856454,176.61328645391768,2023-01-13
USER7578,Network_A,Network_Z,193.76353868112216,674.2960401137469,184.4777351018031,2023-05-26
USER3648,Network_C,Network_Z,277.5323723926667,792.0498642108432,181.16648169510486,2023-03-03
USER9242,Network_B,Network_Y,48.89839579805848,507.40738780167817,177.50256389932417,2023-02-22
USER5017,Network_B,Network_Z,38.13510694744596,614.628313346532,56.65214394718619,2023-01-18
USER8581,Network_A,Network_Y,76.31982546340616,218.26749870108847,32.69757907634916,2023-05-22
USER5281,Network_A,Network_Z,145.3898400170324,107.26200420759356,131.59182621619954,2023-10-16
USER9787,Network_A,Network_Z,20.729905318828216,281.5170207236275,168.95637992258887,2023-12-18
USER2297,Network_A,Network_Y,255.90496076841595,790.8345888987516,141.49246463554138,2023-11-11
USER5452,Network_A,Network_Z,155.67934276272732,342.5560085202215,37.68560247671317,2023-09-28
USER3192,Network_B,Network_Z,288.35897932991526,834.9103430769243,39.88030010949777,2023-08-04
USER3313,Network_B,Network_Z,131.57257676997992,513.3440248426457,67.63668688862742,2023-09-23
USER5371,Network_B,Network_Z,154.71781359656288,802.6604251200298,20.75320052906302,2023-10-22
USER4158,Network_B,Network_Y,250.8091868507135,406.66445297369364,63.15257542383918,2023-10-28
USER6067,Network_A,Network_Y,34.81184921124061,739.5184573431708,51.01742631179617,2023-10-12
USER1253,Network_C,Network_X,156.6034351557575,167.7239591403839,74.79920473857437,2023-05-28
USER8890,Network_B,Network_X,229.26821307336343,136.6471181066229,156.7176524593638,2023-01-26
USER4621,Network_C,Network_Z,291.6837249383451,529.0964179764375,111.4616075729742,2023-04-04
USER9148,Network_A,Network_Y,247.68579630417543,864.605881483541,159.40238018632164,2023-03-03
USER4347,Network_A,Network_X,134.13000573546,778.0958581969967,130.11321640735284,2023-03-24
USER7386,Network_C,Network_Y,141.99986957727384,889.2200882790437,44.40569013505192,2023-01-19
USER4506,Network_B,Network_Z,85.23298970739465,487.1651881814678,184.57542092066913,2023-07-15
USER1223,Network_A,Network_Y,141.60218608983868,674.7395458408636,140.9636334362628,2023-06-12
USER9239,Network_B,Network_X,270.87991451511283,748.1156519769559,88.39625567565157,2023-09-21
USER2725,Network_B,Network_X,250.71427152405715,619.2830256484568,69.61182990519455,2023-08-23
USER6082,Network_C,Network_Y,199.08330030962978,303.11685440767934,114.74013869658584,2023-03-14
USER8537,Network_A,Network_Z,269.10865805870833,902.6952391785477,164.76105238579424,2023-07-20
USER5027,Network_C,Network_Y,291.23365027994925,21.693707500018554,66.8652415918544,2023-02-05
USER8866,Network_B,Network_X,98.84859865043514,661.2520015476916,61.532074333715364,2023-07-12
USER5706,Network_A,Network_Z,238.75241641005388,251.31412159519388,98.87232360605485,2023-01-01
USER4602,Network_B,Network_X,51.82037996865259,218.60319845708057,76.43552125004157,2023-06-27
USER8641,Network_A,Network_Z,69.76977222125576,130.27499405854428,165.24134114606173,2023-03-07
USER7427,Network_A,Network_Z,9.739871151663449,237.36617226624097,99.4528762733892,2023-02-19
USER3492,Network_B,Network_X,285.43517719483697,282.5311663016254,68.11239680794912,2023-03-19
USER4528,Network_A,Network_Z,46.812875477397895,716.265057214126,153.98846531146626,2023-01-23
USER7559,Network_C,Network_X,149.43046620421566,14.191834903786857,134.63354757189092,2023-08-14
USER9781,Network_B,Network_Z,238.72782010480202,636.5377666343435,199.10817077396936,2023-04-29
USER1846,Network_A,Network_Z,43.049984228843236,473.0837130889516,99.0680409869519,2023-09-27
USER6369,Network_A,Network_Z,217.3870923661905,677.07519893476,54.638241366438514,2023-10-21
USER1648,Network_C,Network_X,79.22642604454815,907.4226847954476,195.13022720845458,2023-10-10
USER2646,Network_C,Network_X,38.32414997765133,898.8995260060337,88.79990395348614,2023-05-21
USER1713,Network_B,Network_Y,208.46096761175488,90.58976476270166,173.67665240632812,2023-01-18
USER9380,Network_A,Network_Y,289.21734325991275,509.26453444633887,15.805427252158108,2023-09-10
USER8987,Network_B,Network_X,51.907306513516495,774.6434286338159,51.46980615080127,2023-02-19
USER3573,Network_C,Network_X,158.43194719647803,810.1209419727668,40.660387922946796,2023-10-28
USER9206,Network_C,Network_Z,167.09475103579123,437.114671449087,99.50718349219375,2023-05-04
USER1766,Network_A,Network_Z,81.45616172444134,33.01961498016578,30.479439500939023,2023-01-24
USER7678,Network_B,Network_X,159.69220892642048,297.5341985548749,17.368855361502757,2023-10-18
USER9438,Network_C,Network_Z,275.4472822821793,278.28308792520386,82.62562795154805,2023-08-01
USER8463,Network_B,Network_X,19.76583397242103,705.1996989682566,194.22933674956235,2023-03-01
USER1772,Network_B,Network_Y,14.042569068941054,195.06156897381425,56.38635561185069,2023-02-21
USER3091,Network_B,Network_Z,272.1418565628045,96.48755452589624,148.12450863424763,2023-06-27
USER1811,Network_C,Network_X,114.64422029501937,286.81873850908886,184.23256848159068,2023-10-23
USER8906,Network_B,Network_X,21.097709823263052,367.6431031369813,53.91783076242977,2023-08-15
USER6227,Network_A,Network_X,150.41889520566053,789.2284863037693,179.72732759083706,2023-10-12
USER1141,Network_A,Network_X,95.29232109866821,585.8062085833211,114.26999969976931,2023-07-28
USER4806,Network_C,Network_Z,242.1232904588672,739.9044094126845,84.73628342470056,2023-05-02
USER4895,Network_A,Network_Z,43.39007142891598,842.5038140094849,62.60562850734519,2023-02-24
USER7761,Network_C,Network_Y,259.58498209375864,307.64498724048804,38.71021886655558,2023-10-29
USER9619,Network_B,Network_Z,62.64425307527979,21.44268601412375,44.47172636638685,2023-01-23
USER4067,Network_C,Network_Y,55.97187013270745,435.2079182184983,109.95733748389124,2023-12-01
USER7440,Network_B,Network_Z,245.7223070356806,526.7230527538873,12.80131423796588,2023-09-29
USER4284,Network_B,Network_Z,210.9010644801439,155.83249948207305,26.084330968293305,2023-04-25
USER9592,Network_C,Network_Y,177.79039458673077,304.5645758706532,171.00504347555562,2023-02-12
USER4744,Network_A,Network_X,40.22537527220376,80.48818075715333,82.86234531925551,2023-01-05
USER6602,Network_C,Network_X,79.7807826161376,268.80648392884405,145.51324612410687,2023-10-08
USER6302,Network_C,Network_Y,143.10495804424988,838.176815332798,191.05554383096273,2023-06-27
USER6403,Network_C,Network_Z,251.91970430028377,501.50608736541545,77.56914679383229,2023-05-27
USER2723,Network_A,Network_Z,285.42143476215614,851.4605236620673,101.27369688410437,2023-05-28
USER8392,Network_C,Network_X,253.94998595602874,242.21953152848144,20.920688684853737,2023-05-14
USER6895,Network_A,Network_Z,168.81996926930574,343.9186099257885,18.951234484939057,2023-02-27
USER4467,Network_A,Network_Z,227.61451394881527,991.7945495302374,110.00567279287188,2023-06-24
USER9015,Network_B,Network_X,102.84369962708296,548.2303370993245,137.83145884495144,2023-07-29
USER1896,Network_C,Network_Y,118.60583426248984,662.2199472232999,157.71760899276055,2023-10-11
USER5127,Network_A,Network_X,227.14479148240517,287.60225579344115,98.57138849359342,2023-07-11
USER7394,Network_B,Network_Y,277.2409162279349,498.08147560926,52.559068525734254,2023-09-09
USER4679,Network_C,Network_X,124.9235278097785,338.5147660614111,162.11199901220817,2023-11-10
USER2330,Network_A,Network_X,81.39674032780638,308.96108625406646,13.688923876277835,2023-03-21
USER2451,Network_B,Network_Y,274.65514729749606,328.00747504981814,196.59960524062976,2023-08-12
USER6888,Network_B,Network_X,282.1624467268716,80.38639623691945,61.1725625065219,2023-05-26
USER5243,Network_B,Network_Z,63.69336705464151,734.4671529363346,158.04562192811576,2023-06-30
USER2495,Network_B,Network_Z,233.56394683206767,800.4244016876827,66.7850873444899,2023-03-11
USER3452,Network_C,Network_Z,47.325995017346706,348.5039706535392,196.04718934527705,2023-06-02
USER9437,Network_A,Network_Y,151.20116570306814,845.1408243922571,65.46552931477892,2023-01-29
USER6073,Network_A,Network_Z,91.6029987600338,715.3298092880098,138.81547449961104,2023-04-13
USER4318,Network_C,Network_Z,244.5360261810673,551.0348769257655,187.85720439014932,2023-08-28
USER7685,Network_C,Network_Y,51.7834565272279,310.7435917326833,47.831623074072546,2023-12-01
USER3484,Network_C,Network_Z,274.7609068061374,663.7507672588481,93.41625954091693,2023-02-24
USER7932,Network_A,Network_Z,145.5305394099275,433.52935077917715,194.63023430271903,2023-08-28
USER3235,Network_B,Network_Y,291.54110511381754,974.5947380849436,79.73195088349267,2023-03-22
USER4115,Network_A,Network_Y,118.84179598421463,823.230950134681,103.21830227187213,2023-10-20
USER6799,Network_C,Network_Y,81.98666997247594,784.1163196813172,147.99143903031856,2023-08-31
USER4130,Network_C,Network_Z,29.84793851498425,163.1756846808395,162.09037638982062,2023-07-25
USER2368,Network_C,Network_X,154.90836236928467,677.7861167708198,146.17514096191496,2023-03-01
USER5659,Network_A,Network_Y,47.054435461216485,832.0112302868639,39.4365599066367,2023-01-03
USER2078,Network_B,Network_Z,242.24008759342098,922.4875212650813,190.00783660531465,2023-05-06
USER4884,Network_B,Network_X,221.97462570930753,429.4066637366016,148.23715943450642,2023-12-13
USER3926,Network_C,Network_Y,187.8996773486059,599.0279588092915,158.6561068942785,2023-04-27
USER2360,Network_B,Network_Y,196.4648641268417,985.1037302621461,34.428268658108216,2023-04-11
USER6750,Network_B,Network_Y,183.63919410751993,980.4630965332873,115.58266991030821,2023-08-05
USER1176,Network_B,Network_X,217.8610804241497,932.3081522213292,144.2340201367078,2023-08-21
USER6710,Network_C,Network_X,298.6656154713247,326.20913917192274,121.92363972083155,2023-01-09
USER4287,Network_C,Network_Y,53.152886105540105,786.665212916255,46.720709502873646,2023-02-16
USER7950,Network_C,Network_Y,57.450207959931575,843.2583331664267,10.807517706053682,2023-08-24
USER7625,Network_C,Network_X,80.27710904805089,810.5938680789503,95.70869780040844,2023-02-13
USER5624,Network_C,Network_Y,192.22736595535537,444.631300036247,37.23040974704628,2023-03-03
USER6727,Network_C,Network_X,292.05188676016974,856.3189497982381,20.387538628687878,2023-05-24
USER4596,Network_B,Network_X,189.49444874556133,581.5925920378593,97.42110456894281,2023-08-13
USER5053,Network_C,Network_Y,251.66555968538844,62.732457370364344,66.2108878009435,2023-04-12
USER6650,Network_A,Network_Z,276.8629440315239,698.9274530060267,77.02964483168381,2023-04-16
USER3075,Network_C,Network_X,126.69871087690483,665.441320751447,71.25124911288488,2023-06-14
USER8757,Network_A,Network_X,239.70808431684074,92.69816008378366,52.641738098205956,2023-06-22
USER6685,Network_C,Network_Y,233.59844399452814,746.2748470115583,91.67289819095969,2023-12-16
USER9639,Network_C,Network_Y,4.574806996505956,102.79112477702843,34.82066110401773,2023-08-12
USER3666,Network_B,Network_X,290.574907486191,870.4920171494002,73.87841479245411,2023-11-30
USER7741,Network_B,Network_Z,114.77129181963494,353.76394858462186,162.14675843409108,2023-09-01
USER5290,Network_C,Network_Y,113.82166730549088,897.8456937170996,78.59734266679098,2023-10-11
USER7373,Network_C,Network_Z,201.7880680198939,642.2535328770325,46.6593994524556,2023-08-28
USER6602,Network_C,Network_X,25.037631484670793,735.3351124884297,59.864412444588666,2023-02-08
USER1861,Network_B,Network_Y,270.3521524703739,271.9965227952366,16.511376486891393,2023-07-08
USER1325,Network_C,Network_Z,156.50231985970754,551.1500480692258,130.81638868079472,2023-12-06
USER8612,Network_B,Network_Z,225.59354019625235,58.90827305352353,183.6050459288415,2023-11-02
USER7272,Network_C,Network_Y,13.249828606876195,12.016002639705489,91.56315059610672,2023-12-27
USER2628,Network_B,Network_Y,172.85194589141508,35.14478748506242,190.76347642370897,2023-06-10
USER6494,Network_B,Network_Z,82.12275767924214,807.1336503833139,192.65475444418934,2023-08-16
USER3922,Network_C,Network_Z,166.4652681447341,250.7215217577596,105.88241783326045,2023-06-20
USER9467,Network_C,Network_Z,20.849912507660704,992.0461095820677,88.75695150971998,2023-04-10
USER3532,Network_A,Network_X,113.99949728275021,762.3071854255537,44.62452514834298,2023-12-10
USER4526,Network_C,Network_Z,95.22377339715078,560.2182940360376,184.47043860029441,2023-07-10
USER6202,Network_C,Network_X,33.8948507362814,917.0011477331028,56.604373440625494,2023-05-25
USER8671,Network_B,Network_X,278.61203613072234,376.1005432436068,92.95680317709474,2023-07-17
USER5669,Network_A,Network_Z,185.04400411526808,747.4993424252386,191.246535902509,2023-09-23
USER3502,Network_C,Network_Z,144.65390773689526,315.51161532518836,179.11519322725647,2023-04-27
USER5762,Network_A,Network_X,18.311698472254733,84.55952777408882,182.73277372442772,2023-09-15
USER5841,Network_C,Network_X,56.44784231593461,999.4181773862985,77.91672162928202,2023-07-05
USER2779,Network_B,Network_X,151.09732966004034,463.81540618647745,94.25041420574217,2023-10-04
USER1972,Network_A,Network_X,62.450748403951366,221.60456194721624,50.72735115646907,2023-08-11
USER3319,Network_C,Network_X,185.7119000098885,216.46411683944123,154.4425180048343,2023-09-04
USER1554,Network_A,Network_Z,18.8704710447416,949.0136270607605,50.942232601097196,2023-12-06
USER2915,Network_A,Network_Y,9.617741004183497,499.30130687904244,83.76837964454596,2023-06-27
USER9020,Network_A,Network_X,262.7828071415783,544.2354422641304,23.05802833226456,2023-09-02
USER9394,Network_B,Network_Y,122.99207112743048,64.35087688758699,146.27963312923927,2023-10-23
USER2386,Network_C,Network_Z,294.0118808479223,314.5255068492027,31.661219189833435,2023-11-23
USER4790,Network_A,Network_Z,144.34520124342333,572.7694049491489,151.92644244076743,2023-03-12
USER2259,Network_B,Network_X,183.7134065483624,463.3110153793064,89.29364940450894,2023-02-09
USER8243,Network_C,Network_Y,258.4878619999643,29.381082061494002,141.54695960082196,2023-04-29
USER4795,Network_B,Network_Z,103.14279209271132,676.8385851821895,45.03371579357273,2023-01-04
USER6787,Network_A,Network_X,250.3379451565607,479.9509052042914,172.03078839175555,2023-11-05
USER4345,Network_C,Network_X,47.326114101210436,918.2813594727878,21.251680535414263,2023-12-19
USER1684,Network_B,Network_Z,38.056487625402795,493.15251536847876,153.02915277504823,2023-05-14
USER1355,Network_A,Network_X,177.21375266321488,281.21715430380743,145.55452334826856,2023-12-23
USER8266,Network_C,Network_X,55.84867329595107,660.9948226454044,71.36755458161156,2023-08-31
USER6072,Network_A,Network_X,59.27516359939372,773.3856756558484,24.674994843014964,2023-01-31
USER2240,Network_C,Network_Z,232.37945133884455,193.68394784609293,53.70405310649549,2023-11-15
USER8988,Network_C,Network_Y,35.7100676405744,843.8900405157337,53.99143516815389,2023-06-27
USER9722,Network_B,Network_Y,16.56438698748628,150.60318787078438,11.388159225210302,2023-11-02
USER2048,Network_A,Network_Y,283.8140042230734,545.6078370101859,149.48094933209052,2023-10-02
USER5606,Network_B,Network_X,151.15155332257248,340.7476943782846,151.50361177773445,2023-10-26
USER7962,Network_B,Network_Y,274.68756988747606,378.72095780388133,37.4740999517136,2023-05-20
USER4044,Network_B,Network_Y,298.5339244660546,833.2367235026861,120.62538773001765,2023-08-17
USER2503,Network_C,Network_Z,260.4003613277227,287.50120015746114,38.81674415455619,2023-12-28
USER1369,Network_C,Network_X,57.972182573770674,603.581995384669,30.885733731628044,2023-03-12
USER6142,Network_A,Network_X,170.13470755315652,473.40661713653975,119.01175285761283,2023-03-09
USER1984,Network_B,Network_X,262.6527420047817,458.76521502860595,181.83739460865442,2023-09-21
USER1513,Network_C,Network_X,262.35971880090676,217.54639496645726,51.455949918391646,2023-06-28
USER5664,Network_A,Network_X,190.48266092195468,808.2146496398805,62.39799132702376,2023-11-04
USER5340,Network_A,Network_Z,266.5505799987899,598.5252121062749,141.2056376375431,2023-07-18
USER1479,Network_B,Network_Z,101.86393340363692,908.8732569843647,13.922346008754575,2023-09-03
USER7322,Network_C,Network_Y,56.88963842689166,788.3468836205399,13.463313577232402,2023-07-30
USER1337,Network_B,Network_Z,237.06569560444,843.0295819683537,74.55725084122946,2023-01-05
USER5076,Network_B,Network_X,15.194758581309001,72.30220040395737,169.16962577305915,2023-04-05
USER9041,Network_C,Network_X,152.17179637206652,417.6914905102034,30.158544500965107,2023-05-19
USER3208,Network_A,Network_Z,241.6465700971392,103.69039323298524,20.409660128395974,2023-10-21
USER5572,Network_B,Network_Y,205.12870318897293,812.2154832566072,83.97289470134004,2023-10-25
USER9589,Network_A,Network_Y,15.625246460747979,99.6625679427061,18.56605463040436,2023-06-04
USER2755,Network_B,Network_Z,115.47180193005377,861.0393922155214,180.34808473335931,2023-02-25
USER9879,Network_B,Network_Z,24.152064788457167,954.6074406684156,121.70090962998654,2023-04-30
USER2718,Network_C,Network_Y,172.99743709674323,292.3310691451307,17.08589463868957,2023-01-09
USER7950,Network_C,Network_Z,200.31827762549793,30.86920111760118,107.08466553648356,2023-12-24
USER9860,Network_A,Network_X,181.42942210814283,457.3974538884261,166.10294292068474,2023-03-05
USER7991,Network_A,Network_Y,74.96752228035449,605.0094297567165,104.53023510680401,2023-05-21
USER2538,Network_B,Network_Y,10.583170197675429,949.0833552689527,54.910896667348794,2023-04-17
USER6691,Network_A,Network_Z,2.211851425146847,51.10793804032462,114.77542816424418,2023-12-27
USER9750,Network_B,Network_Y,230.721629953257,968.850494171511,168.339424843332,2023-05-07
USER3415,Network_B,Network_Y,1.8491877110522654,340.25853798017755,195.5835530241899,2023-06-02
USER3676,Network_C,Network_Z,119.50317467233229,136.6118254888235,153.22025973687954,2023-05-15
USER2064,Network_A,Network_Z,279.2574874083467,802.7861552346274,123.85743502945627,2023-10-09
USER4828,Network_A,Network_Y,146.72852140405234,847.6623921764563,51.086880494645754,2023-07-02
USER5365,Network_B,Network_Y,11.282449613786092,115.78775271671162,181.09111559273126,2023-07-04
USER2283,Network_A,Network_X,290.7839399393382,922.8778965996164,176.52144533847942,2023-08-29
USER9875,Network_C,Network_Z,147.12977256256593,274.3945434495481,135.73678282015084,2023-09-07
USER6891,Network_A,Network_Z,133.90387817293194,490.43142219814195,34.49621447377584,2023-01-09
USER3575,Network_A,Network_Z,86.96738123776747,671.6856811979375,75.05658940472266,2023-09-24
USER4176,Network_B,Network_X,194.91721184527833,755.8733139518303,161.10202519965546,2023-10-21
USER1744,Network_A,Network_Y,122.44523529767056,823.4748446275885,36.72965574013585,2023-09-17
USER2708,Network_A,Network_X,154.73920952612153,241.337635074941,26.78473437437284,2023-10-24
USER2601,Network_B,Network_Z,122.12170990546156,501.27581782032166,11.939381930733244,2023-04-18
USER3744,Network_B,Network_Z,223.0061125640205,116.96040926412346,173.36555632960463,2023-03-22
USER6627,Network_C,Network_X,182.0733948700628,781.0861283102129,141.03963125983742,2023-10-30
USER1614,Network_A,Network_Y,214.48909450720322,461.4154256748392,116.22047717728634,2023-05-09
USER5074,Network_A,Network_Y,123.38538968240337,319.01891285899694,161.52287619166108,2023-04-24
USER4503,Network_C,Network_X,156.6755535338347,402.670224931312,68.016350481609,2023-01-30
USER5479,Network_C,Network_Y,145.928646436368,346.85388906968285,46.838730314488416,2023-08-29
USER7660,Network_C,Network_X,29.40679209127895,994.6628290169036,81.05287890400616,2023-08-11
USER3942,Network_B,Network_Y,48.28731077071796,105.51183708985485,117.20810873073847,2023-07-30
USER1060,Network_A,Network_X,28.390537141937678,496.7738413538506,140.01833583379832,2023-06-29
USER2019,Network_B,Network_X,67.01247034890228,666.1960047646199,117.92637113637149,2023-08-12
USER8394,Network_A,Network_Z,231.9388177125645,776.0432021125955,97.72894423720126,2023-10-12
USER2900,Network_A,Network_Z,172.9332838202773,275.59344029987875,77.54756532454664,2023-08-28
USER8531,Network_B,Network_Z,220.59262032833178,843.5084332964004,61.25867126307047,2023-07-31
USER6006,Network_B,Network_Z,114.18249941311487,253.13900620297048,79.2434629452989,2023-08-29
USER9675,Network_A,Network_Y,291.3281817606479,379.6120323114359,92.03558921104437,2023-11-07
USER3762,Network_B,Network_X,297.21626849324184,471.5808776523531,123.91358778059293,2023-09-01
USER1852,Network_C,Network_X,91.11558024943169,272.13734352264277,117.2307858105869,2023-03-12
USER3650,Network_C,Network_X,41.995976268291855,488.13646296820457,81.06847042192187,2023-07-29
USER8595,Network_C,Network_X,220.9050128182677,898.645903709169,100.86439714337997,2023-08-28
USER2628,Network_C,Network_X,11.266459608131282,518.2589004078195,102.6455765299022,2023-02-26
USER4234,Network_B,Network_X,295.999430698051,432.3911151322386,65.25959250100871,2023-11-17
USER4567,Network_B,Network_Z,286.70219102203635,864.7643000258837,192.0218024484001,2023-02-12
USER6629,Network_B,Network_Y,82.7384418592001,482.34763620444704,174.55782399529278,2023-04-13
USER7631,Network_C,Network_Y,34.082303891067745,282.8497698605058,33.51125665474692,2023-05-16
USER8295,Network_A,Network_Y,14.14502386630834,457.49540035347616,89.8033147199632,2023-05-14
USER5902,Network_A,Network_X,265.50326868395655,423.93772650160344,139.7089554139547,2023-01-08
USER6380,Network_B,Network_X,5.47679177589064,687.2162487126435,15.447277880709237,2023-09-04
USER9364,Network_A,Network_X,28.075614806102312,882.2658939114314,130.89488671775234,2023-02-04
USER7395,Network_C,Network_Z,273.3646495989722,374.23365329458994,199.06777744844325,2023-12-15
USER9556,Network_B,Network_X,168.00635901235495,897.2070929899776,41.20016642822642,2023-08-06
USER9427,Network_C,Network_Y,277.7642221791643,512.1588153601883,158.22602620385987,2023-10-05
USER7998,Network_A,Network_Y,254.31658806271247,315.5221155206763,61.73994868379953,2023-01-19
USER1893,Network_B,Network_Y,234.44096788016205,857.2241516891082,17.470488998934336,2023-07-10
USER2761,Network_A,Network_X,31.14149240242131,508.42454192255514,80.91558781114124,2023-10-06
USER4647,Network_B,Network_Y,104.66161069150566,917.4205676841383,76.66556065151362,2023-01-26
USER5498,Network_A,Network_Z,56.44388952716002,85.41070142812347,118.81230740228132,2023-08-31
USER5760,Network_A,Network_Z,289.1505946967695,363.23139158246437,77.77884423836318,2023-03-06
USER3943,Network_A,Network_Z,64.08612623046008,144.58997483574495,142.1830332551029,2023-02-14
USER1281,Network_A,Network_Z,108.01876809223246,809.5691456671602,72.53567888072973,2023-04-14
USER7080,Network_C,Network_X,48.36972146908487,892.5319411155768,92.08184061472556,2023-12-06
USER8947,Network_A,Network_Z,61.80675714666704,561.1691764438483,92.04796799140273,2023-09-04
USER5168,Network_A,Network_X,93.93309642418059,962.557680444347,37.19986047135647,2023-12-18
USER3709,Network_A,Network_X,190.83344060585617,267.5180484247916,13.365104173376874,2023-03-02
USER4959,Network_A,Network_Y,26.688588618321443,122.23091834467938,160.39917433527532,2023-12-23
USER6426,Network_C,Network_X,168.94656056080024,95.01624607820999,89.23708255769803,2023-09-17
USER2824,Network_A,Network_Z,222.1916128659467,861.5808592171306,148.8282152196421,2023-12-30
USER8325,Network_A,Network_Y,104.3348083414935,128.44255601410993,78.98441154825142,2023-09-04
USER7536,Network_B,Network_Z,18.82627582021662,952.1518545803601,35.46795830805065,2023-04-05
USER4501,Network_C,Network_X,57.73646991485741,216.07202396631692,76.41151697057632,2023-04-20
USER1415,Network_A,Network_Z,115.60313094189591,394.0406746147175,59.562685159538624,2023-09-03
USER1299,Network_A,Network_X,9.428852250673474,121.15903736484042,34.224225982712,2023-06-21
USER4264,Network_C,Network_Y,293.50869232087206,306.6584959066468,155.3483885530638,2023-12-04
USER4235,Network_B,Network_Z,68.70754012790911,852.7515178783242,195.100761222851,2023-05-22
USER3739,Network_B,Network_X,126.82068648237707,834.456709979141,150.26012988141935,2023-01-21
USER1892,Network_A,Network_X,43.92950625446048,781.6909086674236,115.92073476525238,2023-08-25
USER5063,Network_C,Network_X,133.74171896606714,503.62376670458605,145.03865950208444,2023-03-20
USER6715,Network_A,Network_X,27.572697865304335,823.7450161021225,64.92228749959767,2023-06-16
USER3702,Network_C,Network_Z,235.65447862562075,417.72238244204004,28.474867473974637,2023-01-09
USER6962,Network_B,Network_Y,43.434422096309,932.8660694491607,18.322920066282794,2023-08-30
USER8038,Network_C,Network_Y,145.34030095581133,195.21139236112106,27.33599858469899,2023-03-03
USER9302,Network_C,Network_Z,109.01918557738821,528.2220829130933,53.1173887746459,2023-10-02
USER1121,Network_A,Network_Z,178.48874211802155,118.92444945700524,86.69895397107267,2023-09-18
USER2005,Network_A,Network_X,72.85809270732014,742.8073375755728,146.29856320643472,2023-04-02
USER8792,Network_C,Network_X,110.38956010345076,432.9526242218447,71.21122579204444,2023-11-16
USER3512,Network_C,Network_Z,166.03150934501116,762.405546087033,61.05663120638136,2023-03-26
USER3770,Network_C,Network_Z,207.1506809157738,988.9031084271708,120.1402378619981,2023-11-03
USER2080,Network_C,Network_Z,20.241848983732947,399.19132069658787,176.40147192653092,2023-04-16
USER5253,Network_A,Network_X,209.81808839264863,722.3611613134325,42.60036098082424,2023-02-12
USER6041,Network_A,Network_X,144.29791023094427,804.9190068002159,68.34674947199039,2023-02-25
USER6144,Network_C,Network_Z,198.1573976566137,570.6839646619171,22.919044032755036,2023-10-19
USER5724,Network_B,Network_X,122.06312585722831,178.1331296590071,140.3270971368032,2023-07-28
USER2478,Network_A,Network_X,130.798098064244,723.4320090002713,32.86695624114064,2023-03-10
USER1441,Network_A,Network_Y,249.12180800354815,175.58680654328802,82.79448440938775,2023-09-03
USER7924,Network_A,Network_Z,54.927838809541385,400.48525988085123,65.57288693812922,2023-09-04
USER9802,Network_B,Network_X,152.41820433867994,732.6698249928861,113.52865310646843,2023-11-18
USER3557,Network_B,Network_Z,183.71589279224432,997.5551713645717,152.88272060033796,2023-03-18
USER2605,Network_A,Network_Y,118.74604632946763,903.0992343333604,174.90533158271032,2023-02-16
USER9409,Network_B,Network_Z,167.97837302433697,94.99879878650694,185.43406408877792,2023-07-31
USER3146,Network_A,Network_X,145.54655649771718,44.71901184972803,132.71991118735565,2023-07-19
USER7588,Network_B,Network_X,159.65564123270124,204.0070808035275,24.27843330602331,2023-07-01
USER7039,Network_B,Network_Y,279.64527455447137,997.9122241489047,148.69486758136438,2023-03-22
USER7344,Network_B,Network_X,274.95150195181066,941.4889688397623,81.76283314572159,2023-02-18
USER2347,Network_A,Network_Y,206.16151186614874,188.27667809570838,73.86593883048457,2023-06-01
USER1986,Network_C,Network_Y,97.83483188667626,863.5103589837197,145.12747615863373,2023-05-13
USER5633,Network_A,Network_Y,69.1660241179692,940.6888387146978,135.15623896139493,2023-04-21
USER3664,Network_C,Network_Z,281.3869476389247,717.2045001260177,109.65958159188963,2023-10-17
USER4902,Network_C,Network_X,187.39795063314313,406.58033760825367,13.810931656191553,2023-09-18
USER1411,Network_C,Network_Y,31.000702079075857,612.420474541862,137.66639397833148,2023-09-02
USER1305,Network_C,Network_Y,95.87991110566156,817.6435064170338,145.8310872561853,2023-07-25
USER4157,Network_B,Network_X,262.39689921805683,744.5989008404451,112.70269820104446,2023-06-21
USER5490,Network_C,Network_Z,138.40233641795442,255.03197369918865,126.37587482074811,2023-10-27
USER1068,Network_B,Network_Z,27.614562327602695,558.9792190294958,65.66565131590261,2023-08-27
USER2365,Network_C,Network_Z,205.84725074410093,237.14175082949612,54.09523040638571,2023-12-01
USER9539,Network_B,Network_Z,271.8438995622172,822.8645267295058,63.96117017962918,2023-06-08
USER5528,Network_A,Network_Y,273.4023328980442,80.14860055421919,170.62393588782632,2023-02-22
USER5301,Network_B,Network_Y,85.63635120923534,904.8664823565209,28.96883804122732,2023-05-10
USER4330,Network_A,Network_Z,72.44260788142887,109.68610704045204,14.404048230306117,2023-11-03
USER6536,Network_A,Network_X,55.97800948176846,80.4573572541096,20.5524879068125,2023-12-31
USER4439,Network_C,Network_Y,139.9304313275431,773.999832501923,187.8354393345744,2023-09-14
USER1053,Network_B,Network_Z,167.14941903588362,564.7364251865375,33.70547768335557,2023-05-09
USER9486,Network_C,Network_Z,264.6394719462696,119.90113161256748,179.22574502464764,2023-06-22
USER5570,Network_C,Network_Z,164.3432407513658,527.1970233549187,184.2603109642137,2023-04-02
USER3249,Network_C,Network_X,125.52906993809351,606.8641372526952,176.72418030933042,2023-07-22
USER8692,Network_C,Network_Y,57.22326114570219,859.5152842706906,26.399920920421984,2023-05-22
USER1452,Network_C,Network_Z,187.05203243805056,442.7749103663404,164.72337697497366,2023-11-24
USER1792,Network_B,Network_Y,272.96451562342725,640.6926506485498,18.02071153389788,2023-11-29
USER6702,Network_C,Network_Z,77.41793489842645,581.735150922515,134.2267456513346,2023-03-05
USER1274,Network_A,Network_Z,62.32568992651144,289.1149035756251,97.54054220098914,2023-12-10
USER8272,Network_A,Network_Z,292.7214760256114,706.124819862825,146.09102626918394,2023-10-15
USER8030,Network_C,Network_Z,145.10882111233283,164.02926301675697,64.4242081934635,2023-10-20
USER3174,Network_B,Network_X,85.58589595271344,528.5328017005373,189.98320557322674,2023-02-23
USER9328,Network_B,Network_X,41.11798827200632,717.1675068611632,94.7423698790473,2023-04-19
USER9823,Network_C,Network_X,29.752276907536178,205.56872816257672,60.967418417379925,2023-01-14
USER7196,Network_B,Network_X,60.7097479461951,751.1173515522283,123.87775453318541,2023-07-14
USER6740,Network_C,Network_Z,197.92688025815937,360.3737397759802,184.33348432745538,2023-04-08
USER1248,Network_A,Network_Y,279.50038832723976,378.0458185521014,116.35305637823333,2023-12-24
USER7389,Network_C,Network_Z,69.69588849967546,714.8575798257714,177.8486642379833,2023-05-18
USER8410,Network_B,Network_X,151.07250601534733,812.691805118396,14.29337212834924,2023-04-03
USER8316,Network_B,Network_X,191.98550663848735,359.89710363466605,95.27564065835055,2023-04-13
USER9459,Network_C,Network_Y,264.7244785754415,358.4805484781411,53.34948470109754,2023-09-21
USER9865,Network_B,Network_Z,178.06100925137923,73.806695505824,46.637991260044366,2023-09-13
USER6059,Network_B,Network_X,295.62125411919175,373.5845347524575,56.26710666674186,2023-04-20
USER5543,Network_A,Network_Y,275.1851442952335,384.24967125987536,78.09475533328241,2023-12-19
USER3389,Network_A,Network_X,266.7028054780682,621.5431199085721,47.727461595724776,2023-12-07
USER3450,Network_A,Network_X,148.15956417469144,57.86567984024806,127.93233509170956,2023-06-03
USER9663,Network_A,Network_Y,144.17549393425716,735.5181278507545,13.211508846823392,2023-03-29
USER1754,Network_B,Network_Z,134.24992239973216,302.6804752678197,77.16851872675164,2023-08-04
USER2687,Network_B,Network_Y,49.21488957812696,669.4624709104347,31.7137480582656,2023-09-07
USER3503,Network_C,Network_X,158.46298026676536,342.49203485716436,130.21335934746259,2023-02-27
USER9794,Network_C,Network_Y,231.97962617932967,481.83775415047853,93.352987443613,2023-09-23
USER1280,Network_B,Network_Z,126.10739345162447,722.4518841204324,161.8529617476181,2023-04-13
USER9919,Network_A,Network_X,150.74211118366478,784.8221504093239,146.93139313694545,2023-05-11
USER2411,Network_C,Network_X,208.77024998309258,653.5930768041616,28.080749516146703,2023-03-30
USER4489,Network_B,Network_Z,102.98065735668847,212.9651813600516,64.85209538164332,2023-03-14
USER1165,Network_B,Network_X,211.79471068542557,524.3590389075596,189.42300057854877,2023-06-18
USER1743,Network_B,Network_Y,114.13241111866972,987.4408503149606,190.68833096477888,2023-12-11
USER1992,Network_B,Network_X,51.772033534975996,947.2549885518673,75.90833637980099,2023-12-06
USER3432,Network_C,Network_X,96.08892730418586,532.1414508662217,132.50423552309434,2023-07-10
USER6716,Network_B,Network_Y,80.22554611775843,228.4308458884254,96.36860042952456,2023-01-06
USER7922,Network_A,Network_Z,231.18461800916086,590.4177637163049,182.79824945774385,2023-07-17
USER1113,Network_B,Network_Y,147.6564079882351,631.8297296390875,20.501801464873495,2023-07-17
USER7469,Network_A,Network_Z,154.77160739895342,994.5676224962147,126.2813553554492,2023-06-17
USER4544,Network_C,Network_X,297.34202287216067,792.6239581887764,115.73896559704521,2023-11-02
USER2253,Network_C,Network_Y,89.06932261258451,416.7424182491149,32.6132195775414,2023-02-02
USER8574,Network_C,Network_Z,238.63143708511586,515.2924290234703,190.53292583563626,2023-07-29
USER3429,Network_B,Network_X,281.96072795061644,993.994155770316,77.26947592161399,2023-01-25
USER1882,Network_C,Network_Z,278.01441581586,448.4411004810558,189.1605447590364,2023-10-15
USER9317,Network_C,Network_Y,12.098339180632408,103.89652377176274,69.91530282660568,2023-06-29
USER1549,Network_C,Network_Y,68.94989563413701,871.4034789205674,157.03247185335545,2023-01-16
USER1301,Network_C,Network_Y,77.34583900350547,537.5997592551028,131.81495231788853,2023-04-18
USER1971,Network_B,Network_Z,95.21493794511026,92.11333902230218,113.16383004985678,2023-10-11
USER4328,Network_A,Network_X,135.62038206811917,824.870503261086,110.65190288366354,2023-05-17
USER5880,Network_C,Network_Z,229.1558425721435,891.3382999674321,128.7231442587049,2023-11-24
USER4643,Network_C,Network_Y,196.67437406466433,731.0233790383603,35.28373961881991,2023-02-15
USER1854,Network_A,Network_Z,136.85562362216214,587.4506381476504,21.312689058522633,2023-02-04
USER4615,Network_B,Network_X,71.03018074271908,554.0446902784471,142.24945861296771,2023-04-06
USER9234,Network_B,Network_X,86.04579681667579,924.0491037397478,185.3957779838945,2023-01-09
USER8143,Network_B,Network_Z,189.29845592485123,750.2021912582195,120.13126152651931,2023-01-22
USER7036,Network_A,Network_Y,153.22761156014778,508.40437143384594,74.62986378641823,2023-03-17
USER5041,Network_B,Network_X,144.38703566505345,438.7945605052361,165.69130592864065,2023-07-22
USER1062,Network_B,Network_Y,149.0691413575149,26.559674046338756,67.27269915471697,2023-03-24
USER1510,Network_B,Network_Y,297.22290162543175,256.0248378396479,43.337846584624764,2023-07-03
USER6340,Network_B,Network_Z,268.2158182383447,511.596607906025,126.32889827580746,2023-07-28
USER9352,Network_C,Network_Z,237.78733416243082,44.49352110785315,193.12892576232753,2023-05-15
USER9245,Network_B,Network_X,266.1820356593386,497.66260865371396,150.5600485916759,2023-01-29
USER6104,Network_A,Network_X,159.37768291202613,149.1597651804357,173.5078608347735,2023-04-11
USER8692,Network_A,Network_Y,73.6457958275395,919.1132051451042,130.33732476119258,2023-03-06
USER8442,Network_C,Network_X,287.3549817354516,688.882182929174,67.18158309387793,2023-01-29
USER1937,Network_B,Network_Y,158.25227940844223,780.0694565873044,10.160463052829765,2023-06-26
USER8760,Network_C,Network_Y,38.00340555034817,280.5433424876771,121.52864748276492,2023-11-03
USER3323,Network_B,Network_Z,152.06585185878174,694.3867076943025,145.49574785603062,2023-06-24
USER4153,Network_A,Network_X,78.43192174190337,4.599537714318261,26.019603803354574,2023-11-18
USER7433,Network_C,Network_Z,71.83820250851632,367.54997138516006,182.61719677624524,2023-12-13
USER4477,Network_A,Network_Z,271.22409302358517,199.8083318532117,174.07799132623066,2023-11-13
USER4179,Network_C,Network_Y,123.22503340457742,912.3119023340126,49.582705015101695,2023-05-11
USER9620,Network_A,Network_Y,225.39649610055898,477.33242255782335,44.536663323740456,2023-05-23
USER7393,Network_C,Network_X,169.18623690133964,57.562686359235094,111.65683066542671,2023-07-13
USER9382,Network_B,Network_Z,236.5869163310022,29.759552559437296,198.57334600362287,2023-08-19
USER3863,Network_B,Network_Z,27.22534313091843,893.0021646499744,53.23499614397151,2023-12-01
USER7530,Network_C,Network_X,28.732139279440332,638.7654502238629,158.6094160373988,2023-05-06
USER9364,Network_B,Network_Z,227.56291132704544,614.5000922586111,189.329303624692,2023-02-17
USER4045,Network_A,Network_Z,290.73571513095493,782.9982645692439,100.90047808081054,2023-04-04
USER4079,Network_A,Network_Y,75.29351358881969,326.40318754470235,106.89857722685058,2023-01-11
USER7630,Network_B,Network_Y,30.236464190587995,839.0037645137074,97.75600656820906,2023-07-16
USER1763,Network_B,Network_X,171.88277060888598,797.3438399883439,164.66761051787924,2023-12-04
USER2510,Network_C,Network_X,269.8031238183968,723.2064964355384,113.85525717932224,2023-05-22
USER2967,Network_B,Network_X,183.72619427234164,464.1026114926367,84.03232468439676,2023-05-24
USER9203,Network_A,Network_Y,248.9151385486301,351.81902534986983,26.905309584428252,2023-12-18
USER4231,Network_B,Network_Z,70.64786459054497,219.551026458731,35.195352815377966,2023-07-26
USER9399,Network_C,Network_Z,21.864921302038926,318.05586003892705,17.878306925977284,2023-07-06
USER3042,Network_C,Network_Z,215.0274617901745,757.4045103456396,193.50180981286394,2023-01-13
USER8449,Network_B,Network_X,228.28668079682078,370.9413441892675,21.8174625697463,2023-06-01
USER9539,Network_C,Network_Z,262.9755472997956,234.31744796138736,144.27246401084682,2023-01-23
USER6430,Network_C,Network_Z,242.13861350202114,718.1491742948083,149.97089102315653,2023-02-02
USER2768,Network_B,Network_Z,156.01869481659523,745.646977657784,183.30220979670057,2023-06-04
USER1046,Network_B,Network_Z,108.87546738346038,988.5167434001609,25.179931468492395,2023-03-19
USER1971,Network_A,Network_Y,215.8648748128418,612.6884665500562,17.138086347127985,2023-11-06
USER7165,Network_A,Network_Y,67.46248701105861,974.1337929704422,158.53328558390427,2023-10-30
USER7568,Network_C,Network_Y,45.13828435815382,372.61954534057185,167.29853473514802,2023-05-03
USER6707,Network_B,Network_Y,299.88364920445616,922.288124535587,108.18408750746404,2023-03-16
USER7868,Network_B,Network_X,152.92574924350905,645.7117708663217,171.4164726945936,2023-12-22
USER2661,Network_A,Network_Y,247.50837457265703,475.07781048352405,112.1817352420598,2023-04-22
USER4989,Network_C,Network_Z,124.64366077086913,523.1146185564642,81.1380485228675,2023-05-11
USER1551,Network_B,Network_Z,272.5386116467852,734.9214602427691,21.4437063893375,2023-05-06
USER2906,Network_A,Network_Y,209.1918645708101,989.6772035289431,150.9497290436057,2023-05-01
USER5088,Network_B,Network_Z,29.562743313178103,248.12043608491945,25.737379183375054,2023-04-04
USER4068,Network_C,Network_Z,274.46629935067807,892.9778824142815,94.03519237112117,2023-08-22
USER5073,Network_B,Network_Z,205.82198042278657,959.2656279252284,177.42831152641713,2023-12-17
USER6329,Network_C,Network_Y,160.45515930886697,635.4395621028258,166.74893049802102,2023-06-18
USER1215,Network_C,Network_Z,114.68799469155928,944.3778684935166,172.72275609309062,2023-05-05
USER2252,Network_C,Network_X,43.36153080600655,869.9005930185199,166.93420988787636,2023-07-09
USER4192,Network_B,Network_Y,95.69639685916935,358.8690727717012,179.56192450258766,2023-05-18
USER7060,Network_B,Network_Y,79.29790541897883,507.7465045175757,171.6853118354107,2023-11-13
USER9239,Network_A,Network_Y,274.92623207934787,944.8594640552818,11.02537217936076,2023-01-09
USER6148,Network_B,Network_X,189.089088730063,178.78861828604573,38.76156845938272,2023-10-30
USER6792,Network_B,Network_Y,89.71926657178363,77.14448313441534,190.5138385694173,2023-10-03
USER7512,Network_C,Network_X,232.26971558966582,812.4063118193484,60.7112536123828,2023-04-25
USER4419,Network_B,Network_X,236.84362297017375,747.7749416533076,138.50999530605304,2023-01-01
USER6482,Network_A,Network_Z,156.8335419296543,938.6384123828035,74.74539605610128,2023-07-08
USER3041,Network_B,Network_Y,233.76799771029647,266.5153303298132,136.15539121702272,2023-06-16
USER7433,Network_A,Network_Y,256.8336281942586,972.9104424014141,54.42521757447869,2023-06-25
USER5400,Network_B,Network_Y,27.284535972229005,604.9044128637515,121.37276840659887,2023-05-01
USER4454,Network_B,Network_Z,48.40290617516743,134.81120075767308,93.9724135713488,2023-04-09
USER9620,Network_A,Network_Y,163.58131316238197,492.6898043988805,179.66155815916161,2023-09-27
USER2802,Network_B,Network_X,122.2303244010806,630.0886241061789,70.97613117931289,2023-08-03
USER7366,Network_C,Network_Z,170.04201081590483,526.2458710989873,73.75735249915803,2023-04-14
USER1459,Network_A,Network_Z,215.54915203385218,713.6200344053235,35.86582378421606,2023-01-27
USER5871,Network_A,Network_Y,8.353041690571388,155.77847352484244,91.10560837794034,2023-04-19
USER2498,Network_A,Network_Y,104.55979762845851,574.5237596905109,65.96193037398689,2023-05-18
USER8914,Network_B,Network_Z,171.24980147315466,743.5525961949556,87.63587415473161,2023-02-09
USER5312,Network_B,Network_X,91.20598055904193,212.3832993095322,81.28305760667473,2023-08-05
USER4826,Network_B,Network_Y,19.110807840580616,467.0175776826436,54.7174095347388,2023-10-22
USER3961,Network_B,Network_Y,87.0095342830978,589.8902848107617,148.4481432367731,2023-09-07
USER7528,Network_A,Network_Z,106.00155369506558,748.0538729068528,189.1465288572087,2023-02-15
USER9049,Network_B,Network_Y,47.772689736792934,146.7036838686564,120.10310074378441,2023-06-11
USER6231,Network_A,Network_Y,98.48626613971628,78.71965305215946,62.61386324052991,2023-08-24
USER5883,Network_A,Network_Y,86.2676046225064,553.4132115856709,26.265575951814068,2023-08-13
USER1326,Network_B,Network_Y,133.70634984198787,582.6530884553679,140.54793096498008,2023-01-01
USER5485,Network_C,Network_Y,209.7286593814951,588.1075674924053,13.645655678826973,2023-06-26
USER5501,Network_A,Network_X,275.1012594389741,97.81967169854717,79.1921393605562,2023-12-17
USER3036,Network_A,Network_Y,227.26647559662445,441.790175700721,81.90055060390769,2023-10-07
USER9569,Network_A,Network_Z,166.05477118894166,983.1332468492792,66.28270367920754,2023-06-19
USER3030,Network_B,Network_X,251.88254665085282,348.05116409219863,189.63555947145187,2023-04-14
USER1917,Network_A,Network_Z,132.7791249281502,261.36509624314573,119.26209722109344,2023-09-05
USER4211,Network_C,Network_X,64.54822700198281,470.88582190620315,147.94453520455045,2023-11-12
USER9462,Network_B,Network_Y,83.96649667332477,116.74454317853845,169.80821838899797,2023-10-25
USER5381,Network_A,Network_X,137.13602250377403,171.84587177169445,160.0595189080935,2023-04-19
USER2888,Network_A,Network_Z,287.66190771099446,105.73170057181547,11.790146855079488,2023-10-11
USER4043,Network_A,Network_Y,155.04998604288605,260.6843164738867,195.818933502123,2023-02-01
USER1406,Network_A,Network_X,261.32496206354716,250.4425336493194,167.82816717386822,2023-05-20
USER7077,Network_A,Network_Z,220.2024854153793,14.398810208596514,75.99689119368223,2023-07-30
USER4886,Network_B,Network_Z,20.08674221882205,660.0730286977364,87.70030040028453,2023-09-06
USER4775,Network_C,Network_Y,9.192783221796924,91.42686564511669,37.91262193278055,2023-03-01
USER6101,Network_B,Network_X,23.1473621627276,117.99504004030925,128.82633363281195,2023-08-30
USER8332,Network_A,Network_X,94.16120420854615,270.76611627151385,94.49070764632573,2023-07-05
USER2785,Network_A,Network_Y,2.0275343609550593,71.10771608090587,194.85196580945853,2023-05-31
USER8567,Network_A,Network_X,221.4225225014535,442.87637434464324,10.485892232993141,2023-06-04
USER7277,Network_A,Network_X,135.86187393237847,377.8342579759645,105.52320506102481,2023-01-15
USER7070,Network_C,Network_X,71.13578321460939,505.5934560058539,17.467358025456054,2023-07-03
USER4111,Network_C,Network_X,55.024670020477984,476.3438733515084,53.00307804305525,2023-05-25
USER5095,Network_A,Network_X,25.104172309382662,497.33443300693745,112.0578156356409,2023-11-27
USER3284,Network_B,Network_Y,133.98092168575474,884.8547070161441,199.6486119484513,2023-12-18
USER8575,Network_A,Network_X,117.97669443566457,316.47149912669965,158.81025942769438,2023-07-14
USER2966,Network_A,Network_Y,151.26017019499469,49.4674620114589,51.452853546088825,2023-07-14
USER4661,Network_B,Network_Y,293.91416854469077,955.0577566864623,77.94098243937586,2023-09-22
USER6594,Network_B,Network_Z,130.71094345280093,94.56065920956334,170.3276479614679,2023-02-07
USER8612,Network_C,Network_X,217.55820028814333,553.3074017778935,52.04647574956957,2023-11-05
USER7044,Network_B,Network_Z,108.13112860669865,300.97258773709,40.4991937199905,2023-09-03
USER3456,Network_A,Network_X,208.19382034509755,859.5141000286382,44.4464152207211,2023-05-11
USER7543,Network_C,Network_X,81.22974283030582,31.61598353827532,168.97409261512848,2023-03-19
USER9525,Network_B,Network_Z,210.5897523960854,597.241598911093,165.45528804265794,2023-04-19
USER8343,Network_A,Network_Z,122.0510246268453,318.4489350151808,71.08572455730646,2023-06-14
USER4095,Network_C,Network_Z,238.32202449784577,256.06911082590466,122.0557478518755,2023-03-30
USER9248,Network_A,Network_Z,125.14749109964282,758.8741647594069,185.16104242822408,2023-12-05
USER1092,Network_B,Network_X,6.388585862551876,990.6467849774791,108.0470980173143,2023-03-08
USER4479,Network_A,Network_Z,271.86574091997466,849.8390070372907,88.9714188042601,2023-02-24
USER4760,Network_C,Network_X,132.0113036774662,585.2994290506577,186.81495596733484,2023-02-04
USER6575,Network_C,Network_Y,212.99492372026987,723.1256879532319,117.6926291325779,2023-07-05
USER4669,Network_A,Network_Y,206.2162471773748,923.8215662349588,19.394757070949225,2023-08-31
