campaign_id,customer_id,message_type,response_flag,engagement_score,customer_demographics,timestamp
CAMP6063,CUST7811,Promotion,1,9.323637095470952,Age_26-35,2023-04-06
CAMP6960,CUST1884,Promotion,0,5.343526431875271,Age_26-35,2023-08-13
CAMP2045,CUST2396,Service Alert,1,3.888725554287042,Age_50+,2023-08-20
CAMP8777,CUST4052,Promotion,0,1.1341140741879943,Age_50+,2023-11-20
CAMP5207,CUST2459,Promotion,0,9.474700473112412,Age_36-50,2023-09-06
CAMP8407,CUST4424,Service Alert,1,7.2351026579046325,Age_26-35,2023-03-20
CAMP4941,CUST3297,Service Alert,1,4.234658091809457,Age_36-50,2023-11-05
CAMP7468,CUST5787,Promotion,1,3.7358033278014866,Age_50+,2023-09-16
CAMP1447,CUST8514,Promotion,1,2.9922284674423043,Age_18-25,2023-11-10
CAMP8247,CUST6641,Service Alert,1,2.472189704065943,Age_50+,2023-11-21
CAMP9132,CUST3671,Service Alert,1,4.032207478699384,Age_26-35,2023-02-16
CAMP6113,CUST3549,Service Alert,1,8.267756153281553,Age_26-35,2023-08-09
CAMP5305,CUST2228,Service Alert,1,1.6174943253766574,Age_50+,2023-02-19
CAMP5859,CUST5922,Service Alert,1,4.987532437315224,Age_18-25,2023-02-27
CAMP4821,CUST4772,Promotion,1,6.597880216292981,Age_26-35,2023-12-07
CAMP3150,CUST4895,Service Alert,0,5.765654457800659,Age_36-50,2023-11-25
CAMP9825,CUST9917,Service Alert,0,9.576872188677832,Age_18-25,2023-06-11
CAMP8121,CUST2676,Promotion,1,7.9217447874181826,Age_36-50,2023-11-17
CAMP6126,CUST7042,Service Alert,1,7.265690722165736,Age_50+,2023-04-20
CAMP2474,CUST8913,Promotion,0,8.024553729006707,Age_36-50,2023-06-19
CAMP2387,CUST8494,Promotion,1,3.648006025777018,Age_26-35,2023-08-07
CAMP8439,CUST1973,Promotion,1,4.353093331484398,Age_26-35,2023-06-02
CAMP7204,CUST9404,Promotion,1,9.877241863360215,Age_26-35,2023-07-25
CAMP4149,CUST3189,Promotion,1,8.656762288655317,Age_18-25,2023-10-30
CAMP4006,CUST1714,Service Alert,0,3.9031310583483894,Age_18-25,2023-12-23
CAMP5785,CUST8279,Service Alert,0,1.4802626451488656,Age_50+,2023-05-26
CAMP9468,CUST5382,Promotion,0,8.919901996760634,Age_50+,2023-01-05
CAMP9368,CUST6709,Service Alert,0,5.384824819714331,Age_26-35,2023-05-30
CAMP6253,CUST8505,Service Alert,1,6.285199309713023,Age_50+,2023-08-15
CAMP5297,CUST2366,Promotion,0,3.2247871115385305,Age_26-35,2023-02-21
CAMP3286,CUST2736,Promotion,1,1.6758400455878797,Age_26-35,2023-05-02
CAMP8735,CUST4397,Promotion,1,9.855650589263075,Age_36-50,2023-11-01
CAMP7860,CUST6410,Service Alert,1,4.336797511403389,Age_50+,2023-04-06
CAMP2124,CUST2281,Promotion,1,7.336642252565945,Age_26-35,2023-12-10
CAMP8070,CUST3567,Promotion,1,8.172783867908368,Age_50+,2023-11-25
CAMP9263,CUST9561,Service Alert,0,6.0107100745023745,Age_36-50,2023-06-16
CAMP1458,CUST1200,Promotion,0,5.569260325337539,Age_18-25,2023-09-24
CAMP1543,CUST2462,Service Alert,0,1.9413393770227332,Age_50+,2023-07-06
CAMP7543,CUST2902,Promotion,1,8.880483214051399,Age_36-50,2023-04-28
CAMP7431,CUST1339,Promotion,0,1.5177007695131914,Age_26-35,2023-12-20
CAMP3891,CUST3743,Promotion,1,5.642786616452059,Age_36-50,2023-09-27
CAMP5433,CUST7416,Service Alert,1,2.7449196051761997,Age_50+,2023-09-11
CAMP1327,CUST1574,Service Alert,0,3.0387668176749276,Age_18-25,2023-07-20
CAMP1281,CUST5890,Service Alert,0,3.3207342398869164,Age_26-35,2023-09-19
CAMP4375,CUST1034,Promotion,1,3.3254181275559715,Age_26-35,2023-09-15
CAMP6451,CUST8164,Promotion,1,9.389597275532136,Age_50+,2023-12-22
CAMP3053,CUST2976,Service Alert,0,3.784756914558377,Age_26-35,2023-03-30
CAMP6070,CUST4772,Promotion,1,6.239494124465192,Age_26-35,2023-05-29
CAMP9916,CUST6516,Promotion,1,4.866907562874082,Age_26-35,2023-12-15
CAMP2764,CUST5172,Service Alert,0,6.663642970786471,Age_26-35,2023-08-06
CAMP1524,CUST9621,Service Alert,0,3.019840063404993,Age_26-35,2023-06-04
CAMP3438,CUST6508,Promotion,0,1.1247048356205647,Age_36-50,2023-11-24
CAMP2086,CUST8505,Service Alert,1,1.2258609295299547,Age_18-25,2023-12-13
CAMP3100,CUST8489,Promotion,0,2.6165612817936093,Age_18-25,2023-03-21
CAMP6652,CUST3831,Service Alert,0,9.757686243980412,Age_18-25,2023-10-05
CAMP3106,CUST7558,Service Alert,0,1.6196486517409463,Age_36-50,2023-02-16
CAMP8748,CUST7598,Service Alert,1,5.438775605951187,Age_26-35,2023-10-26
CAMP4165,CUST8448,Service Alert,0,7.246861128801945,Age_36-50,2023-01-01
CAMP8046,CUST3856,Promotion,0,7.5776793989007265,Age_50+,2023-11-07
CAMP1061,CUST9546,Service Alert,1,4.3545098805780285,Age_26-35,2023-09-29
CAMP3583,CUST6333,Promotion,1,8.541640923252986,Age_50+,2023-08-26
CAMP6795,CUST7646,Service Alert,1,1.6865910606482248,Age_18-25,2023-11-26
CAMP9209,CUST8630,Service Alert,0,5.589194712921149,Age_26-35,2023-02-24
CAMP6325,CUST1670,Promotion,1,4.566425814633271,Age_50+,2023-02-08
CAMP5743,CUST2615,Promotion,1,3.218670982330319,Age_18-25,2023-04-24
CAMP7860,CUST9554,Service Alert,1,1.109083643360909,Age_18-25,2023-11-05
CAMP5402,CUST9401,Service Alert,0,6.731202598290691,Age_26-35,2023-10-09
CAMP4717,CUST4071,Promotion,1,6.901002836883615,Age_26-35,2023-07-18
CAMP6015,CUST8573,Promotion,1,1.0580868427261856,Age_50+,2023-09-10
CAMP9067,CUST9796,Promotion,0,2.093224282031836,Age_36-50,2023-05-16
CAMP8179,CUST4647,Promotion,0,7.9792411416259235,Age_18-25,2023-01-24
CAMP7470,CUST2013,Promotion,0,9.93483100356676,Age_18-25,2023-07-03
CAMP4447,CUST6594,Promotion,0,7.0243802584265085,Age_50+,2023-06-08
CAMP6134,CUST6138,Service Alert,1,3.5606788197569297,Age_50+,2023-09-02
CAMP1335,CUST4955,Service Alert,1,6.541541798777834,Age_50+,2023-03-25
CAMP1478,CUST8437,Promotion,1,8.393769931875353,Age_36-50,2023-05-02
CAMP8956,CUST1453,Promotion,1,6.994784422052116,Age_26-35,2023-11-25
CAMP3451,CUST9117,Promotion,0,8.053950725142053,Age_26-35,2023-05-04
CAMP4199,CUST4522,Service Alert,0,8.091947606690159,Age_50+,2023-07-24
CAMP2199,CUST6150,Service Alert,1,1.525335175078468,Age_26-35,2023-05-06
CAMP1159,CUST1563,Service Alert,0,9.808831516463174,Age_50+,2023-02-07
CAMP5353,CUST7135,Service Alert,1,8.769616314799652,Age_50+,2023-06-26
CAMP8721,CUST3540,Service Alert,0,6.396533681819002,Age_36-50,2023-08-16
CAMP3537,CUST9100,Promotion,0,1.7783766599542523,Age_50+,2023-04-12
CAMP8510,CUST4485,Promotion,0,9.774461255973836,Age_26-35,2023-06-11
CAMP1141,CUST3401,Service Alert,0,7.538181312108658,Age_26-35,2023-09-04
CAMP7452,CUST8576,Service Alert,0,8.86360443404701,Age_36-50,2023-02-03
CAMP5349,CUST5956,Service Alert,0,4.577744054713506,Age_18-25,2023-06-26
CAMP3251,CUST6929,Promotion,0,8.541402984325622,Age_50+,2023-09-05
CAMP2623,CUST2429,Service Alert,1,7.3898351479796185,Age_36-50,2023-08-18
CAMP2581,CUST2337,Service Alert,1,9.441881612579703,Age_26-35,2023-11-17
CAMP5502,CUST8950,Service Alert,1,5.521945337698273,Age_26-35,2023-01-14
CAMP4935,CUST3471,Service Alert,1,9.401364474759227,Age_26-35,2023-09-10
CAMP6940,CUST6580,Promotion,0,9.914026232640508,Age_36-50,2023-01-31
CAMP4429,CUST9923,Service Alert,1,4.0690823755920595,Age_26-35,2023-09-23
CAMP1846,CUST8996,Service Alert,0,2.0487297835422162,Age_36-50,2023-02-23
CAMP5844,CUST2131,Service Alert,0,8.739314461335617,Age_36-50,2023-02-05
CAMP5059,CUST4962,Service Alert,0,1.5659307190523881,Age_50+,2023-09-13
CAMP2137,CUST1827,Service Alert,0,9.047386885943608,Age_50+,2023-12-06
CAMP5095,CUST6290,Service Alert,0,7.435693695446202,Age_36-50,2023-11-05
CAMP4170,CUST1941,Service Alert,1,5.886711829898167,Age_50+,2023-02-12
CAMP1705,CUST7948,Service Alert,0,7.841230910836598,Age_18-25,2023-10-28
CAMP1747,CUST6960,Promotion,0,8.277587183608544,Age_18-25,2023-04-29
CAMP5952,CUST5676,Service Alert,0,3.2246187656123215,Age_50+,2023-11-05
CAMP8924,CUST8530,Promotion,1,7.792493467593185,Age_18-25,2023-08-26
CAMP3713,CUST7373,Promotion,0,8.338853048697914,Age_18-25,2023-05-08
CAMP3110,CUST8459,Service Alert,1,6.5128174386158655,Age_36-50,2023-11-18
CAMP5215,CUST1404,Service Alert,1,8.297034080192487,Age_18-25,2023-07-02
CAMP8637,CUST1129,Promotion,1,8.524356674292171,Age_18-25,2023-10-04
CAMP7596,CUST6804,Service Alert,0,9.540654561962084,Age_26-35,2023-09-11
CAMP7645,CUST3963,Promotion,0,8.994097035177795,Age_18-25,2023-11-06
CAMP3652,CUST1146,Promotion,1,8.252929992785923,Age_36-50,2023-02-08
CAMP9847,CUST1216,Promotion,0,8.859289446188773,Age_50+,2023-06-22
CAMP6566,CUST7936,Promotion,0,9.489360825074733,Age_18-25,2023-09-12
CAMP9385,CUST5769,Promotion,0,1.2304853938626028,Age_18-25,2023-12-26
CAMP7251,CUST8792,Service Alert,0,4.313303443218791,Age_50+,2023-12-06
CAMP5051,CUST5604,Promotion,1,6.224493844328842,Age_50+,2023-05-25
CAMP8210,CUST8561,Promotion,0,6.218336377792327,Age_36-50,2023-01-22
CAMP5430,CUST8718,Promotion,1,6.691164162192843,Age_26-35,2023-06-21
CAMP1934,CUST7489,Promotion,0,4.36993682829217,Age_50+,2023-07-27
CAMP8825,CUST8870,Service Alert,1,6.272762571654804,Age_50+,2023-10-27
CAMP1273,CUST8884,Promotion,0,7.268485552520612,Age_50+,2023-08-28
CAMP9759,CUST8620,Service Alert,0,6.587571840424054,Age_18-25,2023-10-01
CAMP3466,CUST1243,Service Alert,0,9.840407408777489,Age_26-35,2023-06-06
CAMP5639,CUST4498,Promotion,0,7.6887473296545,Age_50+,2023-10-10
CAMP3877,CUST8121,Service Alert,0,5.785681732777624,Age_26-35,2023-10-03
CAMP1268,CUST6245,Service Alert,1,1.7494153503112495,Age_18-25,2023-09-11
CAMP1515,CUST3749,Service Alert,0,5.394402816055386,Age_36-50,2023-10-31
CAMP9489,CUST1239,Promotion,1,1.470805763683766,Age_50+,2023-05-24
CAMP4060,CUST4782,Promotion,0,8.503085595152074,Age_50+,2023-05-05
CAMP9432,CUST6106,Service Alert,0,7.082776113032452,Age_36-50,2023-01-23
CAMP4879,CUST7821,Promotion,0,4.206444173495816,Age_36-50,2023-01-10
CAMP4974,CUST7317,Promotion,1,7.185945881591498,Age_36-50,2023-07-15
CAMP8545,CUST6693,Service Alert,1,6.803731287802936,Age_18-25,2023-08-03
CAMP4063,CUST3053,Service Alert,1,3.7913121237343366,Age_36-50,2023-10-16
CAMP5633,CUST6568,Service Alert,0,8.425506796434776,Age_50+,2023-02-16
CAMP3726,CUST3990,Promotion,1,3.697638907539416,Age_26-35,2023-11-12
CAMP9653,CUST3223,Promotion,0,1.2061484854968088,Age_18-25,2023-03-08
CAMP5268,CUST2978,Service Alert,0,7.858149399692174,Age_50+,2023-09-18
CAMP3030,CUST5752,Service Alert,1,1.0839797064154348,Age_26-35,2023-12-15
CAMP9579,CUST4457,Service Alert,1,9.34881668417263,Age_50+,2023-08-07
CAMP4656,CUST5297,Service Alert,1,5.5664152978493755,Age_18-25,2023-02-04
CAMP4866,CUST8460,Service Alert,1,6.7553286506488925,Age_18-25,2023-12-10
CAMP2783,CUST2888,Promotion,0,5.631791830748931,Age_26-35,2023-10-06
CAMP6636,CUST6839,Promotion,0,6.209068400048812,Age_36-50,2023-06-26
CAMP7770,CUST4200,Service Alert,0,5.436047780024465,Age_36-50,2023-03-18
CAMP9279,CUST1639,Promotion,1,2.4873850701094584,Age_36-50,2023-04-19
CAMP7083,CUST8450,Service Alert,0,5.703068581564795,Age_36-50,2023-09-22
CAMP5678,CUST8880,Service Alert,0,8.805590356465306,Age_36-50,2023-06-07
CAMP9485,CUST1703,Service Alert,1,7.20509355080226,Age_18-25,2023-06-29
CAMP5526,CUST1438,Service Alert,1,9.414941838001457,Age_26-35,2023-10-20
CAMP9977,CUST2902,Promotion,1,9.536514538577698,Age_50+,2023-05-21
CAMP7905,CUST7820,Service Alert,0,8.819481714285807,Age_36-50,2023-04-06
CAMP8407,CUST7949,Service Alert,0,5.15097558994831,Age_26-35,2023-10-28
CAMP6257,CUST3049,Service Alert,1,4.007428481101062,Age_26-35,2023-07-10
CAMP2323,CUST8547,Service Alert,0,1.3497374788304208,Age_26-35,2023-10-08
CAMP4056,CUST2421,Service Alert,0,5.320065002775373,Age_50+,2023-02-05
CAMP1738,CUST9210,Service Alert,1,4.23299115278879,Age_50+,2023-06-09
CAMP2970,CUST1353,Promotion,1,3.4661178352888427,Age_50+,2023-08-01
CAMP9216,CUST5614,Promotion,0,1.7664800170665436,Age_26-35,2023-04-11
CAMP1974,CUST7640,Promotion,1,7.177333706710574,Age_50+,2023-10-11
CAMP1125,CUST9906,Service Alert,1,5.085707794537661,Age_36-50,2023-11-02
CAMP8097,CUST4805,Service Alert,0,3.7421945904093734,Age_36-50,2023-10-26
CAMP1474,CUST4675,Service Alert,0,3.0905343567822534,Age_26-35,2023-06-08
CAMP8450,CUST2470,Promotion,1,5.226161316040554,Age_18-25,2023-09-03
CAMP4184,CUST8351,Service Alert,1,5.01895596752929,Age_18-25,2023-06-24
CAMP9165,CUST1857,Service Alert,0,1.9065529469715585,Age_50+,2023-01-22
CAMP4337,CUST7811,Service Alert,1,8.290790419288392,Age_50+,2023-12-28
CAMP5960,CUST7991,Service Alert,1,7.63974830448678,Age_18-25,2023-04-10
CAMP7635,CUST2938,Promotion,0,5.458332351862393,Age_26-35,2023-06-15
CAMP2933,CUST9713,Promotion,0,9.273344544939839,Age_36-50,2023-03-29
CAMP9767,CUST4676,Service Alert,1,4.378271113274643,Age_50+,2023-04-13
CAMP2854,CUST1517,Promotion,1,2.6797874258364853,Age_36-50,2023-06-24
CAMP4556,CUST7380,Service Alert,1,2.3565032259281935,Age_36-50,2023-09-11
CAMP6684,CUST7367,Service Alert,0,3.3591141591730134,Age_18-25,2023-11-11
CAMP7292,CUST3479,Promotion,1,1.342541712459651,Age_50+,2023-11-03
CAMP3259,CUST2403,Service Alert,0,3.1736573659533556,Age_26-35,2023-08-11
CAMP9005,CUST7626,Service Alert,0,8.133149170842044,Age_50+,2023-02-03
CAMP4943,CUST4213,Service Alert,1,3.2029392641411807,Age_50+,2023-07-06
CAMP3409,CUST5567,Promotion,0,5.647362454897033,Age_36-50,2023-08-08
CAMP3794,CUST2761,Promotion,1,4.326103985090264,Age_18-25,2023-08-11
CAMP6672,CUST3128,Service Alert,1,5.977279006311614,Age_26-35,2023-05-02
CAMP4111,CUST8076,Promotion,1,3.5759285213661185,Age_18-25,2023-03-30
CAMP5177,CUST6278,Promotion,0,6.096172802316268,Age_36-50,2023-03-28
CAMP1975,CUST1530,Promotion,1,3.2268623148447033,Age_18-25,2023-08-02
CAMP5431,CUST2377,Promotion,0,2.1667774099988493,Age_18-25,2023-04-08
CAMP2962,CUST3727,Service Alert,1,5.610804945394507,Age_18-25,2023-04-17
CAMP7837,CUST4190,Service Alert,1,9.079386242306075,Age_36-50,2023-10-19
CAMP3879,CUST5813,Promotion,0,3.2280806710150878,Age_26-35,2023-08-09
CAMP3508,CUST1923,Promotion,0,7.974175030000591,Age_50+,2023-11-20
CAMP3786,CUST1019,Service Alert,1,7.222281868829214,Age_18-25,2023-04-25
CAMP6818,CUST2472,Promotion,0,5.268582880137581,Age_26-35,2023-07-02
CAMP2219,CUST2804,Service Alert,1,8.662857616551385,Age_50+,2023-03-08
CAMP2567,CUST7379,Service Alert,1,6.154754633414489,Age_26-35,2023-07-16
CAMP4566,CUST7876,Service Alert,0,8.004233217670473,Age_26-35,2023-08-16
CAMP9221,CUST8937,Promotion,0,8.699306246698871,Age_50+,2023-06-24
CAMP3994,CUST7213,Promotion,1,4.109804801809986,Age_18-25,2023-08-31
CAMP7702,CUST1479,Service Alert,0,9.927184152200214,Age_18-25,2023-11-17
CAMP4479,CUST7750,Service Alert,0,5.470910467463328,Age_50+,2023-05-13
CAMP5086,CUST9437,Service Alert,1,4.576196902623364,Age_26-35,2023-04-09
CAMP7395,CUST3244,Promotion,0,3.805745834319799,Age_18-25,2023-04-24
CAMP2576,CUST4674,Service Alert,0,4.5932868207086255,Age_18-25,2023-12-28
CAMP5685,CUST5271,Promotion,1,4.6044412218921345,Age_26-35,2023-03-15
CAMP8018,CUST9333,Promotion,1,4.200156425183235,Age_26-35,2023-07-16
CAMP3826,CUST5036,Service Alert,0,7.540596023760304,Age_18-25,2023-06-18
CAMP6172,CUST4914,Promotion,0,7.216738405437559,Age_50+,2023-04-28
CAMP6743,CUST4979,Service Alert,0,8.341424891910883,Age_18-25,2023-11-10
CAMP2695,CUST9547,Service Alert,1,2.371983852817819,Age_26-35,2023-04-29
CAMP2197,CUST1409,Service Alert,1,6.551858119217943,Age_50+,2023-05-20
CAMP1419,CUST2668,Service Alert,1,6.830380856833065,Age_50+,2023-01-22
CAMP7380,CUST4449,Service Alert,0,2.3665615320401088,Age_26-35,2023-03-22
CAMP9262,CUST1433,Service Alert,0,5.183906939744789,Age_50+,2023-03-12
CAMP3824,CUST3633,Service Alert,0,2.793217153485852,Age_36-50,2023-07-10
CAMP8850,CUST1444,Promotion,0,4.104867639352216,Age_50+,2023-08-31
CAMP7881,CUST4781,Service Alert,0,5.4633176567120465,Age_18-25,2023-09-02
CAMP4467,CUST6610,Promotion,0,5.772653500112952,Age_36-50,2023-02-06
CAMP9674,CUST5737,Service Alert,0,4.21027878389321,Age_50+,2023-06-03
CAMP3146,CUST8012,Service Alert,1,9.518131914353164,Age_50+,2023-12-02
CAMP5414,CUST3493,Service Alert,1,3.021602629901789,Age_26-35,2023-07-17
CAMP1997,CUST6775,Promotion,0,1.7218666676714447,Age_18-25,2023-01-21
CAMP3233,CUST4240,Service Alert,1,2.4369992487686956,Age_18-25,2023-08-15
CAMP7018,CUST3760,Service Alert,0,8.796031706821985,Age_18-25,2023-04-08
CAMP2883,CUST5609,Service Alert,1,5.161500523847721,Age_26-35,2023-09-28
CAMP2266,CUST6150,Promotion,0,6.1622514926152645,Age_18-25,2023-08-11
CAMP4294,CUST1057,Service Alert,1,8.310595020320108,Age_50+,2023-09-02
CAMP3004,CUST9373,Promotion,1,1.7347569765240738,Age_36-50,2023-09-03
CAMP3463,CUST1172,Promotion,1,6.557317069921475,Age_50+,2023-04-26
CAMP5180,CUST6707,Promotion,1,5.883257054247799,Age_50+,2023-08-04
CAMP1281,CUST8289,Service Alert,0,1.280516461422755,Age_18-25,2023-05-16
CAMP2369,CUST8160,Service Alert,0,7.369861587663229,Age_18-25,2023-10-03
CAMP7272,CUST7282,Service Alert,1,3.908279384568732,Age_50+,2023-02-12
CAMP5442,CUST2992,Service Alert,1,2.2590063285939714,Age_18-25,2023-02-05
CAMP7769,CUST1503,Service Alert,1,7.4910010728000955,Age_36-50,2023-08-30
CAMP4103,CUST1046,Service Alert,0,2.037478068680393,Age_36-50,2023-09-14
CAMP8009,CUST8532,Promotion,1,7.300580013617887,Age_36-50,2023-07-18
CAMP5214,CUST8983,Promotion,0,4.9750786820076645,Age_18-25,2023-12-15
CAMP7562,CUST1730,Service Alert,0,8.850365037114397,Age_26-35,2023-05-14
CAMP4947,CUST5630,Service Alert,0,7.370686717031019,Age_50+,2023-10-26
CAMP3729,CUST9121,Promotion,0,7.3737931276031565,Age_50+,2023-06-13
CAMP6387,CUST3861,Promotion,1,2.4436075330301517,Age_36-50,2023-01-20
CAMP9354,CUST2056,Promotion,1,2.6959327778611133,Age_26-35,2023-02-15
CAMP8511,CUST5429,Promotion,0,1.591297450902303,Age_18-25,2023-11-23
CAMP7767,CUST2191,Promotion,1,5.0768507981423605,Age_26-35,2023-10-01
CAMP4005,CUST9588,Promotion,1,3.393990718586869,Age_36-50,2023-12-10
CAMP7937,CUST7785,Promotion,1,8.220250219921414,Age_18-25,2023-12-20
CAMP9720,CUST9181,Promotion,1,7.147041713635289,Age_26-35,2023-10-01
CAMP8820,CUST5662,Service Alert,0,4.961244931773621,Age_36-50,2023-04-05
CAMP5019,CUST7731,Promotion,1,3.962485133355225,Age_26-35,2023-01-07
CAMP6352,CUST8002,Service Alert,0,4.292490599102811,Age_50+,2023-07-31
CAMP6748,CUST8245,Service Alert,0,9.798065594187229,Age_50+,2023-03-09
CAMP5264,CUST4211,Service Alert,1,1.6499962040672775,Age_50+,2023-06-26
CAMP9783,CUST4710,Service Alert,0,3.4082074622838,Age_26-35,2023-01-22
CAMP9148,CUST4133,Service Alert,0,9.08781121914863,Age_18-25,2023-08-31
CAMP5620,CUST2320,Service Alert,1,5.483319988584894,Age_26-35,2023-08-14
CAMP5008,CUST7984,Promotion,1,4.864310608894536,Age_50+,2023-10-09
CAMP6326,CUST9584,Promotion,0,1.7739846882829444,Age_26-35,2023-01-14
CAMP2986,CUST2586,Service Alert,0,1.5000163711805894,Age_26-35,2023-10-11
CAMP2251,CUST9405,Promotion,0,8.133708025572181,Age_26-35,2023-06-23
CAMP4308,CUST6508,Promotion,0,9.630880080509858,Age_50+,2023-03-15
CAMP7991,CUST5502,Promotion,0,2.9919142590949397,Age_36-50,2023-05-02
CAMP8361,CUST3094,Promotion,0,5.527100629850485,Age_50+,2023-12-20
CAMP2136,CUST1059,Promotion,0,5.35209675922111,Age_18-25,2023-09-27
CAMP7611,CUST8093,Promotion,0,1.5623503546939632,Age_26-35,2023-05-23
CAMP7686,CUST7381,Promotion,1,2.6724945459733793,Age_26-35,2023-05-13
CAMP8595,CUST2288,Service Alert,1,3.067775596928737,Age_18-25,2023-01-26
CAMP1727,CUST5704,Promotion,1,2.9527014005492482,Age_50+,2023-09-18
CAMP6657,CUST8473,Service Alert,1,1.2988253539472188,Age_26-35,2023-03-20
CAMP9727,CUST3152,Promotion,1,9.126952971539467,Age_26-35,2023-05-20
CAMP4339,CUST8458,Promotion,1,8.575784639600709,Age_26-35,2023-09-29
CAMP4771,CUST1560,Promotion,1,9.55801057590898,Age_26-35,2023-05-23
CAMP2331,CUST1983,Service Alert,1,8.847531257729944,Age_18-25,2023-11-03
CAMP4643,CUST3958,Service Alert,1,4.4278211850970735,Age_18-25,2023-05-08
CAMP4811,CUST5441,Service Alert,1,9.645282957770279,Age_26-35,2023-01-28
CAMP3371,CUST5781,Service Alert,0,7.452515132424881,Age_36-50,2023-12-30
CAMP6426,CUST2857,Service Alert,0,7.642643434539387,Age_18-25,2023-07-31
CAMP7152,CUST2307,Service Alert,1,3.7724282753748897,Age_50+,2023-06-17
CAMP8069,CUST7544,Promotion,0,9.649376828013994,Age_18-25,2023-12-30
CAMP6106,CUST5977,Promotion,1,6.756697705340077,Age_18-25,2023-06-15
CAMP3960,CUST9141,Promotion,1,8.019675608428836,Age_50+,2023-06-14
CAMP6361,CUST9199,Promotion,1,6.842727060459404,Age_50+,2023-06-24
CAMP1367,CUST9952,Service Alert,1,2.063443566409716,Age_18-25,2023-08-09
CAMP5687,CUST3608,Service Alert,1,7.70150639474701,Age_18-25,2023-05-06
CAMP6199,CUST2797,Promotion,1,3.9536340754367534,Age_18-25,2023-11-07
CAMP8480,CUST9540,Promotion,0,5.926520618516576,Age_36-50,2023-01-30
CAMP1280,CUST8881,Promotion,1,9.023347650393955,Age_26-35,2023-11-17
CAMP4622,CUST8678,Service Alert,0,1.4651668358889607,Age_18-25,2023-09-22
CAMP6997,CUST2587,Promotion,1,3.98458969247611,Age_50+,2023-12-12
CAMP3984,CUST2016,Service Alert,0,1.9326989720357766,Age_26-35,2023-11-13
CAMP5222,CUST6010,Promotion,0,9.734607732135862,Age_18-25,2023-07-14
CAMP2930,CUST2044,Service Alert,0,1.1625121336970756,Age_26-35,2023-11-12
CAMP6014,CUST5082,Promotion,1,4.4049886817422,Age_18-25,2023-04-07
CAMP7097,CUST8366,Service Alert,0,4.287359298195192,Age_36-50,2023-01-30
CAMP5431,CUST2243,Promotion,1,1.7078489539335524,Age_18-25,2023-05-20
CAMP9202,CUST1956,Service Alert,1,9.42186252846327,Age_18-25,2023-10-07
CAMP8835,CUST1408,Service Alert,0,8.370593730491079,Age_18-25,2023-03-24
CAMP6871,CUST6443,Service Alert,0,7.9585178058560775,Age_36-50,2023-06-30
CAMP8832,CUST6323,Service Alert,0,1.747857078190575,Age_36-50,2023-08-26
CAMP5810,CUST5276,Service Alert,0,4.849152642986935,Age_26-35,2023-12-23
CAMP4388,CUST8815,Service Alert,0,5.151275841719899,Age_50+,2023-04-10
CAMP6405,CUST4818,Service Alert,1,9.361950114649527,Age_26-35,2023-02-22
CAMP6681,CUST4611,Promotion,1,9.929116942365887,Age_50+,2023-08-10
CAMP3872,CUST3810,Service Alert,1,7.557595036948413,Age_26-35,2023-12-22
CAMP1934,CUST3686,Promotion,1,8.608866726127886,Age_36-50,2023-12-17
CAMP2154,CUST3996,Promotion,1,4.215640011720206,Age_18-25,2023-06-09
CAMP8974,CUST6712,Service Alert,1,6.326475918467034,Age_26-35,2023-08-21
CAMP9961,CUST1362,Promotion,1,1.9597859244271596,Age_26-35,2023-05-23
CAMP5183,CUST1404,Service Alert,0,1.2932017091223789,Age_18-25,2023-10-24
CAMP7644,CUST8741,Promotion,0,5.32618739782926,Age_18-25,2023-10-31
CAMP9986,CUST4540,Service Alert,1,8.90101133910844,Age_26-35,2023-07-27
CAMP5466,CUST3146,Service Alert,1,8.7291196399733,Age_18-25,2023-01-05
CAMP1825,CUST9037,Service Alert,0,4.076470773978335,Age_36-50,2023-11-15
CAMP9109,CUST1611,Service Alert,1,9.851453318901006,Age_50+,2023-03-07
CAMP3583,CUST2246,Promotion,0,6.291296182410086,Age_36-50,2023-09-26
CAMP3123,CUST1702,Promotion,1,9.310300286265088,Age_36-50,2023-04-08
CAMP5013,CUST7810,Service Alert,1,1.3440789154941997,Age_36-50,2023-11-07
CAMP5522,CUST6713,Promotion,0,8.613134362468546,Age_18-25,2023-08-05
CAMP1054,CUST4265,Promotion,0,4.571895792256417,Age_18-25,2023-05-08
CAMP9373,CUST3001,Service Alert,1,3.740888808111895,Age_26-35,2023-01-22
CAMP4633,CUST6387,Promotion,1,9.346639367324633,Age_18-25,2023-03-21
CAMP5735,CUST2475,Promotion,1,5.27967974374352,Age_50+,2023-06-26
CAMP3770,CUST2566,Service Alert,1,3.852180294364246,Age_50+,2023-03-08
CAMP6158,CUST5930,Promotion,1,2.8621668165754044,Age_50+,2023-12-09
CAMP6725,CUST9742,Promotion,1,4.840868097917493,Age_18-25,2023-01-13
CAMP7722,CUST3646,Promotion,0,6.631414746572708,Age_18-25,2023-11-27
CAMP9481,CUST6151,Promotion,0,9.678950451560077,Age_26-35,2023-07-29
CAMP5703,CUST1650,Promotion,0,2.843418944236136,Age_50+,2023-02-02
CAMP9914,CUST3093,Service Alert,0,8.346159446485247,Age_26-35,2023-06-12
CAMP3573,CUST4907,Promotion,1,7.15795095515454,Age_18-25,2023-05-06
CAMP9341,CUST6236,Service Alert,1,3.7645788794883503,Age_26-35,2023-12-16
CAMP3095,CUST2942,Service Alert,0,9.586860924962387,Age_18-25,2023-05-22
CAMP8984,CUST1400,Service Alert,0,9.282125945317626,Age_18-25,2023-06-05
CAMP8628,CUST3397,Promotion,1,2.513815047832632,Age_36-50,2023-06-13
CAMP7614,CUST3973,Promotion,0,3.1686790386896204,Age_36-50,2023-07-18
CAMP1835,CUST3169,Service Alert,1,3.385574565994828,Age_18-25,2023-12-12
CAMP4874,CUST3148,Service Alert,0,6.7909735272831115,Age_36-50,2023-12-13
CAMP4310,CUST8624,Promotion,1,9.732574874859047,Age_26-35,2023-01-09
CAMP2577,CUST9076,Service Alert,1,7.382433380599053,Age_36-50,2023-06-18
CAMP9133,CUST5151,Promotion,0,1.5824802192356646,Age_26-35,2023-07-07
CAMP1188,CUST1739,Service Alert,1,4.881699399776617,Age_26-35,2023-02-24
CAMP7265,CUST6683,Service Alert,0,5.006585638944235,Age_26-35,2023-10-27
CAMP9220,CUST2240,Promotion,1,1.5397943889088124,Age_36-50,2023-07-24
CAMP8992,CUST1117,Promotion,1,5.208786238086985,Age_36-50,2023-03-06
CAMP6759,CUST2525,Promotion,1,7.926822027657932,Age_26-35,2023-04-18
CAMP1689,CUST9969,Service Alert,1,5.150380517167135,Age_36-50,2023-06-19
CAMP3557,CUST1289,Promotion,1,4.541659226231541,Age_50+,2023-10-27
CAMP7628,CUST5259,Promotion,1,9.608895319262999,Age_50+,2023-06-01
CAMP9155,CUST2704,Service Alert,1,3.2634907675090448,Age_18-25,2023-09-28
CAMP2440,CUST3920,Service Alert,1,6.969963988807711,Age_18-25,2023-04-28
CAMP7947,CUST1366,Promotion,0,7.597715603509675,Age_36-50,2023-12-06
CAMP1261,CUST5883,Service Alert,0,4.665827284804499,Age_36-50,2023-04-24
CAMP2325,CUST3960,Service Alert,1,6.438532388688049,Age_18-25,2023-09-25
CAMP5714,CUST9206,Service Alert,1,5.312592892515632,Age_50+,2023-10-09
CAMP9651,CUST7009,Service Alert,0,3.8620619240982608,Age_50+,2023-04-01
CAMP2055,CUST3870,Promotion,1,5.602174559775029,Age_18-25,2023-10-20
CAMP2081,CUST9065,Promotion,1,1.362223533719284,Age_26-35,2023-07-12
CAMP2426,CUST6979,Service Alert,0,5.645043419660039,Age_18-25,2023-06-23
CAMP6142,CUST5460,Promotion,1,3.1747252879363983,Age_18-25,2023-12-09
CAMP2921,CUST8614,Promotion,0,6.686405223973537,Age_26-35,2023-12-27
CAMP6181,CUST6577,Promotion,0,1.0885225493959139,Age_50+,2023-05-26
CAMP8541,CUST6713,Service Alert,0,6.171995491695858,Age_50+,2023-05-20
CAMP3180,CUST7944,Service Alert,0,5.179371914672952,Age_26-35,2023-12-15
CAMP7329,CUST5048,Promotion,1,4.028511450769187,Age_18-25,2023-12-11
CAMP9973,CUST3553,Promotion,1,3.9309599990452275,Age_18-25,2023-11-20
CAMP1707,CUST7572,Service Alert,0,3.5228523611276614,Age_36-50,2023-11-08
CAMP7574,CUST8513,Promotion,1,7.891449504453499,Age_18-25,2023-03-28
CAMP2781,CUST2224,Promotion,1,7.078441083949391,Age_18-25,2023-08-02
CAMP4969,CUST5199,Service Alert,0,7.677596924932029,Age_36-50,2023-08-23
CAMP6445,CUST6313,Promotion,1,7.348486172565484,Age_36-50,2023-02-17
CAMP9693,CUST7087,Promotion,0,3.80429663047037,Age_36-50,2023-12-07
CAMP3747,CUST3379,Promotion,0,5.077402753407284,Age_50+,2023-09-02
CAMP8263,CUST1990,Service Alert,1,1.6908493563106988,Age_50+,2023-03-04
CAMP2448,CUST2350,Promotion,1,6.001517105209077,Age_18-25,2023-08-29
CAMP5960,CUST6005,Promotion,0,5.932893429460983,Age_26-35,2023-06-03
CAMP1732,CUST3782,Promotion,1,4.427447050835596,Age_18-25,2023-07-13
CAMP5283,CUST5885,Service Alert,1,2.663395681578316,Age_26-35,2023-01-23
CAMP2603,CUST2650,Promotion,1,2.8804461944929907,Age_18-25,2023-10-01
CAMP8316,CUST4707,Promotion,0,4.796343557814346,Age_36-50,2023-06-06
CAMP9860,CUST8116,Promotion,1,1.9894051360271046,Age_18-25,2023-08-12
CAMP5824,CUST3562,Promotion,1,7.6743807678022105,Age_26-35,2023-03-19
CAMP4859,CUST7007,Service Alert,1,3.7803188010816275,Age_36-50,2023-05-25
CAMP5114,CUST9656,Service Alert,0,8.009292191195515,Age_18-25,2023-04-01
CAMP3299,CUST8383,Service Alert,0,1.2651781578360923,Age_18-25,2023-04-11
CAMP8762,CUST1980,Promotion,0,9.143686058693055,Age_50+,2023-08-13
CAMP6893,CUST1809,Promotion,0,9.589403997170617,Age_50+,2023-05-31
CAMP5436,CUST3228,Service Alert,0,7.641838585533164,Age_36-50,2023-07-02
CAMP8088,CUST9235,Service Alert,1,6.717429014146381,Age_26-35,2023-09-01
CAMP2720,CUST3914,Service Alert,1,1.1082571761208801,Age_18-25,2023-06-13
CAMP2406,CUST9785,Promotion,1,8.296944311516688,Age_18-25,2023-10-31
CAMP2975,CUST6289,Promotion,1,7.4800915243092625,Age_26-35,2023-08-05
CAMP2979,CUST2833,Promotion,1,7.140534881642179,Age_50+,2023-06-19
CAMP8893,CUST2567,Promotion,0,1.468970089375306,Age_36-50,2023-08-14
CAMP5121,CUST2907,Service Alert,0,5.610590560164155,Age_36-50,2023-09-20
CAMP7489,CUST3621,Service Alert,1,8.913322378219837,Age_18-25,2023-10-30
CAMP4937,CUST9059,Promotion,1,3.6246505707688725,Age_36-50,2023-06-20
CAMP8850,CUST2014,Service Alert,0,8.692362433187967,Age_26-35,2023-02-05
CAMP6014,CUST3945,Service Alert,1,2.0678281657470476,Age_18-25,2023-12-22
CAMP9044,CUST4907,Promotion,1,3.4193152091045698,Age_18-25,2023-12-02
CAMP7098,CUST4793,Service Alert,0,4.875243508036807,Age_18-25,2023-01-19
CAMP6349,CUST5582,Service Alert,1,5.4068844555586475,Age_26-35,2023-09-04
CAMP1820,CUST4856,Promotion,0,4.478188207078217,Age_26-35,2023-04-10
CAMP8775,CUST5171,Service Alert,1,2.620312566510406,Age_18-25,2023-08-27
CAMP8141,CUST9477,Service Alert,1,8.119366143766655,Age_18-25,2023-12-15
CAMP9662,CUST7776,Promotion,0,2.610270317825171,Age_26-35,2023-07-24
CAMP6009,CUST6898,Service Alert,1,9.392605997088868,Age_36-50,2023-11-14
CAMP4473,CUST1695,Service Alert,1,6.957360043468409,Age_50+,2023-11-07
CAMP5085,CUST4234,Service Alert,1,5.869784895763741,Age_18-25,2023-02-25
CAMP4681,CUST6040,Promotion,1,2.576617855988344,Age_26-35,2023-12-01
CAMP1379,CUST3906,Promotion,0,9.347416270179778,Age_36-50,2023-09-13
CAMP7431,CUST4379,Promotion,0,9.166695243352981,Age_18-25,2023-08-25
CAMP7842,CUST6523,Service Alert,1,5.745606612314816,Age_18-25,2023-03-01
CAMP4455,CUST7218,Promotion,1,8.14635022864115,Age_50+,2023-05-16
CAMP4702,CUST1859,Promotion,1,2.6480519955930752,Age_50+,2023-06-28
CAMP4854,CUST5550,Service Alert,1,7.704623633852026,Age_50+,2023-02-14
CAMP1404,CUST4757,Promotion,1,9.947541188126328,Age_18-25,2023-10-20
CAMP3279,CUST4486,Service Alert,0,5.243679355224736,Age_18-25,2023-12-09
CAMP8512,CUST4518,Promotion,0,6.306448296406677,Age_36-50,2023-01-31
CAMP8995,CUST6264,Promotion,0,7.243717496273184,Age_18-25,2023-04-12
CAMP6129,CUST4277,Promotion,0,4.824429128118364,Age_36-50,2023-09-14
CAMP3000,CUST2625,Promotion,1,5.871670065702063,Age_18-25,2023-02-28
CAMP2079,CUST7905,Promotion,1,6.454697697004525,Age_26-35,2023-07-17
CAMP2337,CUST4442,Promotion,1,5.600734953581,Age_18-25,2023-07-09
CAMP6651,CUST8727,Service Alert,0,9.417164160261663,Age_36-50,2023-03-10
CAMP9971,CUST5406,Promotion,1,8.89816928617915,Age_18-25,2023-02-20
CAMP2202,CUST9738,Service Alert,0,7.400290428297619,Age_18-25,2023-04-15
CAMP2696,CUST5319,Promotion,1,1.3532120693458833,Age_18-25,2023-02-03
CAMP8250,CUST6204,Promotion,0,6.2267673508359955,Age_26-35,2023-03-28
CAMP9422,CUST2379,Service Alert,1,7.550475724651498,Age_26-35,2023-10-16
CAMP1912,CUST3674,Promotion,1,7.629059188563995,Age_18-25,2023-06-02
CAMP6175,CUST2522,Promotion,1,6.887634629496812,Age_50+,2023-08-28
CAMP3588,CUST4726,Service Alert,1,8.260358046299764,Age_50+,2023-03-23
CAMP5684,CUST4140,Promotion,1,9.988397162084226,Age_36-50,2023-10-17
CAMP8138,CUST3346,Promotion,0,2.5276621243115844,Age_18-25,2023-01-25
CAMP9460,CUST4459,Service Alert,0,2.9820748869798313,Age_26-35,2023-10-12
CAMP3743,CUST6400,Service Alert,0,6.221444282630536,Age_26-35,2023-11-27
CAMP6326,CUST9482,Promotion,0,9.197244771259058,Age_26-35,2023-12-15
CAMP1944,CUST3542,Promotion,1,7.042853541373923,Age_18-25,2023-03-12
CAMP6692,CUST3958,Promotion,1,3.626193605955256,Age_50+,2023-10-10
CAMP5628,CUST5882,Service Alert,1,5.988700968705794,Age_36-50,2023-09-07
CAMP1013,CUST6807,Promotion,1,7.520765337094949,Age_26-35,2023-07-20
CAMP5061,CUST9009,Service Alert,1,8.73263432800731,Age_36-50,2023-10-25
CAMP8863,CUST2049,Service Alert,0,5.896886482317518,Age_26-35,2023-07-29
CAMP1782,CUST3305,Promotion,0,5.187319553988805,Age_26-35,2023-10-10
CAMP6170,CUST9663,Promotion,1,6.806146382049543,Age_36-50,2023-01-26
CAMP4149,CUST8274,Promotion,1,7.9986307654784365,Age_36-50,2023-11-30
CAMP3529,CUST5079,Promotion,0,3.019102376513226,Age_50+,2023-03-20
CAMP1373,CUST9097,Service Alert,1,2.877311657902307,Age_36-50,2023-12-17
CAMP3321,CUST4331,Service Alert,1,2.617946524616754,Age_26-35,2023-02-24
CAMP9668,CUST4064,Service Alert,0,8.41189590676813,Age_50+,2023-06-24
CAMP8679,CUST5055,Promotion,0,4.711107366669064,Age_36-50,2023-11-11
CAMP2938,CUST5537,Service Alert,0,9.618621886814912,Age_36-50,2023-04-24
CAMP3154,CUST2957,Promotion,0,8.93473030620909,Age_18-25,2023-06-05
CAMP5943,CUST2553,Service Alert,1,6.623756555209188,Age_18-25,2023-08-18
CAMP7105,CUST9548,Service Alert,0,3.4020519314166835,Age_50+,2023-08-12
CAMP5186,CUST9596,Promotion,0,6.482065687375142,Age_26-35,2023-07-26
CAMP5630,CUST5562,Service Alert,1,8.581685630410654,Age_50+,2023-06-06
CAMP1525,CUST6519,Promotion,0,1.6328364822680443,Age_18-25,2023-10-02
CAMP5116,CUST9219,Promotion,1,6.831261446479579,Age_36-50,2023-05-17
CAMP1216,CUST4416,Service Alert,0,6.859785319545905,Age_50+,2023-03-25
CAMP5693,CUST3969,Service Alert,1,7.33472406331966,Age_36-50,2023-05-07
CAMP5605,CUST8922,Promotion,0,1.5490293631041108,Age_26-35,2023-01-06
CAMP8188,CUST5912,Promotion,1,9.088780182096954,Age_26-35,2023-06-04
CAMP4331,CUST4521,Promotion,0,4.0731128797144285,Age_50+,2023-03-01
CAMP7238,CUST2470,Service Alert,0,5.976668127398751,Age_36-50,2023-04-10
CAMP8449,CUST9985,Service Alert,0,9.63102393533498,Age_26-35,2023-01-10
CAMP5753,CUST7733,Service Alert,0,6.060653867378013,Age_26-35,2023-10-19
CAMP5600,CUST7366,Promotion,1,5.670767424496911,Age_36-50,2023-12-09
CAMP5883,CUST3728,Promotion,1,7.324032189572572,Age_26-35,2023-06-05
CAMP3540,CUST3958,Service Alert,1,8.863601518119651,Age_50+,2023-07-27
CAMP7737,CUST1116,Promotion,1,1.861805645177236,Age_36-50,2023-06-26
CAMP8284,CUST3147,Service Alert,1,3.7095819301109323,Age_50+,2023-02-13
CAMP5370,CUST6402,Promotion,0,2.6487253132631,Age_36-50,2023-02-13
CAMP6053,CUST6035,Promotion,1,4.000746441408096,Age_18-25,2023-09-06
CAMP6390,CUST8534,Service Alert,0,4.276580491563114,Age_26-35,2023-03-25
CAMP8088,CUST5513,Service Alert,0,3.3362529174444058,Age_18-25,2023-11-06
CAMP5170,CUST6173,Service Alert,0,8.958109999864508,Age_18-25,2023-02-06
CAMP6915,CUST3904,Promotion,0,5.1802737287869185,Age_18-25,2023-06-16
CAMP2436,CUST8082,Service Alert,0,1.315993922148228,Age_50+,2023-02-23
CAMP5322,CUST2776,Service Alert,1,8.434443372795899,Age_50+,2023-09-19
CAMP1764,CUST9891,Promotion,0,9.521737138998018,Age_50+,2023-12-24
CAMP9280,CUST6352,Promotion,0,6.521927625157167,Age_36-50,2023-06-16
CAMP1436,CUST7308,Promotion,0,6.353039902584889,Age_50+,2023-04-16
CAMP1369,CUST9462,Service Alert,1,8.839095159140962,Age_36-50,2023-08-14
CAMP8806,CUST5996,Service Alert,1,1.4072089766240738,Age_50+,2023-03-02
CAMP9239,CUST1124,Promotion,1,6.813678310938922,Age_18-25,2023-05-01
CAMP5932,CUST6885,Service Alert,1,4.800213103879963,Age_36-50,2023-10-26
CAMP2860,CUST6155,Promotion,1,8.437761978475384,Age_50+,2023-08-18
CAMP9292,CUST9598,Promotion,1,9.311539173581746,Age_26-35,2023-11-25
CAMP1503,CUST7199,Promotion,1,5.9782148735588665,Age_36-50,2023-06-30
CAMP2899,CUST7659,Service Alert,0,6.4091778219862965,Age_26-35,2023-03-30
CAMP5663,CUST9343,Service Alert,1,3.8597616364647838,Age_18-25,2023-04-12
CAMP1688,CUST8885,Service Alert,0,9.102715639935823,Age_18-25,2023-08-16
CAMP1214,CUST6387,Service Alert,0,3.1951757226493878,Age_50+,2023-08-22
CAMP9887,CUST3474,Service Alert,1,5.076697904998071,Age_18-25,2023-06-23
CAMP3557,CUST5876,Promotion,0,1.3879468632149208,Age_50+,2023-06-11
CAMP7791,CUST6799,Promotion,0,9.609863850057572,Age_36-50,2023-04-23
CAMP2680,CUST5068,Service Alert,1,4.882966891249205,Age_36-50,2023-07-30
CAMP4155,CUST6784,Promotion,1,4.640544171019161,Age_50+,2023-02-05
CAMP3841,CUST5891,Promotion,1,2.460554752449717,Age_50+,2023-05-21
CAMP9963,CUST9610,Service Alert,0,5.705311450141117,Age_26-35,2023-02-04
CAMP4841,CUST8003,Promotion,0,4.762177157232301,Age_26-35,2023-09-24
CAMP1850,CUST2368,Promotion,1,9.305588225912942,Age_50+,2023-03-21
CAMP3131,CUST1087,Promotion,0,6.583280043369114,Age_18-25,2023-04-06
CAMP4089,CUST8539,Promotion,1,4.297529872984235,Age_50+,2023-06-24
CAMP9557,CUST8111,Service Alert,1,5.242372451323098,Age_50+,2023-08-15
CAMP4046,CUST3300,Promotion,1,2.2305433085910433,Age_26-35,2023-09-14
CAMP1814,CUST2993,Promotion,1,9.915036721539417,Age_36-50,2023-07-19
CAMP7316,CUST5432,Promotion,0,7.220940836651461,Age_18-25,2023-07-29
CAMP7856,CUST4348,Service Alert,1,5.7414024525617045,Age_36-50,2023-09-10
CAMP2341,CUST9310,Promotion,1,8.511744320171424,Age_18-25,2023-11-28
CAMP5215,CUST5577,Promotion,1,5.144966610377414,Age_26-35,2023-01-08
CAMP6338,CUST5043,Service Alert,1,6.690441510849749,Age_18-25,2023-03-01
CAMP3400,CUST8418,Promotion,1,9.642111272382254,Age_26-35,2023-06-22
CAMP4461,CUST1949,Service Alert,1,9.534597030423452,Age_36-50,2023-12-20
CAMP6071,CUST2696,Promotion,0,6.880138446877665,Age_18-25,2023-10-23
CAMP1603,CUST6276,Service Alert,0,7.041948977765947,Age_36-50,2023-05-19
CAMP4463,CUST9698,Service Alert,0,9.716550039534711,Age_18-25,2023-02-09
CAMP4325,CUST5590,Service Alert,1,4.29012528355346,Age_36-50,2023-08-02
CAMP9946,CUST8658,Promotion,0,6.745877210217658,Age_26-35,2023-06-04
CAMP3593,CUST3770,Service Alert,0,1.5082027564813452,Age_26-35,2023-10-06
CAMP9384,CUST8491,Promotion,1,5.564387986109087,Age_36-50,2023-07-02
CAMP1551,CUST3758,Promotion,0,9.53085916375142,Age_26-35,2023-09-26
CAMP6917,CUST2651,Service Alert,1,6.88978575834093,Age_50+,2023-10-29
CAMP7428,CUST1932,Service Alert,1,8.557625025473357,Age_50+,2023-09-15
CAMP1463,CUST6344,Promotion,1,7.210435786391824,Age_26-35,2023-06-08
CAMP9099,CUST7443,Service Alert,0,9.120726242182162,Age_50+,2023-04-25
CAMP5929,CUST9600,Promotion,0,4.618039408010138,Age_50+,2023-05-20
CAMP1134,CUST7226,Promotion,0,9.772436213490566,Age_26-35,2023-11-22
CAMP8351,CUST9176,Promotion,1,5.09813494720309,Age_50+,2023-09-16
CAMP4404,CUST6931,Promotion,1,8.092613748580039,Age_36-50,2023-10-22
CAMP7697,CUST8003,Service Alert,0,6.87924583747631,Age_50+,2023-06-07
CAMP6114,CUST5990,Promotion,1,9.04715069406721,Age_36-50,2023-12-12
CAMP6961,CUST2023,Promotion,1,5.5582006036832095,Age_18-25,2023-09-01
CAMP3418,CUST5810,Promotion,1,8.12428026873927,Age_50+,2023-09-03
CAMP9830,CUST7742,Promotion,0,1.3112280117906814,Age_50+,2023-01-28
CAMP8135,CUST9526,Promotion,0,5.1732249127514685,Age_18-25,2023-03-24
CAMP6610,CUST8364,Service Alert,1,6.755623089942215,Age_18-25,2023-04-30
CAMP5891,CUST2219,Promotion,0,1.9532256798994225,Age_36-50,2023-06-30
CAMP4955,CUST2556,Service Alert,1,6.133184335708247,Age_36-50,2023-05-07
CAMP1112,CUST7506,Promotion,1,7.682040993406655,Age_50+,2023-02-09
CAMP7762,CUST3736,Promotion,1,9.366528041596037,Age_36-50,2023-07-29
CAMP6385,CUST6717,Promotion,0,7.914317871371036,Age_36-50,2023-07-14
CAMP5833,CUST5321,Promotion,0,2.273581954428739,Age_18-25,2023-04-06
CAMP5821,CUST9098,Promotion,0,3.1101284847151565,Age_50+,2023-11-27
CAMP4900,CUST4209,Service Alert,0,2.9507155269006478,Age_36-50,2023-07-01
CAMP3220,CUST4137,Service Alert,0,5.943025563574976,Age_50+,2023-09-27
CAMP1209,CUST1819,Service Alert,1,8.410868365968835,Age_26-35,2023-02-06
CAMP3520,CUST9673,Service Alert,1,8.60150115582164,Age_36-50,2023-04-05
CAMP4199,CUST6703,Service Alert,0,7.905218613492959,Age_26-35,2023-08-01
CAMP8631,CUST3860,Service Alert,1,1.3507260243510495,Age_50+,2023-03-27
CAMP2149,CUST7727,Service Alert,0,4.498620722884665,Age_36-50,2023-10-30
CAMP7777,CUST8774,Promotion,1,2.352812499218528,Age_50+,2023-04-29
CAMP5541,CUST6265,Promotion,0,4.867114023923539,Age_18-25,2023-03-15
CAMP2399,CUST3561,Promotion,1,6.697286204984679,Age_18-25,2023-04-06
CAMP5283,CUST5060,Promotion,1,7.851130450980622,Age_26-35,2023-05-27
CAMP6173,CUST3602,Service Alert,1,5.519588677962048,Age_18-25,2023-12-30
CAMP1175,CUST3088,Promotion,0,4.579282394735069,Age_36-50,2023-03-28
CAMP9641,CUST7719,Promotion,1,3.7150381009344122,Age_18-25,2023-05-24
CAMP6987,CUST5312,Service Alert,0,6.338737128803078,Age_50+,2023-12-09
CAMP7947,CUST1538,Service Alert,0,8.469724642026737,Age_26-35,2023-01-01
CAMP7973,CUST1454,Promotion,1,5.010833518325631,Age_36-50,2023-04-30
CAMP2073,CUST3067,Promotion,1,6.056187319852971,Age_36-50,2023-06-11
CAMP1130,CUST6690,Service Alert,0,9.346060309864034,Age_50+,2023-08-16
CAMP9176,CUST3045,Promotion,1,6.508135000437764,Age_26-35,2023-01-21
CAMP4848,CUST1475,Service Alert,0,5.377327194478522,Age_26-35,2023-10-28
CAMP9571,CUST8913,Service Alert,0,6.100622411955596,Age_26-35,2023-06-03
CAMP1557,CUST3500,Service Alert,1,2.489451642453335,Age_36-50,2023-04-26
CAMP9816,CUST6616,Promotion,0,7.166664247588267,Age_50+,2023-05-20
CAMP6377,CUST7430,Promotion,1,5.0069414594635555,Age_36-50,2023-07-11
CAMP8851,CUST7476,Promotion,0,1.2457630196603882,Age_36-50,2023-08-23
CAMP9809,CUST6629,Service Alert,1,6.93760570288985,Age_50+,2023-09-10
CAMP7232,CUST1344,Service Alert,0,3.4808140023940024,Age_18-25,2023-05-24
CAMP2177,CUST2291,Promotion,0,1.5505772862728389,Age_50+,2023-02-19
CAMP6686,CUST4278,Promotion,1,6.133794108114871,Age_50+,2023-05-30
CAMP7621,CUST4110,Promotion,1,3.300270903991829,Age_18-25,2023-03-31
CAMP3870,CUST6339,Service Alert,1,8.073638604696065,Age_26-35,2023-02-07
CAMP3959,CUST5539,Service Alert,0,6.616404489985153,Age_18-25,2023-08-30
CAMP8229,CUST8912,Service Alert,0,8.817779812982256,Age_18-25,2023-08-28
CAMP2383,CUST2510,Service Alert,1,5.977946133401694,Age_36-50,2023-12-20
CAMP2724,CUST7407,Service Alert,0,2.283363353672302,Age_50+,2023-12-20
CAMP9369,CUST3667,Promotion,1,9.44836204414308,Age_36-50,2023-11-01
CAMP7976,CUST4222,Service Alert,0,7.3854599736208915,Age_50+,2023-06-02
CAMP8642,CUST5297,Promotion,1,6.422269157404234,Age_18-25,2023-07-02
CAMP9804,CUST9215,Promotion,1,5.334669911039127,Age_18-25,2023-04-23
CAMP7367,CUST5935,Service Alert,0,3.963940264405679,Age_18-25,2023-09-26
CAMP7530,CUST1300,Promotion,0,7.711807198786326,Age_50+,2023-06-03
CAMP2777,CUST9532,Promotion,0,2.5827960010200584,Age_18-25,2023-05-14
CAMP7289,CUST7028,Promotion,0,5.666166440915441,Age_26-35,2023-12-20
CAMP3373,CUST3283,Service Alert,1,9.71575205676178,Age_26-35,2023-10-30
CAMP2962,CUST6587,Service Alert,0,1.7739442437166664,Age_18-25,2023-08-23
CAMP7881,CUST3715,Promotion,1,7.409919595838507,Age_26-35,2023-10-21
CAMP3767,CUST2891,Service Alert,1,6.288266122433251,Age_26-35,2023-07-16
CAMP3062,CUST6428,Promotion,0,2.431959313839568,Age_26-35,2023-01-13
CAMP3748,CUST3516,Promotion,1,8.457223351352278,Age_50+,2023-07-20
CAMP7083,CUST1088,Promotion,0,4.732912243756395,Age_36-50,2023-01-11
CAMP5535,CUST3998,Promotion,0,4.901116815812269,Age_18-25,2023-03-25
CAMP5240,CUST6185,Service Alert,0,2.1154069701009863,Age_36-50,2023-02-19
CAMP7090,CUST7408,Promotion,1,2.6391190364591566,Age_36-50,2023-09-13
CAMP4235,CUST5518,Promotion,1,6.972053687890709,Age_26-35,2023-10-10
CAMP6748,CUST8982,Service Alert,0,3.079661997786819,Age_26-35,2023-05-09
CAMP8188,CUST8534,Service Alert,1,9.39128718563889,Age_36-50,2023-09-21
CAMP5099,CUST6805,Promotion,1,2.8660402124058275,Age_50+,2023-12-16
CAMP9674,CUST7207,Service Alert,0,7.262378873187238,Age_50+,2023-03-30
CAMP3929,CUST8906,Promotion,1,3.8960992241104853,Age_26-35,2023-01-16
CAMP3439,CUST5067,Promotion,1,4.346099963291848,Age_36-50,2023-03-02
CAMP3353,CUST7999,Service Alert,0,6.48440644802302,Age_50+,2023-10-07
CAMP5590,CUST3765,Service Alert,1,2.009607582643101,Age_36-50,2023-01-08
CAMP4789,CUST5979,Service Alert,0,1.00100159931731,Age_26-35,2023-03-04
CAMP1195,CUST7548,Promotion,0,6.49930264103803,Age_36-50,2023-10-09
CAMP1391,CUST9174,Promotion,0,7.373030358957401,Age_36-50,2023-06-20
CAMP4690,CUST8753,Service Alert,0,1.9287427836065465,Age_26-35,2023-05-19
CAMP8641,CUST4168,Promotion,0,3.5904991337825187,Age_18-25,2023-01-27
CAMP8907,CUST9086,Promotion,1,1.0101300439773073,Age_18-25,2023-07-21
CAMP8254,CUST7056,Promotion,0,6.073227590636512,Age_18-25,2023-02-12
CAMP5658,CUST4226,Service Alert,1,8.543104205094874,Age_18-25,2023-05-16
CAMP9939,CUST4077,Service Alert,0,9.349600099425913,Age_18-25,2023-11-05
CAMP1501,CUST1941,Service Alert,0,9.523278498768896,Age_50+,2023-03-16
CAMP4877,CUST2593,Promotion,1,8.976111505028928,Age_18-25,2023-12-12
CAMP9946,CUST5969,Promotion,0,4.400932232562583,Age_50+,2023-03-21
CAMP1011,CUST8808,Promotion,0,9.29112173084636,Age_26-35,2023-04-04
CAMP8371,CUST2036,Service Alert,0,5.608048146751446,Age_50+,2023-10-28
CAMP7544,CUST7055,Promotion,1,8.966707076093176,Age_26-35,2023-08-03
CAMP9264,CUST2975,Promotion,0,2.8515069952436125,Age_26-35,2023-09-24
CAMP9950,CUST7357,Promotion,1,4.216265762078406,Age_50+,2023-05-07
CAMP7664,CUST2176,Promotion,1,5.394443889754563,Age_50+,2023-09-15
CAMP6383,CUST6680,Service Alert,1,1.1298597343508479,Age_26-35,2023-06-30
CAMP1094,CUST2187,Service Alert,1,8.233174498381622,Age_36-50,2023-12-22
CAMP7656,CUST3834,Promotion,0,2.7667394729110093,Age_26-35,2023-01-02
CAMP1880,CUST2268,Service Alert,0,7.218126965900434,Age_26-35,2023-06-06
CAMP5961,CUST5566,Promotion,0,2.1578204180829315,Age_50+,2023-01-28
CAMP3758,CUST3633,Promotion,0,1.6451601822114528,Age_36-50,2023-07-16
CAMP7941,CUST5369,Promotion,1,4.682241932521345,Age_36-50,2023-07-18
CAMP9228,CUST2084,Promotion,0,4.696001534797376,Age_26-35,2023-06-23
CAMP2504,CUST3887,Promotion,0,4.7611812268614555,Age_26-35,2023-06-03
CAMP5555,CUST4322,Service Alert,0,1.2934002192269223,Age_26-35,2023-01-09
CAMP2828,CUST1173,Promotion,1,7.5913655215116425,Age_50+,2023-03-28
CAMP9542,CUST7999,Promotion,0,6.149402415038409,Age_50+,2023-12-09
CAMP5403,CUST5159,Promotion,1,8.994152102278075,Age_36-50,2023-01-23
CAMP5628,CUST3130,Service Alert,0,7.423197653209063,Age_18-25,2023-08-19
CAMP7475,CUST3242,Service Alert,0,2.2689857399442337,Age_26-35,2023-10-07
CAMP5162,CUST2066,Promotion,0,3.5728979492145228,Age_36-50,2023-02-12
CAMP2942,CUST6844,Service Alert,1,8.78384272980747,Age_26-35,2023-02-03
CAMP6874,CUST7214,Service Alert,0,3.179899188594029,Age_36-50,2023-03-25
CAMP7561,CUST1459,Service Alert,1,7.323173676597351,Age_26-35,2023-03-29
CAMP7023,CUST4839,Promotion,1,8.242877117596569,Age_18-25,2023-10-18
CAMP4892,CUST5544,Promotion,1,3.2063851658138676,Age_36-50,2023-06-12
CAMP9345,CUST8960,Promotion,1,2.857899636968605,Age_50+,2023-10-24
CAMP7792,CUST2680,Promotion,0,6.126877010224149,Age_18-25,2023-09-21
CAMP9048,CUST6883,Service Alert,1,9.284092284061003,Age_50+,2023-06-29
CAMP7896,CUST3515,Promotion,1,4.864318186564557,Age_50+,2023-10-31
CAMP1253,CUST1843,Promotion,0,9.602583360500663,Age_50+,2023-01-23
CAMP5675,CUST3903,Service Alert,1,5.9315510414789765,Age_26-35,2023-11-23
CAMP3882,CUST8951,Promotion,1,9.625471432916786,Age_18-25,2023-09-22
CAMP6415,CUST2901,Promotion,1,5.071852656392137,Age_36-50,2023-02-26
CAMP1145,CUST2378,Service Alert,0,5.513299884411884,Age_18-25,2023-12-17
CAMP8932,CUST7001,Promotion,1,2.917767467464896,Age_50+,2023-06-11
CAMP9826,CUST3733,Service Alert,1,1.5744770515121878,Age_26-35,2023-11-10
CAMP7128,CUST4570,Promotion,0,5.655672246667355,Age_18-25,2023-11-09
CAMP2932,CUST1537,Promotion,1,2.5521653317630566,Age_26-35,2023-10-04
CAMP4841,CUST1480,Service Alert,1,4.251706640429879,Age_36-50,2023-09-30
CAMP8286,CUST5128,Promotion,1,8.291898923618858,Age_36-50,2023-06-02
CAMP9147,CUST4436,Service Alert,1,8.170578336922176,Age_50+,2023-04-22
CAMP1314,CUST5093,Promotion,0,5.128568530172207,Age_26-35,2023-01-13
CAMP3354,CUST9395,Promotion,0,5.794846108803728,Age_18-25,2023-12-17
CAMP5828,CUST1827,Promotion,1,1.6594074607128648,Age_36-50,2023-11-21
CAMP4248,CUST3608,Service Alert,0,3.94524730254607,Age_36-50,2023-05-25
CAMP7175,CUST3373,Promotion,0,6.079424950426994,Age_36-50,2023-06-25
CAMP7408,CUST4415,Service Alert,0,4.14589996920809,Age_18-25,2023-08-22
CAMP1666,CUST1806,Promotion,1,4.736929894948609,Age_36-50,2023-06-11
CAMP7788,CUST1718,Promotion,1,8.577753041114036,Age_26-35,2023-11-03
CAMP5846,CUST1521,Promotion,0,5.833191873853309,Age_26-35,2023-01-02
CAMP5620,CUST4476,Promotion,1,6.108762243517525,Age_50+,2023-02-26
CAMP7591,CUST4535,Service Alert,0,1.1370012617864744,Age_36-50,2023-01-06
CAMP8641,CUST2651,Promotion,1,7.668262922742858,Age_18-25,2023-04-04
CAMP8002,CUST9740,Promotion,1,5.584864135910829,Age_36-50,2023-12-23
CAMP6276,CUST6596,Promotion,1,9.15090509699344,Age_50+,2023-08-10
CAMP3539,CUST1679,Promotion,1,4.509038983692056,Age_36-50,2023-06-23
CAMP5084,CUST2107,Service Alert,1,4.589996212551797,Age_36-50,2023-08-30
CAMP1010,CUST9804,Promotion,0,9.20251079334382,Age_18-25,2023-06-22
CAMP2104,CUST6564,Service Alert,0,6.877366317048637,Age_50+,2023-03-10
CAMP8751,CUST5987,Service Alert,0,2.1341965939834324,Age_18-25,2023-12-31
CAMP2595,CUST8988,Promotion,1,9.260928235872026,Age_36-50,2023-05-06
CAMP3586,CUST9400,Promotion,1,7.6195311337159,Age_26-35,2023-10-16
CAMP6886,CUST1575,Service Alert,1,4.260443830243558,Age_50+,2023-01-29
CAMP5322,CUST3657,Promotion,1,8.341420983492458,Age_18-25,2023-10-26
CAMP4949,CUST9659,Promotion,1,5.260756407898587,Age_50+,2023-05-15
CAMP3434,CUST7495,Service Alert,1,9.049381152298574,Age_36-50,2023-04-25
CAMP4233,CUST2881,Service Alert,1,8.853331639932529,Age_50+,2023-01-11
CAMP7027,CUST2277,Service Alert,1,9.105200761549117,Age_26-35,2023-06-11
CAMP5197,CUST5957,Service Alert,0,6.08032228017006,Age_18-25,2023-10-05
CAMP8060,CUST9270,Service Alert,1,6.049037428385958,Age_36-50,2023-05-22
CAMP6194,CUST1986,Promotion,1,1.1126042725904237,Age_36-50,2023-09-23
CAMP4052,CUST8770,Promotion,1,2.7638359993849155,Age_26-35,2023-04-20
CAMP7553,CUST3460,Service Alert,0,2.6913731384320556,Age_50+,2023-09-15
CAMP6584,CUST2354,Promotion,0,9.291858761495902,Age_36-50,2023-05-19
CAMP8822,CUST1402,Service Alert,0,6.41258608793363,Age_50+,2023-01-27
CAMP9875,CUST3366,Promotion,1,8.631866481118246,Age_18-25,2023-10-15
CAMP9457,CUST1706,Promotion,0,3.9758659479114646,Age_36-50,2023-11-28
CAMP4883,CUST3261,Service Alert,1,3.0534373169398172,Age_18-25,2023-03-09
CAMP5794,CUST5596,Promotion,0,4.9625540581434935,Age_18-25,2023-03-24
CAMP6567,CUST1727,Promotion,0,3.265721936687109,Age_50+,2023-08-01
CAMP9828,CUST2917,Service Alert,1,7.349539937689508,Age_36-50,2023-09-08
CAMP5706,CUST8498,Promotion,1,8.703934274927796,Age_50+,2023-04-20
CAMP4581,CUST3364,Promotion,1,2.7018186524816867,Age_50+,2023-04-22
CAMP2931,CUST1705,Service Alert,0,3.450162522386525,Age_26-35,2023-07-21
CAMP2612,CUST5438,Promotion,1,3.5316589221675803,Age_36-50,2023-02-11
CAMP4216,CUST8121,Service Alert,0,5.371837772701985,Age_50+,2023-08-13
CAMP6779,CUST9786,Promotion,1,7.80728051436035,Age_50+,2023-08-30
CAMP8950,CUST1625,Service Alert,1,9.437437661215638,Age_26-35,2023-11-20
CAMP9272,CUST4270,Promotion,0,3.8769888024354113,Age_18-25,2023-01-23
CAMP8241,CUST2223,Promotion,1,3.188266759286051,Age_18-25,2023-04-21
CAMP5524,CUST4358,Service Alert,1,8.515801377904694,Age_26-35,2023-01-05
CAMP5546,CUST5158,Service Alert,1,3.0951908433429653,Age_36-50,2023-01-23
CAMP4243,CUST3187,Service Alert,0,9.552744793169953,Age_18-25,2023-02-28
CAMP6545,CUST5860,Promotion,1,7.931911104567483,Age_50+,2023-11-11
CAMP7689,CUST5341,Service Alert,1,1.0533978726092577,Age_50+,2023-04-14
CAMP2831,CUST4473,Service Alert,1,7.379215643192478,Age_36-50,2023-12-22
CAMP8864,CUST4004,Promotion,1,5.872043490537779,Age_50+,2023-11-10
CAMP1972,CUST2745,Service Alert,0,6.69835294531304,Age_50+,2023-05-19
CAMP9053,CUST7649,Promotion,0,2.977020716157158,Age_18-25,2023-09-12
CAMP6121,CUST6294,Service Alert,0,8.651305344005898,Age_50+,2023-03-24
CAMP5027,CUST7437,Service Alert,1,2.9113198758058525,Age_18-25,2023-10-22
CAMP8173,CUST2536,Service Alert,0,6.565371296452205,Age_50+,2023-06-27
CAMP6070,CUST6533,Service Alert,0,6.193992776270107,Age_36-50,2023-11-29
CAMP6748,CUST2840,Service Alert,0,7.312741785159801,Age_50+,2023-01-28
CAMP6655,CUST6374,Promotion,0,8.256991162556869,Age_26-35,2023-05-12
CAMP9274,CUST4803,Promotion,0,3.384392929394673,Age_18-25,2023-01-10
CAMP3554,CUST6836,Service Alert,0,9.574956943976128,Age_18-25,2023-07-19
CAMP9968,CUST4464,Promotion,0,2.041001362667397,Age_18-25,2023-10-03
CAMP5728,CUST6357,Promotion,1,2.5449497661217166,Age_18-25,2023-08-05
CAMP7542,CUST7548,Service Alert,1,1.0516955888460369,Age_50+,2023-11-02
CAMP2630,CUST8790,Service Alert,1,3.930742917957372,Age_18-25,2023-04-05
CAMP7997,CUST6643,Service Alert,1,5.124117999798506,Age_50+,2023-12-17
CAMP9551,CUST5888,Service Alert,1,2.6362708250116853,Age_18-25,2023-12-20
CAMP5236,CUST5942,Service Alert,0,3.395830598150762,Age_18-25,2023-04-27
CAMP1929,CUST3561,Promotion,0,4.790039813576572,Age_36-50,2023-09-14
CAMP9105,CUST4936,Service Alert,0,4.938953260286536,Age_26-35,2023-01-02
CAMP1512,CUST7054,Promotion,1,1.7293977909957907,Age_18-25,2023-07-13
CAMP3753,CUST2532,Service Alert,0,7.3703308710127775,Age_26-35,2023-12-12
CAMP1022,CUST1863,Promotion,0,5.635414746410661,Age_26-35,2023-01-06
CAMP4193,CUST3213,Promotion,0,7.763926911409422,Age_36-50,2023-03-24
CAMP2876,CUST7303,Promotion,1,4.87574842115462,Age_50+,2023-02-01
CAMP8676,CUST2360,Service Alert,0,8.766825335530758,Age_18-25,2023-09-10
CAMP2320,CUST8789,Service Alert,1,4.407207874228026,Age_50+,2023-11-21
CAMP7163,CUST3935,Promotion,1,2.510035481679578,Age_18-25,2023-08-27
CAMP2082,CUST5256,Promotion,1,2.088077187312467,Age_18-25,2023-01-16
CAMP1422,CUST3253,Promotion,1,5.477479881499213,Age_26-35,2023-09-20
CAMP2155,CUST1712,Service Alert,1,4.7877223636539386,Age_18-25,2023-05-13
CAMP7795,CUST5186,Promotion,1,7.145579432576607,Age_50+,2023-09-01
CAMP6558,CUST3100,Service Alert,0,6.056733353500101,Age_36-50,2023-10-18
CAMP3820,CUST7049,Promotion,1,2.00725685505335,Age_18-25,2023-03-03
CAMP7053,CUST7195,Service Alert,0,1.4235811981135145,Age_26-35,2023-03-26
CAMP2801,CUST8793,Promotion,1,6.681207023769796,Age_36-50,2023-12-29
CAMP2471,CUST8380,Service Alert,0,6.2356115678971165,Age_18-25,2023-12-09
CAMP4741,CUST6062,Service Alert,0,5.906649224468406,Age_26-35,2023-06-19
CAMP7696,CUST3437,Promotion,0,7.318092087538308,Age_50+,2023-05-02
CAMP8249,CUST2186,Service Alert,1,5.280892488824756,Age_36-50,2023-10-21
CAMP3158,CUST4530,Service Alert,1,2.947448764122539,Age_36-50,2023-04-28
CAMP6076,CUST4772,Service Alert,0,4.525868338544241,Age_18-25,2023-09-12
CAMP7150,CUST2911,Promotion,1,4.673595248476168,Age_26-35,2023-02-14
CAMP4279,CUST3053,Service Alert,0,4.528145485670104,Age_36-50,2023-08-10
CAMP8804,CUST2386,Service Alert,1,2.5272082469503707,Age_18-25,2023-02-10
CAMP8420,CUST7294,Promotion,0,5.817087744461015,Age_36-50,2023-10-11
CAMP8366,CUST4602,Service Alert,1,8.116644074684949,Age_18-25,2023-03-19
CAMP1973,CUST9856,Service Alert,0,7.959640333354264,Age_36-50,2023-04-03
CAMP3641,CUST7210,Service Alert,0,8.118014595886622,Age_50+,2023-10-10
CAMP6401,CUST8259,Promotion,0,9.69580617799149,Age_36-50,2023-12-22
CAMP3778,CUST3911,Promotion,0,5.432600999307091,Age_18-25,2023-12-02
CAMP3559,CUST6283,Promotion,1,6.6487047984363565,Age_36-50,2023-04-03
CAMP6764,CUST4154,Promotion,0,8.954385709409362,Age_50+,2023-11-12
CAMP7158,CUST7200,Service Alert,0,4.973451120705103,Age_36-50,2023-12-15
CAMP3863,CUST3468,Service Alert,1,2.1774275243387087,Age_50+,2023-07-11
CAMP1754,CUST9507,Service Alert,1,4.119954662837149,Age_36-50,2023-04-20
CAMP6760,CUST8547,Promotion,1,6.721214042715504,Age_36-50,2023-10-25
CAMP8869,CUST9283,Service Alert,0,1.790459874356513,Age_18-25,2023-02-20
CAMP5967,CUST9409,Promotion,1,2.7220908406244337,Age_18-25,2023-09-30
CAMP7924,CUST5850,Promotion,1,6.457757477389947,Age_50+,2023-09-25
CAMP9952,CUST7434,Promotion,0,5.997476147292945,Age_36-50,2023-11-21
CAMP2464,CUST3199,Service Alert,0,9.741838251435064,Age_26-35,2023-06-20
CAMP2454,CUST7055,Promotion,1,6.723485709988715,Age_50+,2023-12-19
CAMP9173,CUST3988,Service Alert,1,2.739250946912064,Age_26-35,2023-07-25
CAMP1921,CUST6133,Service Alert,0,9.177098456875298,Age_36-50,2023-07-17
CAMP8472,CUST5155,Service Alert,0,4.015093583251662,Age_36-50,2023-01-13
CAMP2003,CUST1828,Service Alert,0,1.774955307294167,Age_18-25,2023-07-31
CAMP3410,CUST8624,Service Alert,0,3.6373280699506,Age_26-35,2023-02-02
CAMP4088,CUST8089,Service Alert,0,8.414390111404007,Age_18-25,2023-01-14
CAMP3868,CUST3856,Service Alert,1,7.153458629003984,Age_18-25,2023-10-26
CAMP8052,CUST7151,Promotion,0,8.14347960509416,Age_50+,2023-04-03
CAMP8281,CUST7818,Service Alert,0,6.6179222718790145,Age_18-25,2023-02-27
CAMP3859,CUST1387,Promotion,1,7.6043558699691625,Age_18-25,2023-09-26
CAMP6119,CUST5333,Promotion,0,8.199867832761402,Age_18-25,2023-06-16
CAMP6661,CUST1111,Service Alert,1,7.2050028406556965,Age_50+,2023-08-29
CAMP7743,CUST3730,Promotion,1,9.21689612409017,Age_50+,2023-08-29
CAMP6131,CUST1482,Service Alert,1,2.334348679634287,Age_50+,2023-01-10
CAMP6253,CUST3883,Promotion,0,1.119035307202231,Age_36-50,2023-09-23
CAMP5287,CUST9161,Service Alert,0,3.335499082746633,Age_26-35,2023-04-21
CAMP9237,CUST6630,Service Alert,1,5.105659286972442,Age_18-25,2023-12-26
CAMP7927,CUST6613,Service Alert,0,8.272040572630877,Age_18-25,2023-07-27
CAMP9542,CUST3087,Promotion,0,3.9692773536270423,Age_50+,2023-07-21
CAMP4179,CUST8242,Service Alert,1,5.3215389525318395,Age_26-35,2023-12-03
CAMP4892,CUST5789,Promotion,0,7.6203140324678955,Age_50+,2023-07-19
CAMP4845,CUST7549,Service Alert,0,8.897417373901598,Age_50+,2023-10-18
CAMP9449,CUST3699,Promotion,0,8.360383176681166,Age_18-25,2023-03-07
CAMP6324,CUST7897,Promotion,0,8.46925287872684,Age_26-35,2023-02-12
CAMP2093,CUST5543,Service Alert,1,3.1121575724036346,Age_26-35,2023-02-09
CAMP4312,CUST7631,Service Alert,1,3.060275932682854,Age_26-35,2023-06-21
CAMP4917,CUST6725,Service Alert,0,9.32301783926678,Age_18-25,2023-08-17
CAMP9364,CUST2506,Service Alert,0,2.3543274471222513,Age_26-35,2023-03-26
CAMP2887,CUST6227,Service Alert,0,5.374181072373827,Age_50+,2023-07-19
CAMP8783,CUST8933,Promotion,0,1.1301519496404953,Age_18-25,2023-11-25
CAMP9181,CUST3281,Promotion,1,9.668536990801542,Age_36-50,2023-07-20
CAMP4088,CUST7410,Promotion,0,7.907473535972684,Age_26-35,2023-10-05
CAMP6637,CUST2884,Service Alert,1,2.6783040201350063,Age_36-50,2023-12-09
CAMP4397,CUST7666,Promotion,0,6.428995138451676,Age_18-25,2023-10-31
CAMP1307,CUST6473,Promotion,0,4.681386296275345,Age_18-25,2023-02-09
CAMP5046,CUST9676,Service Alert,1,7.805252765195352,Age_50+,2023-09-22
CAMP8726,CUST7782,Service Alert,0,5.6200021420674675,Age_18-25,2023-12-08
CAMP8614,CUST6088,Promotion,1,6.175107135774302,Age_50+,2023-07-29
CAMP7768,CUST1577,Promotion,1,9.300305029213924,Age_26-35,2023-09-01
CAMP4632,CUST6182,Service Alert,0,8.565145219539014,Age_18-25,2023-10-05
CAMP6027,CUST7051,Promotion,1,7.474781024790914,Age_50+,2023-07-07
CAMP5068,CUST5479,Service Alert,1,1.111517827647758,Age_50+,2023-07-07
CAMP1766,CUST3048,Service Alert,1,9.727935034669052,Age_36-50,2023-02-15
CAMP8997,CUST2286,Service Alert,0,1.936504763039505,Age_50+,2023-10-14
CAMP9125,CUST6228,Promotion,1,9.104064666046062,Age_26-35,2023-06-21
CAMP3488,CUST4487,Promotion,1,8.70385950531179,Age_36-50,2023-04-16
CAMP3110,CUST3838,Service Alert,0,3.8655128357719857,Age_18-25,2023-06-14
CAMP1504,CUST9077,Promotion,1,4.4744230765438395,Age_36-50,2023-06-11
CAMP3173,CUST7021,Promotion,0,4.1935315011926635,Age_26-35,2023-02-11
CAMP9095,CUST4743,Promotion,1,4.959370063558452,Age_36-50,2023-06-25
CAMP5444,CUST2161,Service Alert,0,7.146623838574285,Age_36-50,2023-10-08
CAMP2514,CUST4498,Promotion,0,4.557310391798952,Age_36-50,2023-12-11
CAMP2220,CUST9872,Service Alert,0,5.862058350368688,Age_26-35,2023-09-29
CAMP5796,CUST1752,Service Alert,0,3.733405447854556,Age_50+,2023-11-28
CAMP6746,CUST3545,Promotion,0,3.9703538961854212,Age_36-50,2023-03-17
CAMP6157,CUST4263,Promotion,1,1.9170894302439045,Age_26-35,2023-05-25
CAMP7773,CUST6397,Promotion,1,3.7431686013362304,Age_18-25,2023-02-25
CAMP3288,CUST4800,Promotion,1,4.532699659538559,Age_36-50,2023-07-29
CAMP4656,CUST9785,Promotion,1,6.107507072168767,Age_50+,2023-02-13
CAMP2121,CUST1969,Promotion,0,8.582104699451074,Age_50+,2023-09-13
CAMP5349,CUST4441,Promotion,1,3.091560821302793,Age_26-35,2023-08-12
CAMP4050,CUST4152,Promotion,1,5.583324180613812,Age_26-35,2023-08-01
CAMP7433,CUST4166,Service Alert,1,1.2141834847037318,Age_18-25,2023-04-17
CAMP3330,CUST9870,Service Alert,1,6.733124058850052,Age_36-50,2023-04-14
CAMP9788,CUST3571,Promotion,0,4.749890857654197,Age_36-50,2023-07-18
CAMP5469,CUST2845,Promotion,1,3.636747087108634,Age_50+,2023-12-05
CAMP7337,CUST6309,Service Alert,0,6.241285314316029,Age_36-50,2023-09-02
CAMP4014,CUST3233,Service Alert,0,3.846025573687919,Age_26-35,2023-07-11
CAMP2046,CUST7491,Service Alert,0,7.55720470369878,Age_36-50,2023-05-15
CAMP2287,CUST6933,Service Alert,0,1.0900652553050996,Age_50+,2023-05-01
CAMP3687,CUST2220,Service Alert,0,5.3319025663023645,Age_26-35,2023-03-02
CAMP2378,CUST9024,Service Alert,1,9.334651796079726,Age_26-35,2023-10-29
CAMP6955,CUST9118,Promotion,1,6.4948852259455085,Age_50+,2023-04-29
CAMP2894,CUST3918,Promotion,1,6.189868111602119,Age_26-35,2023-06-08
CAMP5667,CUST7992,Promotion,1,4.321796784754563,Age_26-35,2023-08-09
CAMP1078,CUST1372,Service Alert,0,3.0947633502386296,Age_50+,2023-12-11
CAMP8791,CUST6551,Service Alert,0,3.8161947101161884,Age_26-35,2023-05-08
CAMP6695,CUST9630,Service Alert,0,7.2091904441198285,Age_36-50,2023-07-12
CAMP2668,CUST3341,Promotion,0,1.49308756355529,Age_26-35,2023-03-18
CAMP1065,CUST4639,Promotion,0,7.948770847888678,Age_26-35,2023-07-30
CAMP6139,CUST6876,Service Alert,0,5.2112251443524,Age_18-25,2023-11-12
CAMP6661,CUST9082,Promotion,0,1.4931544042772762,Age_50+,2023-03-12
CAMP1340,CUST2924,Promotion,0,3.468566286551834,Age_50+,2023-09-01
CAMP7291,CUST4082,Promotion,1,3.74548002303332,Age_18-25,2023-03-30
CAMP2466,CUST3274,Service Alert,0,9.615635826319371,Age_50+,2023-01-03
CAMP4335,CUST6045,Service Alert,0,3.3628222126942093,Age_36-50,2023-06-07
CAMP6333,CUST3062,Service Alert,0,8.446460142048707,Age_26-35,2023-07-22
CAMP3810,CUST3517,Promotion,0,1.051290392426215,Age_50+,2023-03-09
CAMP7257,CUST7329,Promotion,1,3.637004376911764,Age_50+,2023-12-14
CAMP5982,CUST6460,Promotion,0,6.326297930004868,Age_26-35,2023-03-28
CAMP3223,CUST7669,Service Alert,0,3.5351838990623956,Age_50+,2023-11-04
CAMP8728,CUST6109,Promotion,0,3.9918011361326826,Age_26-35,2023-07-08
CAMP2108,CUST3320,Promotion,1,9.909335987966859,Age_18-25,2023-07-22
CAMP2992,CUST9159,Promotion,0,8.100641877713262,Age_50+,2023-10-03
CAMP9285,CUST3913,Promotion,0,6.607433176621895,Age_36-50,2023-05-07
CAMP2675,CUST9237,Promotion,0,1.1605867836364405,Age_36-50,2023-08-08
CAMP6082,CUST3010,Promotion,1,1.5717326602179376,Age_36-50,2023-07-27
CAMP8837,CUST1603,Service Alert,1,6.3061773217990496,Age_36-50,2023-03-28
CAMP1309,CUST2386,Service Alert,0,9.443628460261586,Age_50+,2023-12-21
CAMP2200,CUST7701,Service Alert,1,3.3596919156203784,Age_26-35,2023-08-30
CAMP5084,CUST7871,Promotion,0,6.02314895569122,Age_18-25,2023-01-05
CAMP4487,CUST9618,Service Alert,1,2.0714020602482037,Age_36-50,2023-10-24
CAMP9200,CUST2902,Service Alert,0,6.891059640873885,Age_26-35,2023-05-26
CAMP3221,CUST4776,Promotion,1,3.758538393474364,Age_18-25,2023-07-10
CAMP7267,CUST3671,Service Alert,0,5.924938064410497,Age_50+,2023-01-20
CAMP2493,CUST4128,Service Alert,1,8.981075692024705,Age_18-25,2023-09-04
CAMP3938,CUST3263,Service Alert,0,3.1352346935349074,Age_18-25,2023-09-02
CAMP2908,CUST6116,Service Alert,1,5.2433580277249,Age_36-50,2023-01-28
CAMP5214,CUST5601,Promotion,0,1.1006243193414302,Age_36-50,2023-04-28
CAMP1943,CUST4297,Promotion,1,3.0625272798522847,Age_26-35,2023-08-06
CAMP3796,CUST3684,Promotion,0,3.0041555355976346,Age_26-35,2023-10-02
CAMP1245,CUST3288,Service Alert,1,2.034034446415186,Age_18-25,2023-02-01
CAMP3654,CUST7301,Service Alert,0,3.8439806279397994,Age_26-35,2023-09-04
CAMP2815,CUST4232,Promotion,1,1.0044233130522344,Age_50+,2023-10-04
CAMP6486,CUST6179,Promotion,1,9.521641143411665,Age_18-25,2023-03-07
CAMP1093,CUST1293,Promotion,0,9.63190704565025,Age_36-50,2023-04-13
CAMP7437,CUST1169,Promotion,1,5.330705935196406,Age_26-35,2023-02-14
CAMP3813,CUST8359,Service Alert,1,8.957026463124876,Age_36-50,2023-09-26
CAMP1628,CUST2762,Service Alert,1,2.261560332641115,Age_26-35,2023-09-30
CAMP8329,CUST4785,Promotion,0,3.0647572465147155,Age_36-50,2023-06-27
CAMP8553,CUST9871,Service Alert,0,9.756480830362158,Age_26-35,2023-11-02
CAMP7646,CUST1717,Service Alert,1,2.132100304799787,Age_26-35,2023-09-08
CAMP2607,CUST9413,Service Alert,1,8.579259041737082,Age_26-35,2023-08-19
CAMP9379,CUST8900,Service Alert,1,5.2844411799684625,Age_18-25,2023-09-06
CAMP5630,CUST7873,Service Alert,1,5.106782935280334,Age_50+,2023-06-06
CAMP5060,CUST9937,Promotion,0,9.53239297682937,Age_26-35,2023-02-23
CAMP5494,CUST5222,Service Alert,0,3.10281394225044,Age_18-25,2023-01-22
CAMP8134,CUST2234,Service Alert,1,5.36168124152421,Age_50+,2023-06-16
CAMP1350,CUST5819,Promotion,0,8.858266265950295,Age_26-35,2023-10-20
CAMP3431,CUST7012,Service Alert,0,9.50138402472514,Age_26-35,2023-03-02
CAMP4380,CUST3678,Service Alert,0,4.543518374708685,Age_18-25,2023-04-11
CAMP3966,CUST8970,Promotion,0,9.297964722417479,Age_26-35,2023-02-08
CAMP2823,CUST7514,Promotion,1,4.43905924274817,Age_36-50,2023-10-10
CAMP9781,CUST6026,Service Alert,0,1.5026158718592453,Age_26-35,2023-05-23
CAMP1446,CUST6078,Promotion,0,4.939533844204779,Age_50+,2023-04-22
CAMP3827,CUST8108,Service Alert,1,4.124284990521295,Age_26-35,2023-07-07
CAMP7686,CUST1135,Service Alert,0,2.0845844529028494,Age_50+,2023-09-29
CAMP8030,CUST9378,Promotion,0,4.191841887462538,Age_50+,2023-06-15
CAMP2635,CUST6537,Service Alert,1,3.6608083086425993,Age_36-50,2023-10-15
CAMP1973,CUST9101,Service Alert,1,2.318852916123033,Age_18-25,2023-06-21
CAMP7356,CUST9077,Service Alert,1,5.914167613893997,Age_36-50,2023-01-10
CAMP7894,CUST8115,Promotion,1,9.538374355832104,Age_36-50,2023-05-09
CAMP7195,CUST6145,Promotion,1,5.479182804021279,Age_50+,2023-11-06
CAMP6860,CUST1392,Service Alert,0,6.222932630562464,Age_26-35,2023-01-20
CAMP7155,CUST5732,Service Alert,1,3.9874197671504144,Age_26-35,2023-08-19
CAMP1458,CUST8151,Promotion,1,1.4524390983852746,Age_36-50,2023-11-26
CAMP8684,CUST9343,Promotion,0,2.9538039392310265,Age_50+,2023-08-09
CAMP8494,CUST9342,Service Alert,1,7.190280106097229,Age_18-25,2023-02-04
CAMP3080,CUST1870,Service Alert,1,9.394956586076779,Age_50+,2023-01-26
CAMP5506,CUST3692,Service Alert,1,4.1746055078523865,Age_26-35,2023-01-12
CAMP8435,CUST2609,Service Alert,1,3.2008435403442435,Age_18-25,2023-03-03
CAMP8479,CUST7578,Promotion,1,7.151929088033683,Age_50+,2023-03-15
CAMP2689,CUST5424,Promotion,1,4.748350561784101,Age_50+,2023-08-05
CAMP9032,CUST2434,Promotion,0,2.226297862060653,Age_50+,2023-10-16
CAMP4550,CUST1030,Service Alert,0,9.33982701108171,Age_18-25,2023-10-02
CAMP7342,CUST9810,Promotion,0,1.675815265718776,Age_18-25,2023-08-07
CAMP6642,CUST8727,Service Alert,0,3.7995680648767367,Age_36-50,2023-03-01
CAMP7517,CUST6510,Promotion,0,1.0418904645721734,Age_50+,2023-09-06
CAMP7101,CUST2164,Promotion,1,3.3296481734946264,Age_50+,2023-01-21
CAMP9036,CUST3192,Service Alert,0,3.9068786333563663,Age_50+,2023-01-03
CAMP2192,CUST1768,Service Alert,1,5.587659783954986,Age_26-35,2023-11-03
CAMP1331,CUST7228,Promotion,1,6.704381299224874,Age_26-35,2023-11-21
CAMP4355,CUST5826,Promotion,1,5.687795156957863,Age_18-25,2023-05-04
CAMP6297,CUST4603,Service Alert,0,4.1008973350822435,Age_50+,2023-07-07
CAMP2855,CUST3373,Service Alert,1,7.940457570689223,Age_26-35,2023-10-22
CAMP2361,CUST3540,Service Alert,0,7.639006649702987,Age_18-25,2023-09-30
CAMP1426,CUST8181,Service Alert,0,5.993131250002333,Age_18-25,2023-10-27
CAMP8309,CUST4718,Service Alert,0,1.2525175050267707,Age_36-50,2023-03-09
CAMP4788,CUST6295,Promotion,1,2.44138122635259,Age_50+,2023-04-19
CAMP1767,CUST7517,Promotion,0,2.457903832933016,Age_18-25,2023-09-30
CAMP4925,CUST6342,Promotion,1,6.64501884602714,Age_36-50,2023-09-03
CAMP8885,CUST9357,Service Alert,1,7.487855074644732,Age_18-25,2023-05-16
CAMP6989,CUST6174,Service Alert,1,6.484561905740685,Age_26-35,2023-11-07
CAMP8602,CUST8570,Promotion,0,3.6706708554794574,Age_18-25,2023-08-15
CAMP3547,CUST6222,Service Alert,0,3.207727883379743,Age_50+,2023-12-27
CAMP8867,CUST4255,Service Alert,1,5.590861216618668,Age_50+,2023-12-22
CAMP6037,CUST1989,Service Alert,1,7.972869725726881,Age_50+,2023-02-12
CAMP7762,CUST1375,Promotion,0,4.679587453073843,Age_26-35,2023-10-14
CAMP3452,CUST6074,Promotion,1,9.002862250935188,Age_18-25,2023-03-30
CAMP9709,CUST8219,Service Alert,1,6.853238067727521,Age_36-50,2023-08-17
CAMP4040,CUST5347,Service Alert,0,2.2102315509121095,Age_18-25,2023-01-31
CAMP9619,CUST3671,Promotion,1,2.692740507696404,Age_50+,2023-01-15
CAMP2552,CUST2974,Service Alert,1,8.121772763448387,Age_18-25,2023-01-10
CAMP4125,CUST6734,Promotion,1,3.2026372776363647,Age_26-35,2023-12-30
CAMP9301,CUST2975,Service Alert,0,7.274088883656037,Age_26-35,2023-07-01
CAMP9728,CUST4617,Service Alert,1,4.626673194729951,Age_26-35,2023-06-21
CAMP2760,CUST6397,Promotion,0,9.51004160820005,Age_36-50,2023-03-07
CAMP7930,CUST5844,Service Alert,0,7.951873740830117,Age_50+,2023-04-01
CAMP4186,CUST7249,Service Alert,1,3.6106533594893895,Age_36-50,2023-08-27
CAMP6688,CUST6936,Service Alert,0,2.4543351093485715,Age_18-25,2023-06-16
CAMP7514,CUST1101,Promotion,0,9.383698175646622,Age_36-50,2023-09-27
CAMP6138,CUST9830,Promotion,0,1.9945742702340543,Age_50+,2023-08-13
CAMP4507,CUST3782,Promotion,0,9.869481345693634,Age_18-25,2023-07-20
CAMP1826,CUST8456,Promotion,1,2.4253368453220663,Age_36-50,2023-12-20
CAMP3096,CUST7165,Service Alert,0,7.853263468984955,Age_36-50,2023-04-06
CAMP2217,CUST1910,Promotion,0,8.463550993374099,Age_18-25,2023-03-16
CAMP7389,CUST8055,Service Alert,1,1.8568371357355802,Age_18-25,2023-08-08
CAMP4800,CUST1315,Promotion,0,6.498136936536826,Age_18-25,2023-05-29
CAMP6411,CUST6493,Promotion,0,4.64595314529629,Age_50+,2023-10-31
CAMP5177,CUST3042,Promotion,0,3.141877658571719,Age_50+,2023-12-27
CAMP3973,CUST2064,Promotion,0,9.916899644474734,Age_50+,2023-09-04
CAMP1365,CUST4721,Service Alert,1,8.592874895743392,Age_36-50,2023-12-02
CAMP9406,CUST6676,Service Alert,1,5.723332272142591,Age_18-25,2023-09-29
CAMP1747,CUST9808,Promotion,1,8.4430612938994,Age_26-35,2023-04-11
CAMP1974,CUST2264,Service Alert,1,5.2173288245385905,Age_50+,2023-10-17
CAMP5211,CUST9797,Promotion,0,2.506149953300206,Age_18-25,2023-03-20
CAMP1263,CUST7722,Promotion,1,6.473428155222391,Age_50+,2023-12-16
CAMP9192,CUST3524,Service Alert,0,9.917945645392884,Age_36-50,2023-01-30
CAMP5240,CUST6023,Service Alert,0,6.403748268029338,Age_18-25,2023-11-20
CAMP2235,CUST5795,Service Alert,0,1.5731732354964958,Age_18-25,2023-06-05
CAMP5379,CUST2807,Service Alert,0,7.456934442693186,Age_18-25,2023-05-26
CAMP9123,CUST9384,Service Alert,0,2.9038547488581083,Age_18-25,2023-01-14
CAMP5045,CUST1255,Promotion,1,2.169376108495566,Age_26-35,2023-01-11
CAMP5035,CUST3162,Promotion,1,6.099800661305181,Age_18-25,2023-02-11
CAMP7868,CUST9253,Service Alert,1,3.392557834049352,Age_26-35,2023-02-15
CAMP9487,CUST9634,Promotion,0,1.9399982205766204,Age_36-50,2023-09-15
CAMP9588,CUST8657,Promotion,1,9.901585447633293,Age_36-50,2023-08-17
CAMP2413,CUST5150,Service Alert,0,3.571993732747705,Age_26-35,2023-05-13
CAMP8365,CUST9231,Promotion,1,3.339686195645135,Age_18-25,2023-07-14
CAMP7623,CUST2563,Promotion,0,6.733530235969791,Age_18-25,2023-06-29
CAMP8184,CUST5317,Service Alert,0,1.9397742701560632,Age_50+,2023-11-09
