ServiceID,CustomerID,ServiceType,StartDate,Status
S001,C001,TV,2024-05-12,Active
S002,C002,TV,2023-03-25,Active
S003,C003,Broadband,2022-11-06,Active
S004,C004,Broadband,2023-06-13,Active
S005,C005,Broadband,2023-03-31,Active
S006,C006,Broadband,2023-08-03,Active
S007,C007,Mobile,2024-07-16,Active
S008,C008,TV,2023-03-14,Active
S009,C009,Broadband,2023-08-01,Active
S010,C010,Broadband,2023-07-11,Active
S011,C011,Broadband,2023-09-08,Active
S012,C012,Mobile,2022-12-05,Active
S013,C013,Mobile,2023-04-03,Active
S014,C014,TV,2023-08-03,Active
S015,C015,Broadband,2024-06-10,Active
S016,C016,Mobile,2023-12-20,Active
S017,C017,Broadband,2024-06-22,Active
S018,C018,Mobile,2023-10-23,Active
S019,C019,Broadband,2024-05-30,Active
S020,C020,Broadband,2023-10-18,Active
S021,C021,Mobile,2022-09-08,Active
S022,C022,Mobile,2023-09-25,Active
S023,C023,Broadband,2023-03-02,Active
S024,C024,TV,2023-02-23,Active
S025,C025,TV,2024-05-30,Active
S026,C026,TV,2024-07-13,Active
S027,C027,Mobile,2023-01-07,Active
S028,C028,TV,2023-09-03,Active
S029,C029,Mobile,2024-08-03,Active
S030,C030,TV,2024-08-13,Active
S031,C031,Mobile,2023-12-06,Active
S032,C032,Mobile,2022-12-29,Active
S033,C033,Mobile,2023-04-23,Active
S034,C034,Broadband,2023-01-01,Active
S035,C035,Mobile,2023-09-27,Active
S036,C036,TV,2022-12-15,Active
S037,C037,TV,2022-10-16,Active
S038,C038,Mobile,2023-09-14,Active
S039,C039,Broadband,2024-04-26,Active
S040,C040,Mobile,2024-08-04,Active
S041,C041,Broadband,2022-09-15,Active
S042,C042,Broadband,2023-03-19,Active
S043,C043,Broadband,2023-01-02,Active
S044,C044,Broadband,2024-05-03,Active
S045,C045,Broadband,2022-09-15,Active
S046,C046,TV,2024-06-06,Active
S047,C047,TV,2023-07-22,Active
S048,C048,Mobile,2023-03-29,Active
S049,C049,Broadband,2023-12-11,Active
S050,C050,Mobile,2022-12-08,Active
S051,C051,Mobile,2023-09-22,Active
S052,C052,TV,2024-01-15,Active
S053,C053,TV,2023-02-26,Active
S054,C054,Broadband,2023-03-08,Active
S055,C055,Broadband,2022-12-16,Active
S056,C056,Mobile,2022-12-18,Active
S057,C057,Mobile,2024-04-15,Active
S058,C058,Broadband,2023-06-10,Active
S059,C059,Mobile,2024-08-07,Active
S060,C060,Broadband,2023-12-31,Active
S061,C061,Mobile,2023-09-02,Active
S062,C062,TV,2024-05-17,Active
S063,C063,Mobile,2024-06-24,Active
S064,C064,Mobile,2023-12-22,Active
S065,C065,Broadband,2023-02-16,Active
S066,C066,TV,2023-05-22,Active
S067,C067,Mobile,2023-01-27,Active
S068,C068,Mobile,2024-08-06,Active
S069,C069,Mobile,2023-04-14,Active
S070,C070,Mobile,2023-12-13,Active
S071,C071,TV,2023-11-20,Active
S072,C072,TV,2023-07-25,Active
S073,C073,Broadband,2023-11-25,Active
S074,C074,Mobile,2024-07-18,Active
S075,C075,TV,2024-08-02,Active
S076,C076,Mobile,2022-11-18,Active
S077,C077,TV,2023-07-21,Active
S078,C078,Mobile,2023-07-24,Active
S079,C079,Mobile,2023-06-29,Active
S080,C080,Broadband,2023-03-20,Active
S081,C081,TV,2023-04-28,Active
S082,C082,TV,2022-11-27,Active
S083,C083,TV,2023-09-29,Active
S084,C084,Broadband,2023-03-30,Active
S085,C085,TV,2023-08-04,Active
S086,C086,Broadband,2022-10-24,Active
S087,C087,Broadband,2024-08-19,Active
S088,C088,Mobile,2023-06-20,Active
S089,C089,Broadband,2022-12-04,Active
S090,C090,Broadband,2024-04-07,Active
S091,C091,Broadband,2023-05-14,Active
S092,C092,Mobile,2023-11-11,Active
S093,C093,Broadband,2022-11-19,Active
S094,C094,TV,2022-11-03,Active
S095,C095,TV,2023-07-16,Active
S096,C096,Mobile,2022-09-27,Active
S097,C097,Broadband,2024-08-24,Active
S098,C098,Broadband,2024-07-14,Active
S099,C099,TV,2023-10-21,Active
S100,C100,TV,2022-10-23,Active
